bullpen_matchup,bvp_context,confidence,edge_pct,estimated_fair_probability,fair_odds,game,implied_probability,label,last_update,lineup_spot,lineup_status,market_odds_status,odds,park_weather_impact,pitch_type_matchup,player,rank,recent_form,required_recheck,season_tb_profile,short_reason,source,split_vs_handedness,statcast_contact_quality,tb_line,team,unit_size
10.0,unavailable/not used; BvP is supporting only,7.5,12.63,0.55,-122,LAD@STL,0.423729,LEAN,2026-05-01,7,official_mlb_schedule,valid,+136,62F / 6 mph wind / 1% precip / open-air; roof not applicable,favorable,Max Muncy,1,"{""avg"": 0.38095238095238093, ""games"": 12, ""hr_rate"": 0.10416666666666667, ""ops"": 1.2916666666666667, ""pa"": 48, ""slg"": 0.8333333333333334, ""tb_rate"": 0.7291666666666666}","price, lineup, starter, weather, bullpen",0.594 TB/AB,"Positive edge, but final card requires late price and lineup recheck.",rotowire_props_two_way,unavailable,xSLG 0.592; hard-hit 53.4%,1.5,LAD,0.0
10.0,unavailable/not used; BvP is supporting only,5.0,12.48,0.284823,+251,AZ@CHC,0.16,LEAN,2026-05-01,3,official_mlb_schedule,valid,+525,44F / 10 mph wind / 5% precip / open-air; roof not applicable,neutral,Alex Bregman,2,"{""avg"": 0.28, ""games"": 13, ""hr_rate"": 0.01694915254237288, ""ops"": 0.7928813559322034, ""pa"": 59, ""slg"": 0.42, ""tb_rate"": 0.3559322033898305}",game already started or completed,0.375 TB/AB,Confidence cap prevents a BET label.,rotowire_props_two_way,unavailable,xSLG 0.413; hard-hit 45.2%,2.5,CHC,0.0
10.0,unavailable/not used; BvP is supporting only,5.0,9.24,0.324995,+208,AZ@CHC,0.232558,LEAN,2026-05-01,7,official_mlb_schedule,valid,+330,44F / 10 mph wind / 5% precip / open-air; roof not applicable,neutral,Carson Kelly,3,"{""avg"": 0.26666666666666666, ""games"": 8, ""hr_rate"": 0.030303030303030304, ""ops"": 0.7030303030303031, ""pa"": 33, ""slg"": 0.4, ""tb_rate"": 0.36363636363636365}",game already started or completed,0.449 TB/AB,Confidence cap prevents a BET label.,rotowire_props_two_way,unavailable,xSLG 0.454; hard-hit 50.0%,2.5,CHC,0.0
10.0,unavailable/not used; BvP is supporting only,7.5,8.97,0.489693,+104,MIL@WSH,0.4,LEAN,2026-05-01,1,official_mlb_schedule,valid,+150,67F / 10 mph wind / 1% precip / open-air; roof not applicable,favorable,James Wood,4,"{""avg"": 0.20454545454545456, ""games"": 13, ""hr_rate"": 0.08064516129032258, ""ops"": 0.9875366568914956, ""pa"": 62, ""slg"": 0.5681818181818182, ""tb_rate"": 0.4032258064516129}","price, lineup, starter, weather, bullpen",0.541 TB/AB,"Positive edge, but final card requires late price and lineup recheck.",rotowire_props_two_way,unavailable,xSLG 0.620; hard-hit 63.9%,1.5,WSH,0.0
10.0,unavailable/not used; BvP is supporting only,7.5,8.2,0.547128,-121,BAL@NYY,0.465116,LEAN,2026-05-01,2,official_mlb_schedule,valid,+115,58F / 10 mph wind / 2% precip / open-air; roof not applicable,favorable,Ben Rice,5,"{""avg"": 0.32558139534883723, ""games"": 12, ""hr_rate"": 0.09615384615384616, ""ops"": 1.1247763864042932, ""pa"": 52, ""slg"": 0.7209302325581395, ""tb_rate"": 0.5961538461538461}","price, lineup, starter, weather, bullpen",0.714 TB/AB,"Positive edge, but final card requires late price and lineup recheck.",rotowire_props_two_way,unavailable,xSLG 0.617; hard-hit 60.9%,1.5,NYY,0.0
4.33,unavailable/not used; BvP is supporting only,7.5,6.26,0.493667,+103,PHI@MIA,0.431034,LEAN,2026-05-01,1,official_mlb_schedule,valid,+132,81F / 12 mph wind / 0% precip / retractable roof; status unverified,neutral,Kyle Schwarber,6,"{""avg"": 0.22916666666666666, ""games"": 13, ""hr_rate"": 0.08333333333333333, ""ops"": 1.0125, ""pa"": 60, ""slg"": 0.6458333333333334, ""tb_rate"": 0.5166666666666667}","price, lineup, starter, weather, bullpen",0.595 TB/AB,"Positive edge, but final card requires late price and lineup recheck.",rotowire_props_two_way,unavailable,xSLG 0.542; hard-hit 50.7%,1.5,PHI,0.0
10.0,unavailable/not used; BvP is supporting only,7.5,6.01,0.412246,+143,CIN@PIT,0.352113,LEAN,2026-05-01,7,official_mlb_schedule,valid,+184,49F / 11 mph wind / 59% precip / open-air; roof not applicable,favorable,JJ Bleday,7,"{""avg"": 0.3333333333333333, ""games"": 3, ""hr_rate"": 0.1111111111111111, ""ops"": 1.3888888888888888, ""pa"": 9, ""slg"": 0.8333333333333334, ""tb_rate"": 0.5555555555555556}","price, lineup, starter, weather, bullpen",0.833 TB/AB,"Positive edge, but final card requires late price and lineup recheck.",rotowire_props_two_way,unavailable,xSLG ; hard-hit %,1.5,CIN,0.0
3.4,unavailable/not used; BvP is supporting only,7.5,5.13,0.421703,+137,TEX@DET,0.37037,LEAN,2026-05-01,5,official_mlb_schedule,valid,+170,48F / 8 mph wind / 6% precip / open-air; roof not applicable,favorable,Riley Greene,8,"{""avg"": 0.32558139534883723, ""games"": 13, ""hr_rate"": 0.05660377358490566, ""ops"": 1.0342255375164546, ""pa"": 53, ""slg"": 0.5813953488372093, ""tb_rate"": 0.4716981132075472}","price, lineup, starter, weather, bullpen",0.460 TB/AB,"Positive edge, but final card requires late price and lineup recheck.",rotowire_props_two_way,unavailable,xSLG 0.543; hard-hit 50.0%,1.5,DET,0.0
3.4,unavailable/not used; BvP is supporting only,7.5,2.63,0.396712,+152,TEX@DET,0.37037,LEAN,2026-05-01,7,official_mlb_schedule,valid,+170,48F / 8 mph wind / 6% precip / open-air; roof not applicable,favorable,Spencer Torkelson,9,"{""avg"": 0.2391304347826087, ""games"": 13, ""hr_rate"": 0.09803921568627451, ""ops"": 0.9441602728047741, ""pa"": 51, ""slg"": 0.6304347826086957, ""tb_rate"": 0.5686274509803921}","price, lineup, starter, weather, bullpen",0.436 TB/AB,Small positive edge; not enough to clear final-card threshold.,rotowire_props_two_way,unavailable,xSLG 0.495; hard-hit 47.8%,1.5,DET,0.0
10.0,unavailable/not used; BvP is supporting only,7.5,2.52,0.364156,+175,KC@SEA,0.338983,LEAN,2026-05-01,7,official_mlb_schedule,valid,+195,64F / 7 mph wind / 3% precip / retractable roof; status unverified,neutral,Cole Young,10,"{""avg"": 0.3953488372093023, ""games"": 12, ""hr_rate"": 0.020833333333333332, ""ops"": 0.928294573643411, ""pa"": 48, ""slg"": 0.5116279069767442, ""tb_rate"": 0.4583333333333333}","price, lineup, starter, weather, bullpen",0.420 TB/AB,Small positive edge; not enough to clear final-card threshold.,rotowire_props_two_way,unavailable,xSLG 0.460; hard-hit 40.7%,1.5,SEA,0.0
9.74,unavailable/not used; BvP is supporting only,7.5,2.34,0.461992,+116,TEX@DET,0.438596,LEAN,2026-05-01,4,official_mlb_schedule,valid,+128,48F / 8 mph wind / 6% precip / open-air; roof not applicable,favorable,Josh Jung,11,"{""avg"": 0.38636363636363635, ""games"": 12, ""hr_rate"": 0.058823529411764705, ""ops"": 1.1813725490196079, ""pa"": 51, ""slg"": 0.75, ""tb_rate"": 0.6470588235294118}","price, lineup, starter, weather, bullpen",0.545 TB/AB,Small positive edge; not enough to clear final-card threshold.,rotowire_props_two_way,unavailable,xSLG 0.470; hard-hit 53.0%,1.5,TEX,0.0
10.0,unavailable/not used; BvP is supporting only,7.5,2.1,0.544767,-120,BAL@NYY,0.52381,LEAN,2026-05-01,3,official_mlb_schedule,valid,-110,58F / 10 mph wind / 2% precip / open-air; roof not applicable,favorable,Aaron Judge,12,"{""avg"": 0.28205128205128205, ""games"": 12, ""hr_rate"": 0.07547169811320754, ""ops"": 1.119496855345912, ""pa"": 53, ""slg"": 0.6666666666666666, ""tb_rate"": 0.49056603773584906}","price, lineup, starter, weather, bullpen",0.622 TB/AB,Small positive edge; not enough to clear final-card threshold.,rotowire_props_two_way,unavailable,xSLG 0.685; hard-hit 54.1%,1.5,NYY,0.0
5.88,unavailable/not used; BvP is supporting only,6.0,1.51,0.55,-122,HOU@BOS,0.534884,PASS,2026-05-01,2,official_mlb_schedule,valid,-115,59F / 7 mph wind / 0% precip / open-air; roof not applicable,unavailable,Yordan Alvarez,13,"{""avg"": 0.39215686274509803, ""games"": 12, ""hr_rate"": 0.09259259259259259, ""ops"": 1.1710239651416123, ""pa"": 54, ""slg"": 0.7450980392156863, ""tb_rate"": 0.7037037037037037}",pitch-type matchup missing,0.737 TB/AB,Confidence cap prevents a BET label.,rotowire_props_two_way,unavailable,xSLG 0.812; hard-hit 49.5%,1.5,HOU,0.0
10.0,unavailable/not used; BvP is supporting only,5.0,1.41,0.273829,+265,AZ@CHC,0.25974,PASS,2026-05-01,8,official_mlb_schedule,valid,+285,44F / 10 mph wind / 5% precip / open-air; roof not applicable,neutral,Pete Crow-Armstrong,14,"{""avg"": 0.25, ""games"": 13, ""hr_rate"": 0.0392156862745098, ""ops"": 0.7878787878787878, ""pa"": 51, ""slg"": 0.45454545454545453, ""tb_rate"": 0.39215686274509803}",game already started or completed,0.361 TB/AB,Confidence cap prevents a BET label.,rotowire_props_two_way,unavailable,xSLG 0.364; hard-hit 46.8%,1.5,CHC,0.0
10.0,unavailable/not used; BvP is supporting only,7.5,0.08,0.334092,+199,SF@TB,0.333333,PASS,2026-05-01,3,official_mlb_schedule,valid,+200,79F / 8 mph wind / 0% precip / fixed dome,unfavorable,Ryan Vilade,15,"{""avg"": 0.5454545454545454, ""games"": 5, ""hr_rate"": 0.0, ""ops"": 1.2196969696969697, ""pa"": 12, ""slg"": 0.6363636363636364, ""tb_rate"": 0.5833333333333334}","price, lineup, starter, weather, bullpen",0.406 TB/AB,No clear model edge at the available price.,rotowire_props_two_way,unavailable,xSLG ; hard-hit %,1.5,TB,0.0
10.0,unavailable/not used; BvP is supporting only,7.5,-0.41,0.388098,+158,PHI@MIA,0.392157,PASS,2026-05-01,5,official_mlb_schedule,valid,+155,81F / 12 mph wind / 0% precip / retractable roof; status unverified,neutral,Liam Hicks,16,"{""avg"": 0.32432432432432434, ""games"": 11, ""hr_rate"": 0.07142857142857142, ""ops"": 1.0025740025740024, ""pa"": 42, ""slg"": 0.6216216216216216, ""tb_rate"": 0.5476190476190477}","price, lineup, starter, weather, bullpen",0.576 TB/AB,No clear model edge at the available price.,rotowire_props_two_way,unavailable,xSLG 0.479; hard-hit 40.2%,1.5,MIA,0.0
10.0,unavailable/not used; BvP is supporting only,7.5,-0.61,0.304472,+228,KC@SEA,0.310559,PASS,2026-05-01,1,official_mlb_schedule,valid,+222,64F / 7 mph wind / 3% precip / retractable roof; status unverified,favorable,J.P. Crawford,17,"{""avg"": 0.2222222222222222, ""games"": 12, ""hr_rate"": 0.037037037037037035, ""ops"": 0.7333333333333334, ""pa"": 54, ""slg"": 0.4, ""tb_rate"": 0.3333333333333333}","price, lineup, starter, weather, bullpen",0.312 TB/AB,No clear model edge at the available price.,rotowire_props_two_way,unavailable,xSLG 0.451; hard-hit 40.6%,1.5,SEA,0.0
4.33,unavailable/not used; BvP is supporting only,7.5,-0.71,0.366033,+173,PHI@MIA,0.373134,PASS,2026-05-01,4,official_mlb_schedule,valid,+168,81F / 12 mph wind / 0% precip / retractable roof; status unverified,neutral,Brandon Marsh,18,"{""avg"": 0.32432432432432434, ""games"": 11, ""hr_rate"": 0.05128205128205128, ""ops"": 0.8738738738738738, ""pa"": 39, ""slg"": 0.5405405405405406, ""tb_rate"": 0.5128205128205128}","price, lineup, starter, weather, bullpen",0.485 TB/AB,No clear model edge at the available price.,rotowire_props_two_way,unavailable,xSLG 0.443; hard-hit 50.0%,1.5,PHI,0.0
10.0,unavailable/not used; BvP is supporting only,7.5,-0.81,0.25642,+290,TOR@MIN,0.26455,PASS,2026-05-01,9,official_mlb_schedule,valid,+278,53F / 8 mph wind / 0% precip / open-air; roof not applicable,favorable,James Outman,19,"{""avg"": 0.3333333333333333, ""games"": 9, ""hr_rate"": 0.0, ""ops"": 0.8888888888888888, ""pa"": 9, ""slg"": 0.5555555555555556, ""tb_rate"": 0.5555555555555556}","price, lineup, starter, weather, bullpen",0.185 TB/AB,No clear model edge at the available price.,rotowire_props_two_way,unavailable,xSLG ; hard-hit %,1.5,MIN,0.0
10.0,unavailable/not used; BvP is supporting only,7.5,-1.69,0.459336,+118,CIN@PIT,0.47619,PASS,2026-05-01,3,official_mlb_schedule,valid,+110,49F / 11 mph wind / 59% precip / open-air; roof not applicable,neutral,Elly De La Cruz,20,"{""avg"": 0.30612244897959184, ""games"": 12, ""hr_rate"": 0.07407407407407407, ""ops"": 0.9622071050642479, ""pa"": 54, ""slg"": 0.5918367346938775, ""tb_rate"": 0.5370370370370371}","price, lineup, starter, weather, bullpen",0.565 TB/AB,No clear model edge at the available price.,rotowire_props_two_way,unavailable,xSLG 0.538; hard-hit 54.8%,1.5,CIN,0.0
3.59,unavailable/not used; BvP is supporting only,5.0,-1.89,0.279567,+258,AZ@CHC,0.298507,PASS,2026-05-01,7,official_mlb_schedule,valid,+235,44F / 10 mph wind / 5% precip / open-air; roof not applicable,neutral,Nolan Arenado,21,"{""avg"": 0.4, ""games"": 11, ""hr_rate"": 0.075, ""ops"": 1.1607142857142856, ""pa"": 40, ""slg"": 0.6857142857142857, ""tb_rate"": 0.6}",game already started or completed,0.441 TB/AB,Confidence cap prevents a BET label.,rotowire_props_two_way,unavailable,xSLG 0.402; hard-hit 25.3%,1.5,AZ,0.0
10.0,unavailable/not used; BvP is supporting only,7.5,-1.91,0.348529,+187,CIN@PIT,0.367647,PASS,2026-05-01,6,official_mlb_schedule,valid,+172,49F / 11 mph wind / 59% precip / open-air; roof not applicable,neutral,Spencer Steer,22,"{""avg"": 0.2972972972972973, ""games"": 12, ""hr_rate"": 0.044444444444444446, ""ops"": 0.9183183183183183, ""pa"": 45, ""slg"": 0.5405405405405406, ""tb_rate"": 0.4444444444444444}","price, lineup, starter, weather, bullpen",0.454 TB/AB,No clear model edge at the available price.,rotowire_props_two_way,unavailable,xSLG 0.503; hard-hit 38.6%,1.5,CIN,0.0
9.74,unavailable/not used; BvP is supporting only,7.5,-1.98,0.31803,+214,TEX@DET,0.337838,PASS,2026-05-01,8,official_mlb_schedule,valid,+196,48F / 8 mph wind / 6% precip / open-air; roof not applicable,unfavorable,Ezequiel Duran,23,"{""avg"": 0.3684210526315789, ""games"": 7, ""hr_rate"": 0.0, ""ops"": 0.9548872180451127, ""pa"": 21, ""slg"": 0.5263157894736842, ""tb_rate"": 0.47619047619047616}","price, lineup, starter, weather, bullpen",0.424 TB/AB,No clear model edge at the available price.,rotowire_props_two_way,unavailable,xSLG ; hard-hit %,1.5,TEX,0.0
3.93,unavailable/not used; BvP is supporting only,7.5,-2.11,0.399069,+151,SF@TB,0.420168,PASS,2026-05-01,4,official_mlb_schedule,valid,+138,79F / 8 mph wind / 0% precip / fixed dome,favorable,Casey Schmitt,24,"{""avg"": 0.29545454545454547, ""games"": 11, ""hr_rate"": 0.0625, ""ops"": 0.9261363636363636, ""pa"": 48, ""slg"": 0.6136363636363636, ""tb_rate"": 0.5625}","price, lineup, starter, weather, bullpen",0.538 TB/AB,No clear model edge at the available price.,rotowire_props_two_way,unavailable,xSLG 0.530; hard-hit 46.7%,1.5,SF,0.0
10.0,unavailable/not used; BvP is supporting only,7.5,-2.17,0.362963,+176,LAD@STL,0.384615,PASS,2026-05-01,8,official_mlb_schedule,valid,+160,62F / 6 mph wind / 1% precip / open-air; roof not applicable,neutral,Miguel Rojas,25,"{""avg"": 0.3125, ""games"": 7, ""hr_rate"": 0.058823529411764705, ""ops"": 0.8566176470588236, ""pa"": 17, ""slg"": 0.5625, ""tb_rate"": 0.5294117647058824}","price, lineup, starter, weather, bullpen",0.477 TB/AB,No clear model edge at the available price.,rotowire_props_two_way,unavailable,xSLG ; hard-hit %,1.5,LAD,0.0
10.0,unavailable/not used; BvP is supporting only,7.5,-2.33,0.522154,-109,ATL@COL,0.545455,PASS,2026-05-01,4,official_mlb_schedule,valid,-120,60F / 7 mph wind / 1% precip / open-air; roof not applicable,favorable,Matt Olson,26,"{""avg"": 0.3, ""games"": 13, ""hr_rate"": 0.06779661016949153, ""ops"": 0.9928813559322034, ""pa"": 59, ""slg"": 0.62, ""tb_rate"": 0.5254237288135594}","price, lineup, starter, weather, bullpen",0.616 TB/AB,No clear model edge at the available price.,rotowire_props_two_way,unavailable,xSLG 0.579; hard-hit 49.5%,1.5,ATL,0.0
10.0,unavailable/not used; BvP is supporting only,7.5,-2.61,0.404935,+147,TOR@MIN,0.431034,PASS,2026-05-01,3,official_mlb_schedule,valid,+132,53F / 8 mph wind / 0% precip / open-air; roof not applicable,favorable,Ryan Jeffers,27,"{""avg"": 0.3235294117647059, ""games"": 11, ""hr_rate"": 0.04878048780487805, ""ops"": 0.9978479196556671, ""pa"": 41, ""slg"": 0.5588235294117647, ""tb_rate"": 0.4634146341463415}","price, lineup, starter, weather, bullpen",0.506 TB/AB,No clear model edge at the available price.,rotowire_props_two_way,unavailable,xSLG 0.492; hard-hit 41.3%,1.5,MIN,0.0
3.4,unavailable/not used; BvP is supporting only,7.5,-2.76,0.389095,+157,TEX@DET,0.416667,PASS,2026-05-01,2,official_mlb_schedule,valid,+140,48F / 8 mph wind / 6% precip / open-air; roof not applicable,favorable,Kevin McGonigle,28,"{""avg"": 0.3541666666666667, ""games"": 12, ""hr_rate"": 0.01818181818181818, ""ops"": 0.9390151515151515, ""pa"": 55, ""slg"": 0.5208333333333334, ""tb_rate"": 0.45454545454545453}","price, lineup, starter, weather, bullpen",0.509 TB/AB,No clear model edge at the available price.,rotowire_props_two_way,unavailable,xSLG 0.555; hard-hit 40.4%,1.5,DET,0.0
10.0,unavailable/not used; BvP is supporting only,7.5,-2.82,0.32642,+206,KC@SEA,0.35461,PASS,2026-05-01,5,official_mlb_schedule,valid,+182,64F / 7 mph wind / 3% precip / retractable roof; status unverified,favorable,Randy Arozarena,29,"{""avg"": 0.2727272727272727, ""games"": 12, ""hr_rate"": 0.02040816326530612, ""ops"": 0.8061224489795918, ""pa"": 49, ""slg"": 0.5, ""tb_rate"": 0.4489795918367347}","price, lineup, starter, weather, bullpen",0.439 TB/AB,No clear model edge at the available price.,rotowire_props_two_way,unavailable,xSLG 0.392; hard-hit 39.1%,1.5,SEA,0.0
3.4,unavailable/not used; BvP is supporting only,7.5,-3.1,0.389215,+157,TEX@DET,0.420168,PASS,2026-05-01,4,official_mlb_schedule,valid,+138,48F / 8 mph wind / 6% precip / open-air; roof not applicable,favorable,Dillon Dingler,30,"{""avg"": 0.2, ""games"": 11, ""hr_rate"": 0.022727272727272728, ""ops"": 0.6227272727272727, ""pa"": 44, ""slg"": 0.35, ""tb_rate"": 0.3181818181818182}","price, lineup, starter, weather, bullpen",0.473 TB/AB,No clear model edge at the available price.,rotowire_props_two_way,unavailable,xSLG 0.604; hard-hit 54.1%,1.5,DET,0.0
3.59,unavailable/not used; BvP is supporting only,5.0,-3.22,0.285272,+251,AZ@CHC,0.31746,PASS,2026-05-01,6,official_mlb_schedule,valid,+215,44F / 10 mph wind / 5% precip / open-air; roof not applicable,neutral,Jose Fernandez,31,"{""avg"": 0.35294117647058826, ""games"": 11, ""hr_rate"": 0.02702702702702703, ""ops"": 0.875993640699523, ""pa"": 37, ""slg"": 0.47058823529411764, ""tb_rate"": 0.43243243243243246}",game already started or completed,0.460 TB/AB,Confidence cap prevents a BET label.,rotowire_props_two_way,unavailable,xSLG 0.411; hard-hit 45.3%,1.5,AZ,0.0
10.0,unavailable/not used; BvP is supporting only,7.5,-3.31,0.345693,+189,KC@SEA,0.378788,PASS,2026-05-01,4,official_mlb_schedule,valid,+164,64F / 7 mph wind / 3% precip / retractable roof; status unverified,favorable,Josh Naylor,32,"{""avg"": 0.40540540540540543, ""games"": 10, ""hr_rate"": 0.046511627906976744, ""ops"": 1.086737900691389, ""pa"": 43, ""slg"": 0.6216216216216216, ""tb_rate"": 0.5348837209302325}","price, lineup, starter, weather, bullpen",0.336 TB/AB,No clear model edge at the available price.,rotowire_props_two_way,unavailable,xSLG 0.411; hard-hit 37.6%,1.5,SEA,0.0
10.0,unavailable/not used; BvP is supporting only,7.5,-3.41,0.37739,+165,CIN@PIT,0.411523,PASS,2026-05-01,5,official_mlb_schedule,valid,+143,49F / 11 mph wind / 59% precip / open-air; roof not applicable,favorable,Nathaniel Lowe,33,"{""avg"": 0.3333333333333333, ""games"": 10, ""hr_rate"": 0.1388888888888889, ""ops"": 1.2373737373737375, ""pa"": 36, ""slg"": 0.8484848484848485, ""tb_rate"": 0.7777777777777778}","price, lineup, starter, weather, bullpen",0.654 TB/AB,No clear model edge at the available price.,rotowire_props_two_way,unavailable,xSLG ; hard-hit %,1.5,CIN,0.0
3.93,unavailable/not used; BvP is supporting only,7.5,-3.45,0.404108,+147,SF@TB,0.438596,PASS,2026-05-01,1,official_mlb_schedule,valid,+128,79F / 8 mph wind / 0% precip / fixed dome,neutral,Heliot Ramos,34,"{""avg"": 0.35555555555555557, ""games"": 12, ""hr_rate"": 0.06, ""ops"": 1.0666666666666667, ""pa"": 50, ""slg"": 0.6666666666666666, ""tb_rate"": 0.6}","price, lineup, starter, weather, bullpen",0.427 TB/AB,No clear model edge at the available price.,rotowire_props_two_way,unavailable,xSLG 0.458; hard-hit 55.4%,1.5,SF,0.0
10.0,unavailable/not used; BvP is supporting only,7.5,-3.46,0.274045,+265,SF@TB,0.308642,PASS,2026-05-01,7,official_mlb_schedule,valid,+224,79F / 8 mph wind / 0% precip / fixed dome,unfavorable,Jake Fraley,35,"{""avg"": 0.3181818181818182, ""games"": 8, ""hr_rate"": 0.04, ""ops"": 0.990909090909091, ""pa"": 25, ""slg"": 0.5909090909090909, ""tb_rate"": 0.52}","price, lineup, starter, weather, bullpen",0.450 TB/AB,No clear model edge at the available price.,rotowire_props_two_way,unavailable,xSLG 0.387; hard-hit 25.0%,1.5,TB,0.0
4.66,unavailable/not used; BvP is supporting only,7.5,-3.6,0.272627,+267,LAD@STL,0.308642,PASS,2026-05-01,7,official_mlb_schedule,valid,+224,62F / 6 mph wind / 1% precip / open-air; roof not applicable,neutral,Nathan Church,36,"{""avg"": 0.2608695652173913, ""games"": 12, ""hr_rate"": 0.08, ""ops"": 0.8434782608695652, ""pa"": 50, ""slg"": 0.5434782608695652, ""tb_rate"": 0.5}","price, lineup, starter, weather, bullpen",0.435 TB/AB,No clear model edge at the available price.,rotowire_props_two_way,unavailable,xSLG 0.455; hard-hit 38.5%,1.5,STL,0.0
10.0,unavailable/not used; BvP is supporting only,7.5,-3.81,0.447308,+124,CIN@PIT,0.485437,PASS,2026-05-01,1,official_mlb_schedule,valid,+106,49F / 11 mph wind / 59% precip / open-air; roof not applicable,neutral,Oneil Cruz,37,"{""avg"": 0.16326530612244897, ""games"": 11, ""hr_rate"": 0.07547169811320754, ""ops"": 0.6549865229110512, ""pa"": 53, ""slg"": 0.42857142857142855, ""tb_rate"": 0.39622641509433965}","price, lineup, starter, weather, bullpen",0.512 TB/AB,No clear model edge at the available price.,rotowire_props_two_way,unavailable,xSLG 0.539; hard-hit 62.3%,1.5,PIT,0.0
3.4,unavailable/not used; BvP is supporting only,7.5,-4.01,0.253987,+294,TEX@DET,0.294118,PASS,2026-05-01,9,official_mlb_schedule,valid,+240,48F / 8 mph wind / 6% precip / open-air; roof not applicable,favorable,Hao-Yu  Lee,38,"{""avg"": 0.20833333333333334, ""games"": 9, ""hr_rate"": 0.037037037037037035, ""ops"": 0.712962962962963, ""pa"": 27, ""slg"": 0.4166666666666667, ""tb_rate"": 0.37037037037037035}","price, lineup, starter, weather, bullpen",0.417 TB/AB,No clear model edge at the available price.,rotowire_props_two_way,unavailable,xSLG ; hard-hit %,1.5,DET,0.0
10.0,unavailable/not used; BvP is supporting only,7.5,-4.17,0.412798,+142,MIL@WSH,0.454545,PASS,2026-05-01,2,official_mlb_schedule,valid,+120,67F / 10 mph wind / 1% precip / open-air; roof not applicable,favorable,Brice Turang,39,"{""avg"": 0.27906976744186046, ""games"": 12, ""hr_rate"": 0.01818181818181818, ""ops"": 0.8367864693446089, ""pa"": 55, ""slg"": 0.4186046511627907, ""tb_rate"": 0.32727272727272727}","price, lineup, starter, weather, bullpen",0.505 TB/AB,No clear model edge at the available price.,rotowire_props_two_way,unavailable,xSLG 0.555; hard-hit 54.5%,1.5,MIL,0.0
4.66,unavailable/not used; BvP is supporting only,7.5,-4.39,0.340731,+193,LAD@STL,0.384615,PASS,2026-05-01,4,official_mlb_schedule,valid,+160,62F / 6 mph wind / 1% precip / open-air; roof not applicable,favorable,Jordan Walker,40,"{""avg"": 0.23404255319148937, ""games"": 12, ""hr_rate"": 0.01818181818181818, ""ops"": 0.6282398452611219, ""pa"": 55, ""slg"": 0.3191489361702128, ""tb_rate"": 0.2727272727272727}","price, lineup, starter, weather, bullpen",0.552 TB/AB,No clear model edge at the available price.,rotowire_props_two_way,unavailable,xSLG 0.549; hard-hit 59.2%,1.5,STL,0.0
10.0,unavailable/not used; BvP is supporting only,7.5,-4.4,0.48876,+105,LAD@STL,0.53271,PASS,2026-05-01,1,official_mlb_schedule,valid,-114,62F / 6 mph wind / 1% precip / open-air; roof not applicable,favorable,Shohei Ohtani,41,"{""avg"": 0.2978723404255319, ""games"": 12, ""hr_rate"": 0.017543859649122806, ""ops"": 0.8715938783128032, ""pa"": 57, ""slg"": 0.46808510638297873, ""tb_rate"": 0.38596491228070173}","price, lineup, starter, weather, bullpen",0.491 TB/AB,No clear model edge at the available price.,rotowire_props_two_way,unavailable,xSLG 0.548; hard-hit 51.9%,1.5,LAD,0.0
10.0,unavailable/not used; BvP is supporting only,7.5,-4.56,0.389164,+157,ATL@COL,0.434783,PASS,2026-05-01,1,official_mlb_schedule,valid,+130,60F / 7 mph wind / 1% precip / open-air; roof not applicable,favorable,Edouard Julien,42,"{""avg"": 0.3611111111111111, ""games"": 10, ""hr_rate"": 0.023809523809523808, ""ops"": 0.9841269841269842, ""pa"": 42, ""slg"": 0.5555555555555556, ""tb_rate"": 0.47619047619047616}","price, lineup, starter, weather, bullpen",0.443 TB/AB,No clear model edge at the available price.,rotowire_props_two_way,unavailable,xSLG 0.488; hard-hit 43.9%,1.5,COL,0.0
10.0,unavailable/not used; BvP is supporting only,7.5,-5.15,0.305664,+227,HOU@BOS,0.357143,PASS,2026-05-01,8,official_mlb_schedule,valid,+180,59F / 7 mph wind / 0% precip / open-air; roof not applicable,neutral,Carlos Narváez,43,"{""avg"": 0.30434782608695654, ""games"": 7, ""hr_rate"": 0.08333333333333333, ""ops"": 0.9855072463768115, ""pa"": 24, ""slg"": 0.6521739130434783, ""tb_rate"": 0.625}","price, lineup, starter, weather, bullpen",0.359 TB/AB,No clear model edge at the available price.,rotowire_props_two_way,unavailable,xSLG 0.337; hard-hit 45.7%,1.5,BOS,0.0
10.0,unavailable/not used; BvP is supporting only,7.5,-5.18,0.310509,+222,MIL@WSH,0.362319,PASS,2026-05-01,6,official_mlb_schedule,valid,+176,67F / 10 mph wind / 1% precip / open-air; roof not applicable,unfavorable,Tyler Black,44,"{""avg"": 0.3888888888888889, ""games"": 5, ""hr_rate"": 0.0, ""ops"": 0.9210526315789473, ""pa"": 19, ""slg"": 0.5, ""tb_rate"": 0.47368421052631576}","price, lineup, starter, weather, bullpen",0.500 TB/AB,No clear model edge at the available price.,rotowire_props_two_way,unavailable,xSLG ; hard-hit %,1.5,MIL,0.0
9.74,unavailable/not used; BvP is supporting only,7.5,-5.58,0.25476,+293,TEX@DET,0.310559,PASS,2026-05-01,7,official_mlb_schedule,valid,+222,48F / 8 mph wind / 6% precip / open-air; roof not applicable,favorable,Alejandro Osuna,45,"{""avg"": 0.375, ""games"": 6, ""hr_rate"": 0.0, ""ops"": 0.9134615384615384, ""pa"": 13, ""slg"": 0.375, ""tb_rate"": 0.23076923076923078}","price, lineup, starter, weather, bullpen",0.375 TB/AB,No clear model edge at the available price.,rotowire_props_two_way,unavailable,xSLG ; hard-hit %,1.5,TEX,0.0
3.4,unavailable/not used; BvP is supporting only,7.5,-5.84,0.288809,+246,TEX@DET,0.347222,PASS,2026-05-01,3,official_mlb_schedule,valid,+188,48F / 8 mph wind / 6% precip / open-air; roof not applicable,neutral,Jahmai Jones,46,"{""avg"": 0.2608695652173913, ""games"": 12, ""hr_rate"": 0.08333333333333333, ""ops"": 0.8568840579710144, ""pa"": 24, ""slg"": 0.5652173913043478, ""tb_rate"": 0.5416666666666666}","price, lineup, starter, weather, bullpen",0.389 TB/AB,No clear model edge at the available price.,rotowire_props_two_way,unavailable,xSLG ; hard-hit %,1.5,DET,0.0
10.0,unavailable/not used; BvP is supporting only,7.5,-5.92,0.440776,+127,ATL@COL,0.5,PASS,2026-05-01,3,official_mlb_schedule,valid,+100,60F / 7 mph wind / 1% precip / open-air; roof not applicable,neutral,Hunter Goodman,47,"{""avg"": 0.2558139534883721, ""games"": 10, ""hr_rate"": 0.0851063829787234, ""ops"": 0.925779317169718, ""pa"": 47, ""slg"": 0.627906976744186, ""tb_rate"": 0.574468085106383}","price, lineup, starter, weather, bullpen",0.560 TB/AB,No clear model edge at the available price.,rotowire_props_two_way,unavailable,xSLG 0.468; hard-hit 54.0%,1.5,COL,0.0
10.0,unavailable/not used; BvP is supporting only,7.5,-5.98,0.299886,+233,ATL@COL,0.359712,PASS,2026-05-01,9,official_mlb_schedule,valid,+178,60F / 7 mph wind / 1% precip / open-air; roof not applicable,unfavorable,Jake McCarthy,48,"{""avg"": 0.38095238095238093, ""games"": 8, ""hr_rate"": 0.0, ""ops"": 0.9151138716356109, ""pa"": 23, ""slg"": 0.5238095238095238, ""tb_rate"": 0.4782608695652174}","price, lineup, starter, weather, bullpen",0.393 TB/AB,No clear model edge at the available price.,rotowire_props_two_way,unavailable,xSLG ; hard-hit %,1.5,COL,0.0
9.49,unavailable/not used; BvP is supporting only,7.5,-6.48,0.373803,+168,TOR@MIN,0.438596,PASS,2026-05-01,2,official_mlb_schedule,valid,+128,53F / 8 mph wind / 0% precip / open-air; roof not applicable,neutral,Jesús Sánchez,49,"{""avg"": 0.23684210526315788, ""games"": 13, ""hr_rate"": 0.04878048780487805, ""ops"": 0.6893453145057766, ""pa"": 41, ""slg"": 0.42105263157894735, ""tb_rate"": 0.3902439024390244}","price, lineup, starter, weather, bullpen",0.429 TB/AB,No clear model edge at the available price.,rotowire_props_two_way,unavailable,xSLG 0.500; hard-hit 50.0%,1.5,TOR,0.0
10.0,unavailable/not used; BvP is supporting only,7.5,-6.49,0.289669,+245,MIL@WSH,0.35461,PASS,2026-05-01,3,official_mlb_schedule,valid,+182,67F / 10 mph wind / 1% precip / open-air; roof not applicable,neutral,Curtis Mead,50,"{""avg"": 0.2222222222222222, ""games"": 10, ""hr_rate"": 0.0967741935483871, ""ops"": 0.8829151732377538, ""pa"": 31, ""slg"": 0.5925925925925926, ""tb_rate"": 0.5161290322580645}","price, lineup, starter, weather, bullpen",0.476 TB/AB,No clear model edge at the available price.,rotowire_props_two_way,unavailable,xSLG 0.451; hard-hit 44.2%,1.5,WSH,0.0
10.0,unavailable/not used; BvP is supporting only,7.5,-6.7,0.387557,+158,CIN@PIT,0.454545,PASS,2026-05-01,4,official_mlb_schedule,valid,+120,49F / 11 mph wind / 59% precip / open-air; roof not applicable,neutral,Sal Stewart,51,"{""avg"": 0.25, ""games"": 12, ""hr_rate"": 0.037037037037037035, ""ops"": 0.7314814814814815, ""pa"": 54, ""slg"": 0.4166666666666667, ""tb_rate"": 0.37037037037037035}","price, lineup, starter, weather, bullpen",0.570 TB/AB,No clear model edge at the available price.,rotowire_props_two_way,unavailable,xSLG 0.562; hard-hit 44.6%,1.5,CIN,0.0
10.0,unavailable/not used; BvP is supporting only,7.5,-6.73,0.340844,+193,KC@SEA,0.408163,PASS,2026-05-01,2,official_mlb_schedule,valid,+145,64F / 7 mph wind / 3% precip / retractable roof; status unverified,neutral,Cal Raleigh,52,"{""avg"": 0.22916666666666666, ""games"": 12, ""hr_rate"": 0.09090909090909091, ""ops"": 0.8715909090909091, ""pa"": 55, ""slg"": 0.5625, ""tb_rate"": 0.4909090909090909}","price, lineup, starter, weather, bullpen",0.392 TB/AB,No clear model edge at the available price.,rotowire_props_two_way,unavailable,xSLG 0.454; hard-hit 31.4%,1.5,SEA,0.0
5.48,unavailable/not used; BvP is supporting only,7.5,-6.85,0.319081,+213,BAL@NYY,0.387597,PASS,2026-05-01,5,official_mlb_schedule,valid,+158,58F / 10 mph wind / 2% precip / open-air; roof not applicable,favorable,Samuel Basallo,53,"{""avg"": 0.3548387096774194, ""games"": 9, ""hr_rate"": 0.058823529411764705, ""ops"": 1.0246679316888045, ""pa"": 34, ""slg"": 0.6129032258064516, ""tb_rate"": 0.5588235294117647}","price, lineup, starter, weather, bullpen",0.439 TB/AB,No clear model edge at the available price.,rotowire_props_two_way,unavailable,xSLG 0.460; hard-hit 46.6%,1.5,BAL,0.0
10.0,unavailable/not used; BvP is supporting only,5.0,-7.01,0.21566,+364,AZ@CHC,0.285714,PASS,2026-05-01,1,official_mlb_schedule,valid,+250,44F / 10 mph wind / 5% precip / open-air; roof not applicable,neutral,Nico Hoerner,54,"{""avg"": 0.25, ""games"": 13, ""hr_rate"": 0.031746031746031744, ""ops"": 0.6607142857142857, ""pa"": 63, ""slg"": 0.375, ""tb_rate"": 0.3333333333333333}",game already started or completed,0.461 TB/AB,Confidence cap prevents a BET label.,rotowire_props_yes_only,unavailable,xSLG 0.396; hard-hit 26.1%,1.5,CHC,0.0
9.49,unavailable/not used; BvP is supporting only,7.5,-7.25,0.339022,+195,TOR@MIN,0.411523,PASS,2026-05-01,4,official_mlb_schedule,valid,+143,53F / 8 mph wind / 0% precip / open-air; roof not applicable,favorable,Kazuma Okamoto,55,"{""avg"": 0.24444444444444444, ""games"": 13, ""hr_rate"": 0.058823529411764705, ""ops"": 0.8, ""pa"": 51, ""slg"": 0.4666666666666667, ""tb_rate"": 0.4117647058823529}","price, lineup, starter, weather, bullpen",0.373 TB/AB,No clear model edge at the available price.,rotowire_props_two_way,unavailable,xSLG 0.420; hard-hit 51.4%,1.5,TOR,0.0
10.0,unavailable/not used; BvP is supporting only,7.5,-7.6,0.236502,+323,CIN@PIT,0.3125,PASS,2026-05-01,9,official_mlb_schedule,valid,+220,49F / 11 mph wind / 59% precip / open-air; roof not applicable,neutral,Ke'Bryan Hayes,56,"{""avg"": 0.23333333333333334, ""games"": 11, ""hr_rate"": 0.03125, ""ops"": 0.7145833333333333, ""pa"": 32, ""slg"": 0.43333333333333335, ""tb_rate"": 0.40625}","price, lineup, starter, weather, bullpen",0.208 TB/AB,No clear model edge at the available price.,rotowire_props_two_way,unavailable,xSLG 0.438; hard-hit 39.4%,1.5,CIN,0.0
6.46,unavailable/not used; BvP is supporting only,6.0,-7.82,0.215928,+363,CWS@SD,0.294118,PASS,2026-05-01,8,Expected Lineup,valid,+240,64F / 5 mph wind / 0% precip / open-air; roof not applicable,unavailable,Tristan Peters,57,"{""avg"": null, ""games"": 0, ""hr_rate"": null, ""ops"": null, ""pa"": 0, ""slg"": null, ""tb_rate"": null}",official lineup missing; pitch-type matchup missing, TB/AB,Confidence cap prevents a BET label.,rotowire_props_two_way,unavailable,xSLG ; hard-hit %,1.5,CWS,0.0
10.0,unavailable/not used; BvP is supporting only,7.5,-7.83,0.397849,+151,HOU@BOS,0.47619,PASS,2026-05-01,2,official_mlb_schedule,valid,+110,59F / 7 mph wind / 0% precip / open-air; roof not applicable,neutral,Willson Contreras,58,"{""avg"": 0.22, ""games"": 13, ""hr_rate"": 0.07142857142857142, ""ops"": 0.73, ""pa"": 56, ""slg"": 0.48, ""tb_rate"": 0.42857142857142855}","price, lineup, starter, weather, bullpen",0.486 TB/AB,No clear model edge at the available price.,rotowire_props_two_way,unavailable,xSLG 0.551; hard-hit 48.6%,1.5,BOS,0.0
4.66,unavailable/not used; BvP is supporting only,7.5,-7.95,0.33719,+197,LAD@STL,0.416667,PASS,2026-05-01,3,official_mlb_schedule,valid,+140,62F / 6 mph wind / 1% precip / open-air; roof not applicable,favorable,Alec Burleson,59,"{""avg"": 0.27450980392156865, ""games"": 12, ""hr_rate"": 0.03636363636363636, ""ops"": 0.8174688057040997, ""pa"": 55, ""slg"": 0.49019607843137253, ""tb_rate"": 0.45454545454545453}","price, lineup, starter, weather, bullpen",0.445 TB/AB,No clear model edge at the available price.,rotowire_props_two_way,unavailable,xSLG 0.558; hard-hit 47.1%,1.5,STL,0.0
10.0,unavailable/not used; BvP is supporting only,7.5,-8.42,0.378752,+164,LAD@STL,0.462963,PASS,2026-05-01,2,official_mlb_schedule,valid,+116,62F / 6 mph wind / 1% precip / open-air; roof not applicable,favorable,Freddie Freeman,60,"{""avg"": 0.23809523809523808, ""games"": 11, ""hr_rate"": 0.0, ""ops"": 0.6428571428571428, ""pa"": 48, ""slg"": 0.30952380952380953, ""tb_rate"": 0.2708333333333333}","price, lineup, starter, weather, bullpen",0.414 TB/AB,No clear model edge at the available price.,rotowire_props_two_way,unavailable,xSLG 0.555; hard-hit 48.0%,1.5,LAD,0.0
5.48,unavailable/not used; BvP is supporting only,7.5,-8.44,0.325405,+207,BAL@NYY,0.409836,PASS,2026-05-01,3,official_mlb_schedule,valid,+144,58F / 10 mph wind / 2% precip / open-air; roof not applicable,neutral,Adley Rutschman,61,"{""avg"": 0.44, ""games"": 6, ""hr_rate"": 0.16, ""ops"": 1.36, ""pa"": 25, ""slg"": 0.92, ""tb_rate"": 0.92}","price, lineup, starter, weather, bullpen",0.661 TB/AB,No clear model edge at the available price.,rotowire_props_two_way,unavailable,xSLG ; hard-hit %,1.5,BAL,0.0
10.0,unavailable/not used; BvP is supporting only,7.5,-8.61,0.358312,+179,CIN@PIT,0.444444,PASS,2026-05-01,2,official_mlb_schedule,valid,+125,49F / 11 mph wind / 59% precip / open-air; roof not applicable,neutral,Brandon Lowe,62,"{""avg"": 0.23809523809523808, ""games"": 10, ""hr_rate"": 0.022727272727272728, ""ops"": 0.725108225108225, ""pa"": 44, ""slg"": 0.4523809523809524, ""tb_rate"": 0.4318181818181818}","price, lineup, starter, weather, bullpen",0.551 TB/AB,No clear model edge at the available price.,rotowire_props_two_way,unavailable,xSLG 0.479; hard-hit 44.9%,1.5,PIT,0.0
10.0,unavailable/not used; BvP is supporting only,7.5,-8.64,0.425806,+135,ATL@COL,0.512195,PASS,2026-05-01,2,official_mlb_schedule,valid,-105,60F / 7 mph wind / 1% precip / open-air; roof not applicable,favorable,Mickey Moniak,63,"{""avg"": 0.3695652173913043, ""games"": 12, ""hr_rate"": 0.058823529411764705, ""ops"": 1.0856777493606138, ""pa"": 51, ""slg"": 0.6739130434782609, ""tb_rate"": 0.6078431372549019}","price, lineup, starter, weather, bullpen",0.652 TB/AB,No clear model edge at the available price.,rotowire_props_two_way,unavailable,xSLG 0.451; hard-hit 36.9%,1.5,COL,0.0
10.0,unavailable/not used; BvP is supporting only,7.5,-8.64,0.285393,+250,LAD@STL,0.371747,PASS,2026-05-01,9,official_mlb_schedule,valid,+169,62F / 6 mph wind / 1% precip / open-air; roof not applicable,favorable,Santiago Espinal,64,"{""avg"": 0.3, ""games"": 6, ""hr_rate"": 0.0, ""ops"": 0.6727272727272727, ""pa"": 11, ""slg"": 0.4, ""tb_rate"": 0.36363636363636365}","price, lineup, starter, weather, bullpen",0.304 TB/AB,No clear model edge at the available price.,rotowire_props_two_way,unavailable,xSLG ; hard-hit %,1.5,LAD,0.0
9.74,unavailable/not used; BvP is supporting only,7.5,-8.7,0.344042,+191,TEX@DET,0.431034,PASS,2026-05-01,1,official_mlb_schedule,valid,+132,48F / 8 mph wind / 6% precip / open-air; roof not applicable,neutral,Brandon Nimmo,65,"{""avg"": 0.25, ""games"": 12, ""hr_rate"": 0.018518518518518517, ""ops"": 0.6712962962962963, ""pa"": 54, ""slg"": 0.375, ""tb_rate"": 0.3333333333333333}","price, lineup, starter, weather, bullpen",0.460 TB/AB,No clear model edge at the available price.,rotowire_props_two_way,unavailable,xSLG 0.481; hard-hit 46.9%,1.5,TEX,0.0
10.0,unavailable/not used; BvP is supporting only,7.5,-8.73,0.361148,+177,MIL@WSH,0.44843,PASS,2026-05-01,4,official_mlb_schedule,valid,+123,67F / 10 mph wind / 1% precip / open-air; roof not applicable,favorable,Jake Bauers,66,"{""avg"": 0.3111111111111111, ""games"": 11, ""hr_rate"": 0.0, ""ops"": 0.7541666666666667, ""pa"": 48, ""slg"": 0.4, ""tb_rate"": 0.375}","price, lineup, starter, weather, bullpen",0.460 TB/AB,No clear model edge at the available price.,rotowire_props_two_way,unavailable,xSLG 0.469; hard-hit 55.1%,1.5,MIL,0.0
10.0,unavailable/not used; BvP is supporting only,7.5,-8.85,0.357936,+179,CIN@PIT,0.446429,PASS,2026-05-01,4,official_mlb_schedule,valid,+124,49F / 11 mph wind / 59% precip / open-air; roof not applicable,favorable,Ryan O'Hearn,67,"{""avg"": 0.26666666666666666, ""games"": 12, ""hr_rate"": 0.0392156862745098, ""ops"": 0.7555555555555555, ""pa"": 51, ""slg"": 0.4222222222222222, ""tb_rate"": 0.37254901960784315}","price, lineup, starter, weather, bullpen",0.481 TB/AB,No clear model edge at the available price.,rotowire_props_two_way,unavailable,xSLG 0.497; hard-hit 47.1%,1.5,PIT,0.0
4.66,unavailable/not used; BvP is supporting only,7.5,-8.86,0.311409,+221,LAD@STL,0.4,PASS,2026-05-01,1,official_mlb_schedule,valid,+150,62F / 6 mph wind / 1% precip / open-air; roof not applicable,favorable,JJ Wetherholt,68,"{""avg"": 0.29411764705882354, ""games"": 13, ""hr_rate"": 0.06557377049180328, ""ops"": 0.9357119897139183, ""pa"": 61, ""slg"": 0.6078431372549019, ""tb_rate"": 0.5081967213114754}","price, lineup, starter, weather, bullpen",0.479 TB/AB,No clear model edge at the available price.,rotowire_props_two_way,unavailable,xSLG 0.454; hard-hit 44.7%,1.5,STL,0.0
6.46,unavailable/not used; BvP is supporting only,6.0,-8.9,0.215928,+363,CWS@SD,0.304878,PASS,2026-05-01,9,Expected Lineup,valid,+228,64F / 5 mph wind / 0% precip / open-air; roof not applicable,unavailable,Edgar Quero,69,"{""avg"": null, ""games"": 0, ""hr_rate"": null, ""ops"": null, ""pa"": 0, ""slg"": null, ""tb_rate"": null}",official lineup missing; pitch-type matchup missing, TB/AB,Confidence cap prevents a BET label.,rotowire_props_two_way,unavailable,xSLG ; hard-hit %,1.5,CWS,0.0
9.49,unavailable/not used; BvP is supporting only,7.5,-8.99,0.410093,+144,TOR@MIN,0.5,PASS,2026-05-01,3,official_mlb_schedule,valid,+100,53F / 8 mph wind / 0% precip / open-air; roof not applicable,favorable,Vladimir Guerrero Jr.,70,"{""avg"": 0.3958333333333333, ""games"": 13, ""hr_rate"": 0.019230769230769232, ""ops"": 0.9439102564102564, ""pa"": 52, ""slg"": 0.5208333333333334, ""tb_rate"": 0.4807692307692308}","price, lineup, starter, weather, bullpen",0.469 TB/AB,No clear model edge at the available price.,rotowire_props_two_way,unavailable,xSLG 0.498; hard-hit 45.9%,1.5,TOR,0.0
10.0,unavailable/not used; BvP is supporting only,7.5,-9.08,0.340187,+194,PHI@MIA,0.431034,PASS,2026-05-01,3,official_mlb_schedule,valid,+132,81F / 12 mph wind / 0% precip / retractable roof; status unverified,neutral,Otto Lopez,71,"{""avg"": 0.3137254901960784, ""games"": 12, ""hr_rate"": 0.019230769230769232, ""ops"": 0.7975113122171946, ""pa"": 52, ""slg"": 0.47058823529411764, ""tb_rate"": 0.46153846153846156}","price, lineup, starter, weather, bullpen",0.492 TB/AB,No clear model edge at the available price.,rotowire_props_two_way,unavailable,xSLG 0.456; hard-hit 49.5%,1.5,MIA,0.0
4.33,unavailable/not used; BvP is supporting only,7.5,-9.36,0.365096,+174,PHI@MIA,0.458716,PASS,2026-05-01,2,official_mlb_schedule,valid,+118,81F / 12 mph wind / 0% precip / retractable roof; status unverified,favorable,Bryce Harper,72,"{""avg"": 0.2708333333333333, ""games"": 13, ""hr_rate"": 0.03571428571428571, ""ops"": 0.8154761904761905, ""pa"": 56, ""slg"": 0.4583333333333333, ""tb_rate"": 0.39285714285714285}","price, lineup, starter, weather, bullpen",0.491 TB/AB,No clear model edge at the available price.,rotowire_props_two_way,unavailable,xSLG 0.540; hard-hit 37.6%,1.5,PHI,0.0
10.0,unavailable/not used; BvP is supporting only,5.0,-9.37,0.172967,+478,AZ@CHC,0.266667,PASS,2026-05-01,6,official_mlb_schedule,valid,+275,44F / 10 mph wind / 5% precip / open-air; roof not applicable,unfavorable,Michael Busch,73,"{""avg"": 0.24528301886792453, ""games"": 13, ""hr_rate"": 0.03278688524590164, ""ops"": 0.7077018249304052, ""pa"": 61, ""slg"": 0.39622641509433965, ""tb_rate"": 0.3442622950819672}",game already started or completed,0.297 TB/AB,Confidence cap prevents a BET label.,rotowire_props_two_way,unavailable,xSLG 0.316; hard-hit 32.9%,3.5,CHC,0.0
9.49,unavailable/not used; BvP is supporting only,7.5,-9.59,0.238512,+319,TOR@MIN,0.334448,PASS,2026-05-01,7,official_mlb_schedule,valid,+199,53F / 8 mph wind / 0% precip / open-air; roof not applicable,favorable,Yohendrick Pinango,74,"{""avg"": 0.3333333333333333, ""games"": 4, ""hr_rate"": 0.0, ""ops"": 0.7619047619047619, ""pa"": 7, ""slg"": 0.3333333333333333, ""tb_rate"": 0.2857142857142857}","price, lineup, starter, weather, bullpen",0.333 TB/AB,No clear model edge at the available price.,rotowire_props_two_way,unavailable,xSLG ; hard-hit %,1.5,TOR,0.0
10.0,unavailable/not used; BvP is supporting only,7.5,-9.68,0.276313,+262,MIL@WSH,0.373134,PASS,2026-05-01,4,official_mlb_schedule,valid,+168,67F / 10 mph wind / 1% precip / open-air; roof not applicable,favorable,CJ Abrams,75,"{""avg"": 0.1956521739130435, ""games"": 13, ""hr_rate"": 0.037037037037037035, ""ops"": 0.6256038647342995, ""pa"": 54, ""slg"": 0.34782608695652173, ""tb_rate"": 0.2962962962962963}","price, lineup, starter, weather, bullpen",0.556 TB/AB,No clear model edge at the available price.,rotowire_props_two_way,unavailable,xSLG 0.524; hard-hit 46.0%,1.5,WSH,0.0
4.66,unavailable/not used; BvP is supporting only,7.5,-9.73,0.215209,+365,LAD@STL,0.3125,PASS,2026-05-01,8,official_mlb_schedule,valid,+220,62F / 6 mph wind / 1% precip / open-air; roof not applicable,neutral,Pedro Pagés,76,"{""avg"": 0.3225806451612903, ""games"": 8, ""hr_rate"": 0.06060606060606061, ""ops"": 0.9120234604105572, ""pa"": 33, ""slg"": 0.5483870967741935, ""tb_rate"": 0.5151515151515151}","price, lineup, starter, weather, bullpen",0.431 TB/AB,No clear model edge at the available price.,rotowire_props_two_way,unavailable,xSLG 0.396; hard-hit 31.4%,1.5,STL,0.0
5.88,unavailable/not used; BvP is supporting only,6.0,-9.75,0.35702,+180,HOU@BOS,0.454545,PASS,2026-05-01,4,official_mlb_schedule,valid,+120,59F / 7 mph wind / 0% precip / open-air; roof not applicable,unavailable,Christian Walker,77,"{""avg"": 0.2916666666666667, ""games"": 12, ""hr_rate"": 0.058823529411764705, ""ops"": 0.875, ""pa"": 51, ""slg"": 0.5416666666666666, ""tb_rate"": 0.5098039215686274}",pitch-type matchup missing,0.552 TB/AB,Confidence cap prevents a BET label.,rotowire_props_two_way,unavailable,xSLG 0.502; hard-hit 48.9%,1.5,HOU,0.0
5.45,unavailable/not used; BvP is supporting only,6.0,-9.87,0.19539,+412,KC@SEA,0.294118,PASS,2026-05-01,8,Expected Lineup,valid,+240,64F / 7 mph wind / 3% precip / retractable roof; status unverified,unavailable,Isaac Collins,78,"{""avg"": null, ""games"": 0, ""hr_rate"": null, ""ops"": null, ""pa"": 0, ""slg"": null, ""tb_rate"": null}",official lineup missing; pitch-type matchup missing, TB/AB,Confidence cap prevents a BET label.,rotowire_props_two_way,unavailable,xSLG ; hard-hit %,1.5,KC,0.0
5.45,unavailable/not used; BvP is supporting only,6.0,-9.87,0.19539,+412,KC@SEA,0.294118,PASS,2026-05-01,9,Expected Lineup,valid,+240,64F / 7 mph wind / 3% precip / retractable roof; status unverified,unavailable,Kyle Isbel,79,"{""avg"": null, ""games"": 0, ""hr_rate"": null, ""ops"": null, ""pa"": 0, ""slg"": null, ""tb_rate"": null}",official lineup missing; pitch-type matchup missing, TB/AB,Confidence cap prevents a BET label.,rotowire_props_two_way,unavailable,xSLG ; hard-hit %,1.5,KC,0.0
9.74,unavailable/not used; BvP is supporting only,7.5,-9.96,0.240564,+316,TEX@DET,0.340136,PASS,2026-05-01,5,official_mlb_schedule,valid,+194,48F / 8 mph wind / 6% precip / open-air; roof not applicable,neutral,Joc Pederson,80,"{""avg"": 0.23333333333333334, ""games"": 12, ""hr_rate"": 0.02702702702702703, ""ops"": 0.6846846846846847, ""pa"": 37, ""slg"": 0.3333333333333333, ""tb_rate"": 0.2702702702702703}","price, lineup, starter, weather, bullpen",0.324 TB/AB,No clear model edge at the available price.,rotowire_props_two_way,unavailable,xSLG 0.351; hard-hit 52.9%,1.5,TEX,0.0
10.0,unavailable/not used; BvP is supporting only,6.0,-9.98,0.21274,+370,NYM@LAA,0.3125,PASS,2026-05-01,9,Expected Lineup,valid,+220,68F / 7 mph wind / 0% precip / open-air; roof not applicable,unavailable,Adam Frazier,81,"{""avg"": null, ""games"": 0, ""hr_rate"": null, ""ops"": null, ""pa"": 0, ""slg"": null, ""tb_rate"": null}",official lineup missing; pitch-type matchup missing, TB/AB,Confidence cap prevents a BET label.,rotowire_props_two_way,unavailable,xSLG ; hard-hit %,1.5,LAA,0.0
10.0,unavailable/not used; BvP is supporting only,7.5,-10.03,0.238634,+319,BAL@NYY,0.338983,PASS,2026-05-01,8,official_mlb_schedule,valid,+195,58F / 10 mph wind / 2% precip / open-air; roof not applicable,neutral,Austin Wells,82,"{""avg"": 0.21739130434782608, ""games"": 8, ""hr_rate"": 0.06666666666666667, ""ops"": 0.844927536231884, ""pa"": 30, ""slg"": 0.4782608695652174, ""tb_rate"": 0.36666666666666664}","price, lineup, starter, weather, bullpen",0.343 TB/AB,No clear model edge at the available price.,rotowire_props_two_way,unavailable,xSLG 0.390; hard-hit 46.4%,1.5,NYY,0.0
10.0,unavailable/not used; BvP is supporting only,7.5,-10.13,0.374885,+167,SF@TB,0.47619,PASS,2026-05-01,2,official_mlb_schedule,valid,+110,79F / 8 mph wind / 0% precip / fixed dome,favorable,Junior Caminero,83,"{""avg"": 0.2708333333333333, ""games"": 12, ""hr_rate"": 0.08163265306122448, ""ops"": 0.8273809523809523, ""pa"": 49, ""slg"": 0.5416666666666666, ""tb_rate"": 0.5306122448979592}","price, lineup, starter, weather, bullpen",0.487 TB/AB,No clear model edge at the available price.,rotowire_props_two_way,unavailable,xSLG 0.481; hard-hit 44.2%,1.5,TB,0.0
3.93,unavailable/not used; BvP is supporting only,7.5,-10.31,0.25917,+286,SF@TB,0.362319,PASS,2026-05-01,7,official_mlb_schedule,valid,+176,79F / 8 mph wind / 0% precip / fixed dome,neutral,Jung Hoo Lee,84,"{""avg"": 0.3695652173913043, ""games"": 12, ""hr_rate"": 0.02040816326530612, ""ops"": 0.929902395740905, ""pa"": 49, ""slg"": 0.5217391304347826, ""tb_rate"": 0.4897959183673469}","price, lineup, starter, weather, bullpen",0.441 TB/AB,No clear model edge at the available price.,rotowire_props_two_way,unavailable,xSLG 0.391; hard-hit 35.4%,1.5,SF,0.0
4.66,unavailable/not used; BvP is supporting only,7.5,-10.41,0.304076,+229,LAD@STL,0.408163,PASS,2026-05-01,2,official_mlb_schedule,valid,+145,62F / 6 mph wind / 1% precip / open-air; roof not applicable,favorable,Iván Herrera,85,"{""avg"": 0.3191489361702128, ""games"": 13, ""hr_rate"": 0.05, ""ops"": 0.9624113475177305, ""pa"": 60, ""slg"": 0.5957446808510638, ""tb_rate"": 0.4666666666666667}","price, lineup, starter, weather, bullpen",0.422 TB/AB,No clear model edge at the available price.,rotowire_props_two_way,unavailable,xSLG 0.453; hard-hit 46.6%,1.5,STL,0.0
10.0,unavailable/not used; BvP is supporting only,7.5,-10.67,0.266462,+275,SF@TB,0.373134,PASS,2026-05-01,6,official_mlb_schedule,valid,+168,79F / 8 mph wind / 0% precip / fixed dome,unfavorable,Jonny DeLuca,86,"{""avg"": 0.2916666666666667, ""games"": 8, ""hr_rate"": 0.0, ""ops"": 0.7366666666666667, ""pa"": 25, ""slg"": 0.4166666666666667, ""tb_rate"": 0.4}","price, lineup, starter, weather, bullpen",0.467 TB/AB,No clear model edge at the available price.,rotowire_props_two_way,unavailable,xSLG 0.410; hard-hit 32.7%,1.5,TB,0.0
5.88,unavailable/not used; BvP is supporting only,6.0,-10.94,0.227314,+340,HOU@BOS,0.3367,PASS,2026-05-01,8,official_mlb_schedule,valid,+197,59F / 7 mph wind / 0% precip / open-air; roof not applicable,unavailable,Brice Matthews,87,"{""avg"": 0.2903225806451613, ""games"": 11, ""hr_rate"": 0.029411764705882353, ""ops"": 0.8074003795066413, ""pa"": 34, ""slg"": 0.4838709677419355, ""tb_rate"": 0.4411764705882353}",pitch-type matchup missing,0.379 TB/AB,Confidence cap prevents a BET label.,rotowire_props_two_way,unavailable,xSLG ; hard-hit %,1.5,HOU,0.0
10.0,unavailable/not used; BvP is supporting only,7.5,-11.67,0.212235,+371,KC@SEA,0.328947,PASS,2026-05-01,6,official_mlb_schedule,valid,+204,64F / 7 mph wind / 3% precip / retractable roof; status unverified,neutral,Mitch Garver,88,"{""avg"": 0.25, ""games"": 8, ""hr_rate"": 0.0, ""ops"": 0.675, ""pa"": 24, ""slg"": 0.3, ""tb_rate"": 0.25}","price, lineup, starter, weather, bullpen",0.235 TB/AB,No clear model edge at the available price.,rotowire_props_two_way,unavailable,xSLG ; hard-hit %,1.5,SEA,0.0
10.0,unavailable/not used; BvP is supporting only,7.5,-11.72,0.299497,+234,LAD@STL,0.416667,PASS,2026-05-01,5,official_mlb_schedule,valid,+140,62F / 6 mph wind / 1% precip / open-air; roof not applicable,neutral,Kyle Tucker,89,"{""avg"": 0.24489795918367346, ""games"": 12, ""hr_rate"": 0.018867924528301886, ""ops"": 0.7100500577589526, ""pa"": 53, ""slg"": 0.40816326530612246, ""tb_rate"": 0.37735849056603776}","price, lineup, starter, weather, bullpen",0.371 TB/AB,No clear model edge at the available price.,rotowire_props_two_way,unavailable,xSLG 0.379; hard-hit 42.0%,1.5,LAD,0.0
10.0,unavailable/not used; BvP is supporting only,7.5,-11.79,0.298726,+235,KC@SEA,0.416667,PASS,2026-05-01,3,official_mlb_schedule,valid,+140,64F / 7 mph wind / 3% precip / retractable roof; status unverified,neutral,Julio Rodríguez,90,"{""avg"": 0.3333333333333333, ""games"": 12, ""hr_rate"": 0.018867924528301886, ""ops"": 0.8290788013318535, ""pa"": 53, ""slg"": 0.47058823529411764, ""tb_rate"": 0.4528301886792453}","price, lineup, starter, weather, bullpen",0.349 TB/AB,No clear model edge at the available price.,rotowire_props_two_way,unavailable,xSLG 0.391; hard-hit 40.0%,1.5,SEA,0.0
6.46,unavailable/not used; BvP is supporting only,6.0,-12.08,0.215928,+363,CWS@SD,0.3367,PASS,2026-05-01,7,Expected Lineup,valid,+197,64F / 5 mph wind / 0% precip / open-air; roof not applicable,unavailable,Chase Meidroth,91,"{""avg"": null, ""games"": 0, ""hr_rate"": null, ""ops"": null, ""pa"": 0, ""slg"": null, ""tb_rate"": null}",official lineup missing; pitch-type matchup missing, TB/AB,Confidence cap prevents a BET label.,rotowire_props_two_way,unavailable,xSLG ; hard-hit %,1.5,CWS,0.0
10.0,unavailable/not used; BvP is supporting only,7.5,-12.21,0.370523,+170,TOR@MIN,0.492611,PASS,2026-05-01,1,official_mlb_schedule,valid,+103,53F / 8 mph wind / 0% precip / open-air; roof not applicable,neutral,Byron Buxton,92,"{""avg"": 0.2727272727272727, ""games"": 12, ""hr_rate"": 0.0847457627118644, ""ops"": 0.8869029275808937, ""pa"": 59, ""slg"": 0.5818181818181818, ""tb_rate"": 0.5423728813559322}","price, lineup, starter, weather, bullpen",0.504 TB/AB,No clear model edge at the available price.,rotowire_props_two_way,unavailable,xSLG 0.439; hard-hit 45.5%,1.5,MIN,0.0
4.33,unavailable/not used; BvP is supporting only,7.5,-12.21,0.294573,+239,PHI@MIA,0.416667,PASS,2026-05-01,3,official_mlb_schedule,valid,+140,81F / 12 mph wind / 0% precip / retractable roof; status unverified,neutral,Adolis García,93,"{""avg"": 0.2608695652173913, ""games"": 13, ""hr_rate"": 0.019230769230769232, ""ops"": 0.7374581939799332, ""pa"": 52, ""slg"": 0.391304347826087, ""tb_rate"": 0.34615384615384615}","price, lineup, starter, weather, bullpen",0.387 TB/AB,No clear model edge at the available price.,rotowire_props_two_way,unavailable,xSLG 0.396; hard-hit 50.0%,1.5,PHI,0.0
10.0,unavailable/not used; BvP is supporting only,7.5,-12.39,0.227006,+341,CIN@PIT,0.350877,PASS,2026-05-01,8,official_mlb_schedule,valid,+185,49F / 11 mph wind / 59% precip / open-air; roof not applicable,neutral,Tyler Stephenson,94,"{""avg"": 0.18181818181818182, ""games"": 11, ""hr_rate"": 0.0, ""ops"": 0.5358851674641147, ""pa"": 38, ""slg"": 0.2727272727272727, ""tb_rate"": 0.23684210526315788}","price, lineup, starter, weather, bullpen",0.301 TB/AB,No clear model edge at the available price.,rotowire_props_two_way,unavailable,xSLG 0.435; hard-hit 57.1%,1.5,CIN,0.0
10.0,unavailable/not used; BvP is supporting only,6.0,-12.62,0.21274,+370,NYM@LAA,0.338983,PASS,2026-05-01,8,Expected Lineup,valid,+195,68F / 7 mph wind / 0% precip / open-air; roof not applicable,unavailable,Travis d'Arnaud,95,"{""avg"": null, ""games"": 0, ""hr_rate"": null, ""ops"": null, ""pa"": 0, ""slg"": null, ""tb_rate"": null}",official lineup missing; pitch-type matchup missing, TB/AB,Confidence cap prevents a BET label.,rotowire_props_two_way,unavailable,xSLG ; hard-hit %,1.5,LAA,0.0
10.0,unavailable/not used; BvP is supporting only,7.5,-12.67,0.279838,+257,PHI@MIA,0.406504,PASS,2026-05-01,4,official_mlb_schedule,valid,+146,81F / 12 mph wind / 0% precip / retractable roof; status unverified,neutral,Xavier Edwards,96,"{""avg"": 0.3333333333333333, ""games"": 12, ""hr_rate"": 0.0, ""ops"": 0.8764600179694519, ""pa"": 53, ""slg"": 0.40476190476190477, ""tb_rate"": 0.32075471698113206}","price, lineup, starter, weather, bullpen",0.451 TB/AB,No clear model edge at the available price.,rotowire_props_two_way,unavailable,xSLG 0.426; hard-hit 41.4%,1.5,MIA,0.0
3.93,unavailable/not used; BvP is supporting only,7.5,-13.14,0.137372,+628,SF@TB,0.268817,PASS,2026-05-01,9,official_mlb_schedule,valid,+272,79F / 8 mph wind / 0% precip / fixed dome,unfavorable,Patrick Bailey,97,"{""avg"": 0.18518518518518517, ""games"": 10, ""hr_rate"": 0.03225806451612903, ""ops"": 0.5866188769414575, ""pa"": 31, ""slg"": 0.2962962962962963, ""tb_rate"": 0.25806451612903225}","price, lineup, starter, weather, bullpen",0.189 TB/AB,No clear model edge at the available price.,rotowire_props_two_way,unavailable,xSLG 0.368; hard-hit 45.5%,1.5,SF,0.0
10.0,unavailable/not used; BvP is supporting only,7.5,-13.27,0.268892,+272,BAL@NYY,0.401606,PASS,2026-05-01,5,official_mlb_schedule,valid,+149,58F / 10 mph wind / 2% precip / open-air; roof not applicable,unfavorable,Amed Rosario,98,"{""avg"": 0.2608695652173913, ""games"": 8, ""hr_rate"": 0.07692307692307693, ""ops"": 0.8294314381270903, ""pa"": 26, ""slg"": 0.5217391304347826, ""tb_rate"": 0.46153846153846156}","price, lineup, starter, weather, bullpen",0.526 TB/AB,No clear model edge at the available price.,rotowire_props_two_way,unavailable,xSLG ; hard-hit %,1.5,NYY,0.0
10.0,unavailable/not used; BvP is supporting only,7.5,-13.42,0.285925,+250,ATL@COL,0.420168,PASS,2026-05-01,6,official_mlb_schedule,valid,+138,60F / 7 mph wind / 1% precip / open-air; roof not applicable,neutral,Troy Johnston,99,"{""avg"": 0.3333333333333333, ""games"": 12, ""hr_rate"": 0.0, ""ops"": 0.8099773242630386, ""pa"": 49, ""slg"": 0.4222222222222222, ""tb_rate"": 0.3877551020408163}","price, lineup, starter, weather, bullpen",0.448 TB/AB,No clear model edge at the available price.,rotowire_props_two_way,unavailable,xSLG 0.398; hard-hit 41.3%,1.5,COL,0.0
6.46,unavailable/not used; BvP is supporting only,6.0,-13.49,0.215928,+363,CWS@SD,0.350877,PASS,2026-05-01,6,Expected Lineup,valid,+185,64F / 5 mph wind / 0% precip / open-air; roof not applicable,unavailable,Sam Antonacci,100,"{""avg"": null, ""games"": 0, ""hr_rate"": null, ""ops"": null, ""pa"": 0, ""slg"": null, ""tb_rate"": null}",official lineup missing; pitch-type matchup missing, TB/AB,Confidence cap prevents a BET label.,rotowire_props_two_way,unavailable,xSLG ; hard-hit %,1.5,CWS,0.0
10.0,unavailable/not used; BvP is supporting only,7.5,-13.6,0.204121,+390,BAL@NYY,0.340136,PASS,2026-05-01,9,official_mlb_schedule,valid,+194,58F / 10 mph wind / 2% precip / open-air; roof not applicable,unfavorable,Trent Grisham,101,"{""avg"": 0.14285714285714285, ""games"": 11, ""hr_rate"": 0.047619047619047616, ""ops"": 0.5761904761904761, ""pa"": 42, ""slg"": 0.3142857142857143, ""tb_rate"": 0.2619047619047619}","price, lineup, starter, weather, bullpen",0.312 TB/AB,No clear model edge at the available price.,rotowire_props_two_way,unavailable,xSLG 0.440; hard-hit 52.1%,1.5,NYY,0.0
5.48,unavailable/not used; BvP is supporting only,7.5,-13.62,0.220941,+353,BAL@NYY,0.357143,PASS,2026-05-01,7,official_mlb_schedule,valid,+180,58F / 10 mph wind / 2% precip / open-air; roof not applicable,favorable,Leody Taveras,102,"{""avg"": 0.20588235294117646, ""games"": 10, ""hr_rate"": 0.05128205128205128, ""ops"": 0.748868778280543, ""pa"": 39, ""slg"": 0.4411764705882353, ""tb_rate"": 0.38461538461538464}","price, lineup, starter, weather, bullpen",0.455 TB/AB,No clear model edge at the available price.,rotowire_props_two_way,unavailable,xSLG 0.453; hard-hit 37.3%,1.5,BAL,0.0
10.0,unavailable/not used; BvP is supporting only,7.5,-13.86,0.337546,+196,HOU@BOS,0.47619,PASS,2026-05-01,4,official_mlb_schedule,valid,+110,59F / 7 mph wind / 0% precip / open-air; roof not applicable,neutral,Wilyer Abreu,103,"{""avg"": 0.2708333333333333, ""games"": 13, ""hr_rate"": 0.01818181818181818, ""ops"": 0.7386363636363636, ""pa"": 55, ""slg"": 0.375, ""tb_rate"": 0.32727272727272727}","price, lineup, starter, weather, bullpen",0.482 TB/AB,No clear model edge at the available price.,rotowire_props_two_way,unavailable,xSLG 0.499; hard-hit 47.8%,1.5,BOS,0.0
9.74,unavailable/not used; BvP is supporting only,7.5,-14.03,0.304134,+229,TEX@DET,0.444444,PASS,2026-05-01,3,official_mlb_schedule,valid,+125,48F / 8 mph wind / 6% precip / open-air; roof not applicable,unfavorable,Corey Seager,104,"{""avg"": 0.2127659574468085, ""games"": 12, ""hr_rate"": 0.019230769230769232, ""ops"": 0.6309328968903437, ""pa"": 52, ""slg"": 0.3617021276595745, ""tb_rate"": 0.3269230769230769}","price, lineup, starter, weather, bullpen",0.414 TB/AB,No clear model edge at the available price.,rotowire_props_two_way,unavailable,xSLG 0.443; hard-hit 43.0%,1.5,TEX,0.0
10.0,unavailable/not used; BvP is supporting only,7.5,-14.06,0.42464,+135,ATL@COL,0.565217,PASS,2026-05-01,2,official_mlb_schedule,valid,-130,60F / 7 mph wind / 1% precip / open-air; roof not applicable,favorable,Drake Baldwin,105,"{""avg"": 0.28846153846153844, ""games"": 13, ""hr_rate"": 0.03333333333333333, ""ops"": 0.8064102564102564, ""pa"": 60, ""slg"": 0.4230769230769231, ""tb_rate"": 0.36666666666666664}","price, lineup, starter, weather, bullpen",0.500 TB/AB,No clear model edge at the available price.,rotowire_props_two_way,unavailable,xSLG 0.543; hard-hit 49.0%,1.5,ATL,0.0
10.0,unavailable/not used; BvP is supporting only,7.5,-14.09,0.315703,+217,LAD@STL,0.456621,PASS,2026-05-01,6,official_mlb_schedule,valid,+119,62F / 6 mph wind / 1% precip / open-air; roof not applicable,neutral,Andy Pages,106,"{""avg"": 0.1956521739130435, ""games"": 13, ""hr_rate"": 0.0, ""ops"": 0.5108695652173914, ""pa"": 52, ""slg"": 0.2608695652173913, ""tb_rate"": 0.23076923076923078}","price, lineup, starter, weather, bullpen",0.518 TB/AB,No clear model edge at the available price.,rotowire_props_two_way,unavailable,xSLG 0.446; hard-hit 53.5%,1.5,LAD,0.0
10.0,unavailable/not used; BvP is supporting only,7.5,-14.15,0.159751,+526,PHI@MIA,0.301205,PASS,2026-05-01,7,official_mlb_schedule,valid,+232,81F / 12 mph wind / 0% precip / retractable roof; status unverified,unfavorable,Owen Caissie,107,"{""avg"": 0.16666666666666666, ""games"": 12, ""hr_rate"": 0.0, ""ops"": 0.4017094017094017, ""pa"": 39, ""slg"": 0.2222222222222222, ""tb_rate"": 0.20512820512820512}","price, lineup, starter, weather, bullpen",0.345 TB/AB,No clear model edge at the available price.,rotowire_props_two_way,unavailable,xSLG 0.371; hard-hit 46.9%,1.5,MIA,0.0
10.0,unavailable/not used; BvP is supporting only,7.5,-14.34,0.315303,+217,LAD@STL,0.458716,PASS,2026-05-01,3,official_mlb_schedule,valid,+118,62F / 6 mph wind / 1% precip / open-air; roof not applicable,favorable,Will Smith,108,"{""avg"": 0.24242424242424243, ""games"": 10, ""hr_rate"": 0.02857142857142857, ""ops"": 0.5904761904761904, ""pa"": 35, ""slg"": 0.3333333333333333, ""tb_rate"": 0.3142857142857143}","price, lineup, starter, weather, bullpen",0.382 TB/AB,No clear model edge at the available price.,rotowire_props_two_way,unavailable,xSLG 0.476; hard-hit 36.5%,1.5,LAD,0.0
5.48,unavailable/not used; BvP is supporting only,7.5,-14.51,0.17133,+484,BAL@NYY,0.316456,PASS,2026-05-01,8,official_mlb_schedule,valid,+216,58F / 10 mph wind / 2% precip / open-air; roof not applicable,neutral,Coby Mayo,109,"{""avg"": 0.1875, ""games"": 12, ""hr_rate"": 0.08571428571428572, ""ops"": 0.7285714285714285, ""pa"": 35, ""slg"": 0.5, ""tb_rate"": 0.45714285714285713}","price, lineup, starter, weather, bullpen",0.325 TB/AB,No clear model edge at the available price.,rotowire_props_two_way,unavailable,xSLG 0.370; hard-hit 39.6%,1.5,BAL,0.0
4.66,unavailable/not used; BvP is supporting only,7.5,-14.59,0.166558,+500,LAD@STL,0.3125,PASS,2026-05-01,5,official_mlb_schedule,valid,+220,62F / 6 mph wind / 1% precip / open-air; roof not applicable,favorable,Nolan Gorman,110,"{""avg"": 0.24, ""games"": 13, ""hr_rate"": 0.03636363636363636, ""ops"": 0.6909090909090909, ""pa"": 55, ""slg"": 0.4, ""tb_rate"": 0.36363636363636365}","price, lineup, starter, weather, bullpen",0.359 TB/AB,No clear model edge at the available price.,rotowire_props_two_way,unavailable,xSLG 0.364; hard-hit 41.1%,1.5,STL,0.0
10.0,unavailable/not used; BvP is supporting only,7.5,-14.75,0.283511,+253,ATL@COL,0.431034,PASS,2026-05-01,7,official_mlb_schedule,valid,+132,60F / 7 mph wind / 1% precip / open-air; roof not applicable,neutral,Eli White,111,"{""avg"": 0.21428571428571427, ""games"": 11, ""hr_rate"": 0.07142857142857142, ""ops"": 0.6428571428571428, ""pa"": 28, ""slg"": 0.42857142857142855, ""tb_rate"": 0.42857142857142855}","price, lineup, starter, weather, bullpen",0.366 TB/AB,No clear model edge at the available price.,rotowire_props_two_way,unavailable,xSLG ; hard-hit %,1.5,ATL,0.0
10.0,unavailable/not used; BvP is supporting only,7.5,-14.85,0.206098,+385,CIN@PIT,0.35461,PASS,2026-05-01,7,official_mlb_schedule,valid,+182,49F / 11 mph wind / 59% precip / open-air; roof not applicable,neutral,Spencer Horwitz,112,"{""avg"": 0.2894736842105263, ""games"": 12, ""hr_rate"": 0.043478260869565216, ""ops"": 0.8649885583524027, ""pa"": 46, ""slg"": 0.47368421052631576, ""tb_rate"": 0.391304347826087}","price, lineup, starter, weather, bullpen",0.381 TB/AB,No clear model edge at the available price.,rotowire_props_two_way,unavailable,xSLG 0.312; hard-hit 28.2%,1.5,PIT,0.0
10.0,unavailable/not used; BvP is supporting only,7.5,-15.02,0.288396,+247,ATL@COL,0.438596,PASS,2026-05-01,4,official_mlb_schedule,valid,+128,60F / 7 mph wind / 1% precip / open-air; roof not applicable,favorable,TJ Rumfield,113,"{""avg"": 0.26, ""games"": 13, ""hr_rate"": 0.01818181818181818, ""ops"": 0.729090909090909, ""pa"": 55, ""slg"": 0.42, ""tb_rate"": 0.38181818181818183}","price, lineup, starter, weather, bullpen",0.412 TB/AB,No clear model edge at the available price.,rotowire_props_two_way,unavailable,xSLG 0.443; hard-hit 38.9%,1.5,COL,0.0
4.33,unavailable/not used; BvP is supporting only,7.5,-15.27,0.206991,+383,PHI@MIA,0.359712,PASS,2026-05-01,6,official_mlb_schedule,valid,+178,81F / 12 mph wind / 0% precip / retractable roof; status unverified,neutral,Bryson Stott,114,"{""avg"": 0.21212121212121213, ""games"": 10, ""hr_rate"": 0.0, ""ops"": 0.5858585858585859, ""pa"": 36, ""slg"": 0.36363636363636365, ""tb_rate"": 0.3333333333333333}","price, lineup, starter, weather, bullpen",0.276 TB/AB,No clear model edge at the available price.,rotowire_props_two_way,unavailable,xSLG 0.358; hard-hit 43.7%,1.5,PHI,0.0
5.48,unavailable/not used; BvP is supporting only,7.5,-15.53,0.233806,+328,BAL@NYY,0.389105,PASS,2026-05-01,2,official_mlb_schedule,valid,+157,58F / 10 mph wind / 2% precip / open-air; roof not applicable,favorable,Taylor Ward,115,"{""avg"": 0.3076923076923077, ""games"": 12, ""hr_rate"": 0.01818181818181818, ""ops"": 0.9706293706293706, ""pa"": 55, ""slg"": 0.46153846153846156, ""tb_rate"": 0.32727272727272727}","price, lineup, starter, weather, bullpen",0.443 TB/AB,No clear model edge at the available price.,rotowire_props_two_way,unavailable,xSLG 0.431; hard-hit 37.9%,1.5,BAL,0.0
10.0,unavailable/not used; BvP is supporting only,7.5,-15.54,0.182465,+448,BAL@NYY,0.337838,PASS,2026-05-01,6,official_mlb_schedule,valid,+196,58F / 10 mph wind / 2% precip / open-air; roof not applicable,unfavorable,Jazz Chisholm Jr.,116,"{""avg"": 0.23809523809523808, ""games"": 11, ""hr_rate"": 0.06382978723404255, ""ops"": 0.7715298885511652, ""pa"": 47, ""slg"": 0.4523809523809524, ""tb_rate"": 0.40425531914893614}","price, lineup, starter, weather, bullpen",0.330 TB/AB,No clear model edge at the available price.,rotowire_props_two_way,unavailable,xSLG 0.334; hard-hit 41.9%,1.5,NYY,0.0
10.0,unavailable/not used; BvP is supporting only,7.5,-15.55,0.216198,+363,MIL@WSH,0.371747,PASS,2026-05-01,5,official_mlb_schedule,valid,+169,67F / 10 mph wind / 1% precip / open-air; roof not applicable,neutral,Daylen Lile,117,"{""avg"": 0.2222222222222222, ""games"": 12, ""hr_rate"": 0.05660377358490566, ""ops"": 0.8062893081761007, ""pa"": 53, ""slg"": 0.4666666666666667, ""tb_rate"": 0.39622641509433965}","price, lineup, starter, weather, bullpen",0.383 TB/AB,No clear model edge at the available price.,rotowire_props_two_way,unavailable,xSLG 0.430; hard-hit 38.2%,1.5,WSH,0.0
10.0,unavailable/not used; BvP is supporting only,7.5,-15.69,0.256312,+290,HOU@BOS,0.413223,PASS,2026-05-01,6,official_mlb_schedule,valid,+142,59F / 7 mph wind / 0% precip / open-air; roof not applicable,neutral,Marcelo Mayer,118,"{""avg"": 0.37037037037037035, ""games"": 11, ""hr_rate"": 0.0, ""ops"": 0.8814814814814815, ""pa"": 30, ""slg"": 0.48148148148148145, ""tb_rate"": 0.43333333333333335}","price, lineup, starter, weather, bullpen",0.373 TB/AB,No clear model edge at the available price.,rotowire_props_two_way,unavailable,xSLG 0.346; hard-hit 42.9%,1.5,BOS,0.0
10.0,unavailable/not used; BvP is supporting only,7.5,-15.83,0.205373,+387,CIN@PIT,0.363636,PASS,2026-05-01,8,official_mlb_schedule,valid,+175,49F / 11 mph wind / 59% precip / open-air; roof not applicable,favorable,Konnor Griffin,119,"{""avg"": 0.24489795918367346, ""games"": 13, ""hr_rate"": 0.038461538461538464, ""ops"": 0.6558084772370487, ""pa"": 52, ""slg"": 0.3673469387755102, ""tb_rate"": 0.34615384615384615}","price, lineup, starter, weather, bullpen",0.341 TB/AB,No clear model edge at the available price.,rotowire_props_two_way,unavailable,xSLG 0.369; hard-hit 30.6%,1.5,PIT,0.0
10.0,unavailable/not used; BvP is supporting only,7.5,-16.12,0.224915,+345,TOR@MIN,0.3861,PASS,2026-05-01,8,official_mlb_schedule,valid,+159,53F / 8 mph wind / 0% precip / open-air; roof not applicable,unfavorable,Brooks Lee,120,"{""avg"": 0.24444444444444444, ""games"": 12, ""hr_rate"": 0.0392156862745098, ""ops"": 0.7333333333333334, ""pa"": 51, ""slg"": 0.4, ""tb_rate"": 0.35294117647058826}","price, lineup, starter, weather, bullpen",0.414 TB/AB,No clear model edge at the available price.,rotowire_props_two_way,unavailable,xSLG 0.333; hard-hit 34.2%,1.5,MIN,0.0
10.0,unavailable/not used; BvP is supporting only,7.5,-16.19,0.241289,+314,ATL@COL,0.403226,PASS,2026-05-01,7,official_mlb_schedule,valid,+148,60F / 7 mph wind / 1% precip / open-air; roof not applicable,neutral,Willi Castro,121,"{""avg"": 0.3333333333333333, ""games"": 8, ""hr_rate"": 0.0, ""ops"": 0.7976190476190477, ""pa"": 24, ""slg"": 0.38095238095238093, ""tb_rate"": 0.3333333333333333}","price, lineup, starter, weather, bullpen",0.351 TB/AB,No clear model edge at the available price.,rotowire_props_two_way,unavailable,xSLG 0.354; hard-hit 43.8%,1.5,COL,0.0
5.45,unavailable/not used; BvP is supporting only,6.0,-16.3,0.19539,+412,KC@SEA,0.358423,PASS,2026-05-01,7,Expected Lineup,valid,+179,64F / 7 mph wind / 3% precip / retractable roof; status unverified,unavailable,Jac Caglianone,122,"{""avg"": null, ""games"": 0, ""hr_rate"": null, ""ops"": null, ""pa"": 0, ""slg"": null, ""tb_rate"": null}",official lineup missing; pitch-type matchup missing, TB/AB,Confidence cap prevents a BET label.,rotowire_props_two_way,unavailable,xSLG ; hard-hit %,1.5,KC,0.0
10.0,unavailable/not used; BvP is supporting only,7.5,-16.36,0.260112,+284,CIN@PIT,0.423729,PASS,2026-05-01,5,official_mlb_schedule,valid,+136,49F / 11 mph wind / 59% precip / open-air; roof not applicable,neutral,Nick Gonzales,123,"{""avg"": 0.3829787234042553, ""games"": 13, ""hr_rate"": 0.0, ""ops"": 0.8176887776387151, ""pa"": 51, ""slg"": 0.425531914893617, ""tb_rate"": 0.39215686274509803}","price, lineup, starter, weather, bullpen",0.365 TB/AB,No clear model edge at the available price.,rotowire_props_two_way,unavailable,xSLG 0.392; hard-hit 42.2%,1.5,PIT,0.0
9.74,unavailable/not used; BvP is supporting only,7.5,-16.38,0.132066,+657,TEX@DET,0.295858,PASS,2026-05-01,9,official_mlb_schedule,valid,+238,48F / 8 mph wind / 6% precip / open-air; roof not applicable,unfavorable,Danny Jansen,124,"{""avg"": 0.16666666666666666, ""games"": 8, ""hr_rate"": 0.0, ""ops"": 0.5555555555555556, ""pa"": 27, ""slg"": 0.3333333333333333, ""tb_rate"": 0.2962962962962963}","price, lineup, starter, weather, bullpen",0.343 TB/AB,No clear model edge at the available price.,rotowire_props_two_way,unavailable,xSLG 0.272; hard-hit 31.8%,1.5,TEX,0.0
3.4,unavailable/not used; BvP is supporting only,7.5,-16.7,0.208971,+379,TEX@DET,0.37594,PASS,2026-05-01,6,official_mlb_schedule,valid,+166,48F / 8 mph wind / 6% precip / open-air; roof not applicable,neutral,Matt Vierling,125,"{""avg"": 0.2222222222222222, ""games"": 12, ""hr_rate"": 0.0, ""ops"": 0.6706349206349207, ""pa"": 42, ""slg"": 0.3611111111111111, ""tb_rate"": 0.30952380952380953}","price, lineup, starter, weather, bullpen",0.371 TB/AB,No clear model edge at the available price.,rotowire_props_two_way,unavailable,xSLG 0.373; hard-hit 41.5%,1.5,DET,0.0
10.0,unavailable/not used; BvP is supporting only,7.5,-16.99,0.304051,+229,SF@TB,0.473934,PASS,2026-05-01,4,official_mlb_schedule,valid,+111,79F / 8 mph wind / 0% precip / fixed dome,favorable,Yandy Díaz,126,"{""avg"": 0.26666666666666666, ""games"": 12, ""hr_rate"": 0.0196078431372549, ""ops"": 0.6888888888888889, ""pa"": 51, ""slg"": 0.35555555555555557, ""tb_rate"": 0.3137254901960784}","price, lineup, starter, weather, bullpen",0.478 TB/AB,No clear model edge at the available price.,rotowire_props_two_way,unavailable,xSLG 0.460; hard-hit 44.9%,1.5,TB,0.0
10.0,unavailable/not used; BvP is supporting only,7.5,-17.29,0.292176,+242,ATL@COL,0.465116,PASS,2026-05-01,8,official_mlb_schedule,valid,+115,60F / 7 mph wind / 1% precip / open-air; roof not applicable,neutral,Jonah Heim,127,"{""avg"": 0.3076923076923077, ""games"": 4, ""hr_rate"": 0.0, ""ops"": 0.8186813186813187, ""pa"": 14, ""slg"": 0.46153846153846156, ""tb_rate"": 0.42857142857142855}","price, lineup, starter, weather, bullpen",0.312 TB/AB,No clear model edge at the available price.,rotowire_props_two_way,unavailable,xSLG ; hard-hit %,1.5,ATL,0.0
4.33,unavailable/not used; BvP is supporting only,7.5,-17.44,0.161133,+521,PHI@MIA,0.33557,PASS,2026-05-01,8,official_mlb_schedule,valid,+198,81F / 12 mph wind / 0% precip / retractable roof; status unverified,neutral,Justin Crawford,128,"{""avg"": 0.24324324324324326, ""games"": 10, ""hr_rate"": 0.0, ""ops"": 0.6170072511535927, ""pa"": 41, ""slg"": 0.32432432432432434, ""tb_rate"": 0.2926829268292683}","price, lineup, starter, weather, bullpen",0.367 TB/AB,No clear model edge at the available price.,rotowire_props_two_way,unavailable,xSLG 0.308; hard-hit 35.2%,1.5,PHI,0.0
10.0,unavailable/not used; BvP is supporting only,6.0,-17.49,0.21274,+370,NYM@LAA,0.387597,PASS,2026-05-01,7,Expected Lineup,valid,+158,68F / 7 mph wind / 0% precip / open-air; roof not applicable,unavailable,Josh Lowe,129,"{""avg"": null, ""games"": 0, ""hr_rate"": null, ""ops"": null, ""pa"": 0, ""slg"": null, ""tb_rate"": null}",official lineup missing; pitch-type matchup missing, TB/AB,Confidence cap prevents a BET label.,rotowire_props_two_way,unavailable,xSLG ; hard-hit %,1.5,LAA,0.0
5.45,unavailable/not used; BvP is supporting only,6.0,-17.5,0.19539,+412,KC@SEA,0.37037,PASS,2026-05-01,6,Expected Lineup,valid,+170,64F / 7 mph wind / 3% precip / retractable roof; status unverified,unavailable,Michael Massey,130,"{""avg"": null, ""games"": 0, ""hr_rate"": null, ""ops"": null, ""pa"": 0, ""slg"": null, ""tb_rate"": null}",official lineup missing; pitch-type matchup missing, TB/AB,Confidence cap prevents a BET label.,rotowire_props_two_way,unavailable,xSLG ; hard-hit %,1.5,KC,0.0
10.0,unavailable/not used; BvP is supporting only,7.5,-17.54,0.148256,+575,SF@TB,0.323625,PASS,2026-05-01,8,official_mlb_schedule,valid,+209,79F / 8 mph wind / 0% precip / fixed dome,neutral,Nick Fortes,131,"{""avg"": 0.19230769230769232, ""games"": 9, ""hr_rate"": 0.0, ""ops"": 0.43766578249336874, ""pa"": 29, ""slg"": 0.23076923076923078, ""tb_rate"": 0.20689655172413793}","price, lineup, starter, weather, bullpen",0.382 TB/AB,No clear model edge at the available price.,rotowire_props_two_way,unavailable,xSLG 0.363; hard-hit 42.4%,1.5,TB,0.0
9.74,unavailable/not used; BvP is supporting only,7.5,-17.57,0.186662,+436,TEX@DET,0.362319,PASS,2026-05-01,2,official_mlb_schedule,valid,+176,48F / 8 mph wind / 6% precip / open-air; roof not applicable,neutral,Evan Carter,132,"{""avg"": 0.1891891891891892, ""games"": 12, ""hr_rate"": 0.022222222222222223, ""ops"": 0.5417417417417417, ""pa"": 45, ""slg"": 0.2972972972972973, ""tb_rate"": 0.24444444444444444}","price, lineup, starter, weather, bullpen",0.333 TB/AB,No clear model edge at the available price.,rotowire_props_two_way,unavailable,xSLG 0.364; hard-hit 38.2%,1.5,TEX,0.0
10.0,unavailable/not used; BvP is supporting only,7.5,-17.9,0.168187,+495,MIL@WSH,0.347222,PASS,2026-05-01,6,official_mlb_schedule,valid,+188,67F / 10 mph wind / 1% precip / open-air; roof not applicable,neutral,Brady House,133,"{""avg"": 0.1951219512195122, ""games"": 11, ""hr_rate"": 0.044444444444444446, ""ops"": 0.608130081300813, ""pa"": 45, ""slg"": 0.34146341463414637, ""tb_rate"": 0.3111111111111111}","price, lineup, starter, weather, bullpen",0.369 TB/AB,No clear model edge at the available price.,rotowire_props_two_way,unavailable,xSLG 0.397; hard-hit 42.5%,1.5,WSH,0.0
10.0,unavailable/not used; BvP is supporting only,7.5,-17.92,0.229002,+337,TOR@MIN,0.408163,PASS,2026-05-01,2,official_mlb_schedule,valid,+145,53F / 8 mph wind / 0% precip / open-air; roof not applicable,neutral,Austin Martin,134,"{""avg"": 0.3076923076923077, ""games"": 11, ""hr_rate"": 0.0, ""ops"": 0.8257918552036199, ""pa"": 34, ""slg"": 0.38461538461538464, ""tb_rate"": 0.29411764705882354}","price, lineup, starter, weather, bullpen",0.422 TB/AB,No clear model edge at the available price.,rotowire_props_two_way,unavailable,xSLG 0.370; hard-hit 36.5%,1.5,MIN,0.0
10.0,unavailable/not used; BvP is supporting only,6.0,-17.94,0.21274,+370,NYM@LAA,0.392157,PASS,2026-05-01,5,Expected Lineup,valid,+155,68F / 7 mph wind / 0% precip / open-air; roof not applicable,unavailable,Nolan Schanuel,135,"{""avg"": null, ""games"": 0, ""hr_rate"": null, ""ops"": null, ""pa"": 0, ""slg"": null, ""tb_rate"": null}",official lineup missing; pitch-type matchup missing, TB/AB,Confidence cap prevents a BET label.,rotowire_props_two_way,unavailable,xSLG ; hard-hit %,1.5,LAA,0.0
3.22,unavailable/not used; BvP is supporting only,6.0,-18.0,0.153352,+552,CLE@ATH,0.333333,PASS,2026-05-01,7,Expected Lineup,valid,+200,74F / 10 mph wind / 0% precip / open-air; roof not applicable,unavailable,Zack Gelof,136,"{""avg"": null, ""games"": 0, ""hr_rate"": null, ""ops"": null, ""pa"": 0, ""slg"": null, ""tb_rate"": null}",official lineup missing; pitch-type matchup missing, TB/AB,Confidence cap prevents a BET label.,rotowire_props_two_way,unavailable,xSLG ; hard-hit %,1.5,ATH,0.0
10.0,unavailable/not used; BvP is supporting only,7.5,-18.12,0.197582,+406,TOR@MIN,0.378788,PASS,2026-05-01,7,official_mlb_schedule,valid,+164,53F / 8 mph wind / 0% precip / open-air; roof not applicable,neutral,Royce Lewis,137,"{""avg"": 0.16666666666666666, ""games"": 8, ""hr_rate"": 0.03225806451612903, ""ops"": 0.46021505376344085, ""pa"": 31, ""slg"": 0.26666666666666666, ""tb_rate"": 0.25806451612903225}","price, lineup, starter, weather, bullpen",0.364 TB/AB,No clear model edge at the available price.,rotowire_props_two_way,unavailable,xSLG 0.372; hard-hit 44.4%,1.5,MIN,0.0
10.0,unavailable/not used; BvP is supporting only,7.5,-18.19,0.25104,+298,ATL@COL,0.4329,PASS,2026-05-01,5,official_mlb_schedule,valid,+131,60F / 7 mph wind / 1% precip / open-air; roof not applicable,neutral,Tyler Freeman,138,"{""avg"": 0.2692307692307692, ""games"": 8, ""hr_rate"": 0.03333333333333333, ""ops"": 0.6897435897435897, ""pa"": 30, ""slg"": 0.4230769230769231, ""tb_rate"": 0.36666666666666664}","price, lineup, starter, weather, bullpen",0.357 TB/AB,No clear model edge at the available price.,rotowire_props_two_way,unavailable,xSLG ; hard-hit %,1.5,COL,0.0
5.45,unavailable/not used; BvP is supporting only,6.0,-18.48,0.19539,+412,KC@SEA,0.380228,PASS,2026-05-01,4,Expected Lineup,valid,+163,64F / 7 mph wind / 3% precip / retractable roof; status unverified,unavailable,Salvador Perez,139,"{""avg"": null, ""games"": 0, ""hr_rate"": null, ""ops"": null, ""pa"": 0, ""slg"": null, ""tb_rate"": null}",official lineup missing; pitch-type matchup missing, TB/AB,Confidence cap prevents a BET label.,rotowire_props_two_way,unavailable,xSLG ; hard-hit %,1.5,KC,0.0
5.45,unavailable/not used; BvP is supporting only,6.0,-18.48,0.19539,+412,KC@SEA,0.380228,PASS,2026-05-01,5,Expected Lineup,valid,+163,64F / 7 mph wind / 3% precip / retractable roof; status unverified,unavailable,Carter Jensen,140,"{""avg"": null, ""games"": 0, ""hr_rate"": null, ""ops"": null, ""pa"": 0, ""slg"": null, ""tb_rate"": null}",official lineup missing; pitch-type matchup missing, TB/AB,Confidence cap prevents a BET label.,rotowire_props_two_way,unavailable,xSLG ; hard-hit %,1.5,KC,0.0
9.49,unavailable/not used; BvP is supporting only,7.5,-18.62,0.303991,+229,TOR@MIN,0.490196,PASS,2026-05-01,1,official_mlb_schedule,valid,+104,53F / 8 mph wind / 0% precip / open-air; roof not applicable,neutral,George Springer,141,"{""avg"": 0.5, ""games"": 2, ""hr_rate"": 0.0, ""ops"": 1.0, ""pa"": 6, ""slg"": 0.5, ""tb_rate"": 0.5}","price, lineup, starter, weather, bullpen",0.383 TB/AB,No clear model edge at the available price.,rotowire_props_two_way,unavailable,xSLG 0.372; hard-hit 42.2%,1.5,TOR,0.0
6.46,unavailable/not used; BvP is supporting only,6.0,-18.73,0.215928,+363,CWS@SD,0.403226,PASS,2026-05-01,5,Expected Lineup,valid,+148,64F / 5 mph wind / 0% precip / open-air; roof not applicable,unavailable,Austin Hays,142,"{""avg"": null, ""games"": 0, ""hr_rate"": null, ""ops"": null, ""pa"": 0, ""slg"": null, ""tb_rate"": null}",official lineup missing; pitch-type matchup missing, TB/AB,Confidence cap prevents a BET label.,rotowire_props_two_way,unavailable,xSLG ; hard-hit %,1.5,CWS,0.0
10.0,unavailable/not used; BvP is supporting only,6.0,-18.73,0.21274,+370,NYM@LAA,0.4,PASS,2026-05-01,4,Expected Lineup,valid,+150,68F / 7 mph wind / 0% precip / open-air; roof not applicable,unavailable,Jorge Soler,143,"{""avg"": null, ""games"": 0, ""hr_rate"": null, ""ops"": null, ""pa"": 0, ""slg"": null, ""tb_rate"": null}",official lineup missing; pitch-type matchup missing, TB/AB,Confidence cap prevents a BET label.,rotowire_props_two_way,unavailable,xSLG ; hard-hit %,1.5,LAA,0.0
10.0,unavailable/not used; BvP is supporting only,7.5,-18.79,0.237598,+321,MIL@WSH,0.425532,PASS,2026-05-01,1,official_mlb_schedule,valid,+135,67F / 10 mph wind / 1% precip / open-air; roof not applicable,favorable,Garrett Mitchell,144,"{""avg"": 0.21621621621621623, ""games"": 12, ""hr_rate"": 0.0, ""ops"": 0.6721504112808461, ""pa"": 46, ""slg"": 0.32432432432432434, ""tb_rate"": 0.2608695652173913}","price, lineup, starter, weather, bullpen",0.372 TB/AB,No clear model edge at the available price.,rotowire_props_two_way,unavailable,xSLG 0.379; hard-hit 48.8%,1.5,MIL,0.0
10.0,unavailable/not used; BvP is supporting only,7.5,-18.81,0.215088,+365,MIL@WSH,0.403226,PASS,2026-05-01,2,official_mlb_schedule,valid,+148,67F / 10 mph wind / 1% precip / open-air; roof not applicable,neutral,Luis García Jr.,145,"{""avg"": 0.28205128205128205, ""games"": 12, ""hr_rate"": 0.0, ""ops"": 0.6516572858036273, ""pa"": 41, ""slg"": 0.358974358974359, ""tb_rate"": 0.34146341463414637}","price, lineup, starter, weather, bullpen",0.364 TB/AB,No clear model edge at the available price.,rotowire_props_two_way,unavailable,xSLG 0.438; hard-hit 46.4%,1.5,WSH,0.0
3.4,unavailable/not used; BvP is supporting only,7.5,-18.85,0.16989,+489,TEX@DET,0.358423,PASS,2026-05-01,8,official_mlb_schedule,valid,+179,48F / 8 mph wind / 6% precip / open-air; roof not applicable,neutral,Wenceel Pérez,146,"{""avg"": 0.16129032258064516, ""games"": 12, ""hr_rate"": 0.029411764705882353, ""ops"": 0.5256166982922201, ""pa"": 34, ""slg"": 0.2903225806451613, ""tb_rate"": 0.2647058823529412}","price, lineup, starter, weather, bullpen",0.283 TB/AB,No clear model edge at the available price.,rotowire_props_two_way,unavailable,xSLG ; hard-hit %,1.5,DET,0.0
10.0,unavailable/not used; BvP is supporting only,7.5,-18.89,0.195748,+411,CIN@PIT,0.384615,PASS,2026-05-01,2,official_mlb_schedule,valid,+160,49F / 11 mph wind / 59% precip / open-air; roof not applicable,neutral,Matt McLain,147,"{""avg"": 0.23404255319148937, ""games"": 12, ""hr_rate"": 0.0392156862745098, ""ops"": 0.7196495619524406, ""pa"": 51, ""slg"": 0.425531914893617, ""tb_rate"": 0.39215686274509803}","price, lineup, starter, weather, bullpen",0.316 TB/AB,No clear model edge at the available price.,rotowire_props_two_way,unavailable,xSLG 0.373; hard-hit 32.5%,1.5,CIN,0.0
10.0,unavailable/not used; BvP is supporting only,7.5,-19.15,0.094195,+962,MIL@WSH,0.285714,PASS,2026-05-01,9,official_mlb_schedule,valid,+250,67F / 10 mph wind / 1% precip / open-air; roof not applicable,neutral,Jacob Young,148,"{""avg"": 0.22916666666666666, ""games"": 13, ""hr_rate"": 0.0, ""ops"": 0.5245098039215687, ""pa"": 51, ""slg"": 0.25, ""tb_rate"": 0.23529411764705882}","price, lineup, starter, weather, bullpen",0.347 TB/AB,No clear model edge at the available price.,rotowire_props_two_way,unavailable,xSLG 0.386; hard-hit 34.9%,1.5,WSH,0.0
5.48,unavailable/not used; BvP is supporting only,7.5,-19.2,0.139082,+619,BAL@NYY,0.331126,PASS,2026-05-01,6,official_mlb_schedule,valid,+202,58F / 10 mph wind / 2% precip / open-air; roof not applicable,neutral,Dylan Beavers,149,"{""avg"": 0.2222222222222222, ""games"": 10, ""hr_rate"": 0.024390243902439025, ""ops"": 0.6537940379403794, ""pa"": 41, ""slg"": 0.3611111111111111, ""tb_rate"": 0.3170731707317073}","price, lineup, starter, weather, bullpen",0.342 TB/AB,No clear model edge at the available price.,rotowire_props_two_way,unavailable,xSLG 0.379; hard-hit 40.0%,1.5,BAL,0.0
10.0,unavailable/not used; BvP is supporting only,7.5,-19.22,0.137873,+625,BAL@NYY,0.330033,PASS,2026-05-01,7,official_mlb_schedule,valid,+203,58F / 10 mph wind / 2% precip / open-air; roof not applicable,unfavorable,José Caballero,150,"{""avg"": 0.3333333333333333, ""games"": 12, ""hr_rate"": 0.044444444444444446, ""ops"": 0.8333333333333333, ""pa"": 45, ""slg"": 0.5, ""tb_rate"": 0.4666666666666667}","price, lineup, starter, weather, bullpen",0.400 TB/AB,No clear model edge at the available price.,rotowire_props_two_way,unavailable,xSLG 0.291; hard-hit 27.5%,1.5,NYY,0.0
10.0,unavailable/not used; BvP is supporting only,7.5,-19.3,0.287785,+247,MIL@WSH,0.480769,PASS,2026-05-01,3,official_mlb_schedule,valid,+108,67F / 10 mph wind / 1% precip / open-air; roof not applicable,favorable,William Contreras,151,"{""avg"": 0.25, ""games"": 12, ""hr_rate"": 0.0196078431372549, ""ops"": 0.6691176470588236, ""pa"": 51, ""slg"": 0.375, ""tb_rate"": 0.35294117647058826}","price, lineup, starter, weather, bullpen",0.432 TB/AB,No clear model edge at the available price.,rotowire_props_two_way,unavailable,xSLG 0.446; hard-hit 43.3%,1.5,MIL,0.0
4.33,unavailable/not used; BvP is supporting only,7.5,-19.34,0.100755,+893,PHI@MIA,0.294118,PASS,2026-05-01,9,official_mlb_schedule,valid,+240,81F / 12 mph wind / 0% precip / retractable roof; status unverified,unfavorable,Rafael Marchán,152,"{""avg"": 0.11538461538461539, ""games"": 9, ""hr_rate"": 0.0, ""ops"": 0.2582417582417582, ""pa"": 28, ""slg"": 0.11538461538461539, ""tb_rate"": 0.10714285714285714}","price, lineup, starter, weather, bullpen",0.149 TB/AB,No clear model edge at the available price.,rotowire_props_two_way,unavailable,xSLG ; hard-hit %,1.5,PHI,0.0
10.0,unavailable/not used; BvP is supporting only,7.5,-19.38,0.06,+1567,SF@TB,0.253807,PASS,2026-05-01,9,official_mlb_schedule,valid,+294,79F / 8 mph wind / 0% precip / fixed dome,neutral,Taylor Walls,153,"{""avg"": 0.06666666666666667, ""games"": 10, ""hr_rate"": 0.0, ""ops"": 0.3162162162162162, ""pa"": 37, ""slg"": 0.1, ""tb_rate"": 0.08108108108108109}","price, lineup, starter, weather, bullpen",0.220 TB/AB,No clear model edge at the available price.,rotowire_props_two_way,unavailable,xSLG 0.218; hard-hit 19.0%,1.5,TB,0.0
6.46,unavailable/not used; BvP is supporting only,6.0,-19.73,0.215928,+363,CWS@SD,0.413223,PASS,2026-05-01,3,Expected Lineup,valid,+142,64F / 5 mph wind / 0% precip / open-air; roof not applicable,unavailable,Miguel Vargas,154,"{""avg"": null, ""games"": 0, ""hr_rate"": null, ""ops"": null, ""pa"": 0, ""slg"": null, ""tb_rate"": null}",official lineup missing; pitch-type matchup missing, TB/AB,Confidence cap prevents a BET label.,rotowire_props_two_way,unavailable,xSLG ; hard-hit %,1.5,CWS,0.0
10.0,unavailable/not used; BvP is supporting only,7.5,-19.82,0.193994,+415,MIL@WSH,0.392157,PASS,2026-05-01,7,official_mlb_schedule,valid,+155,67F / 10 mph wind / 1% precip / open-air; roof not applicable,neutral,Sal Frelick,155,"{""avg"": 0.2647058823529412, ""games"": 12, ""hr_rate"": 0.047619047619047616, ""ops"": 0.7507002801120448, ""pa"": 42, ""slg"": 0.4411764705882353, ""tb_rate"": 0.35714285714285715}","price, lineup, starter, weather, bullpen",0.333 TB/AB,No clear model edge at the available price.,rotowire_props_two_way,unavailable,xSLG 0.343; hard-hit 26.6%,1.5,MIL,0.0
10.0,unavailable/not used; BvP is supporting only,7.5,-19.94,0.235372,+325,BAL@NYY,0.434783,PASS,2026-05-01,4,official_mlb_schedule,valid,+130,58F / 10 mph wind / 2% precip / open-air; roof not applicable,neutral,Cody Bellinger,156,"{""avg"": 0.23255813953488372, ""games"": 12, ""hr_rate"": 0.04, ""ops"": 0.7586046511627907, ""pa"": 50, ""slg"": 0.4186046511627907, ""tb_rate"": 0.36}","price, lineup, starter, weather, bullpen",0.380 TB/AB,No clear model edge at the available price.,rotowire_props_two_way,unavailable,xSLG 0.447; hard-hit 40.2%,1.5,NYY,0.0
4.66,unavailable/not used; BvP is supporting only,7.5,-20.04,0.06,+1567,LAD@STL,0.260417,PASS,2026-05-01,9,official_mlb_schedule,valid,+284,62F / 6 mph wind / 1% precip / open-air; roof not applicable,unfavorable,Victor Scott II,157,"{""avg"": 0.06451612903225806, ""games"": 12, ""hr_rate"": 0.027777777777777776, ""ops"": 0.3001792114695341, ""pa"": 36, ""slg"": 0.16129032258064516, ""tb_rate"": 0.1388888888888889}","price, lineup, starter, weather, bullpen",0.231 TB/AB,No clear model edge at the available price.,rotowire_props_two_way,unavailable,xSLG 0.288; hard-hit 26.7%,1.5,STL,0.0
5.48,unavailable/not used; BvP is supporting only,7.5,-20.35,0.2114,+373,BAL@NYY,0.414938,PASS,2026-05-01,4,official_mlb_schedule,valid,+141,58F / 10 mph wind / 2% precip / open-air; roof not applicable,neutral,Pete Alonso,158,"{""avg"": 0.1956521739130435, ""games"": 12, ""hr_rate"": 0.0392156862745098, ""ops"": 0.624467178175618, ""pa"": 51, ""slg"": 0.3695652173913043, ""tb_rate"": 0.3333333333333333}","price, lineup, starter, weather, bullpen",0.362 TB/AB,No clear model edge at the available price.,rotowire_props_two_way,unavailable,xSLG 0.409; hard-hit 55.4%,1.5,BAL,0.0
10.0,unavailable/not used; BvP is supporting only,6.0,-20.39,0.21274,+370,NYM@LAA,0.416667,PASS,2026-05-01,3,Expected Lineup,valid,+140,68F / 7 mph wind / 0% precip / open-air; roof not applicable,unavailable,Yoan Moncada,159,"{""avg"": null, ""games"": 0, ""hr_rate"": null, ""ops"": null, ""pa"": 0, ""slg"": null, ""tb_rate"": null}",official lineup missing; pitch-type matchup missing, TB/AB,Confidence cap prevents a BET label.,rotowire_props_two_way,unavailable,xSLG ; hard-hit %,1.5,LAA,0.0
10.0,unavailable/not used; BvP is supporting only,7.5,-20.42,0.155544,+543,SF@TB,0.359712,PASS,2026-05-01,5,official_mlb_schedule,valid,+178,79F / 8 mph wind / 0% precip / fixed dome,neutral,Ben Williamson,160,"{""avg"": 0.2413793103448276, ""games"": 10, ""hr_rate"": 0.0, ""ops"": 0.6573275862068966, ""pa"": 32, ""slg"": 0.3448275862068966, ""tb_rate"": 0.3125}","price, lineup, starter, weather, bullpen",0.338 TB/AB,No clear model edge at the available price.,rotowire_props_two_way,unavailable,xSLG 0.317; hard-hit 32.3%,1.5,TB,0.0
9.49,unavailable/not used; BvP is supporting only,7.5,-20.48,0.172542,+480,TOR@MIN,0.377358,PASS,2026-05-01,8,official_mlb_schedule,valid,+165,53F / 8 mph wind / 0% precip / open-air; roof not applicable,neutral,Andrés Giménez,161,"{""avg"": 0.225, ""games"": 11, ""hr_rate"": 0.0, ""ops"": 0.5445121951219513, ""pa"": 41, ""slg"": 0.325, ""tb_rate"": 0.3170731707317073}","price, lineup, starter, weather, bullpen",0.429 TB/AB,No clear model edge at the available price.,rotowire_props_two_way,unavailable,xSLG 0.319; hard-hit 27.8%,1.5,TOR,0.0
4.66,unavailable/not used; BvP is supporting only,7.5,-20.55,0.127851,+682,LAD@STL,0.333333,PASS,2026-05-01,6,official_mlb_schedule,valid,+200,62F / 6 mph wind / 1% precip / open-air; roof not applicable,neutral,Masyn Winn,162,"{""avg"": 0.3137254901960784, ""games"": 12, ""hr_rate"": 0.018518518518518517, ""ops"": 0.7843137254901961, ""pa"": 54, ""slg"": 0.45098039215686275, ""tb_rate"": 0.42592592592592593}","price, lineup, starter, weather, bullpen",0.354 TB/AB,No clear model edge at the available price.,rotowire_props_two_way,unavailable,xSLG 0.321; hard-hit 26.7%,1.5,STL,0.0
10.0,unavailable/not used; BvP is supporting only,7.5,-20.56,0.151587,+560,PHI@MIA,0.357143,PASS,2026-05-01,6,official_mlb_schedule,valid,+180,81F / 12 mph wind / 0% precip / retractable roof; status unverified,unfavorable,Agustín Ramírez,163,"{""avg"": 0.2, ""games"": 10, ""hr_rate"": 0.023255813953488372, ""ops"": 0.5575581395348838, ""pa"": 43, ""slg"": 0.325, ""tb_rate"": 0.3023255813953488}","price, lineup, starter, weather, bullpen",0.356 TB/AB,No clear model edge at the available price.,rotowire_props_two_way,unavailable,xSLG 0.326; hard-hit 38.8%,1.5,MIA,0.0
3.22,unavailable/not used; BvP is supporting only,6.0,-20.64,0.153352,+552,CLE@ATH,0.359712,PASS,2026-05-01,9,Expected Lineup,valid,+178,74F / 10 mph wind / 0% precip / open-air; roof not applicable,unavailable,Jeff McNeil,164,"{""avg"": null, ""games"": 0, ""hr_rate"": null, ""ops"": null, ""pa"": 0, ""slg"": null, ""tb_rate"": null}",official lineup missing; pitch-type matchup missing, TB/AB,Confidence cap prevents a BET label.,rotowire_props_two_way,unavailable,xSLG ; hard-hit %,1.5,ATH,0.0
9.0,unavailable/not used; BvP is supporting only,6.0,-20.66,0.157075,+537,NYM@LAA,0.363636,PASS,2026-05-01,9,Expected Lineup,valid,+175,68F / 7 mph wind / 0% precip / open-air; roof not applicable,unavailable,Ronny Mauricio,165,"{""avg"": null, ""games"": 0, ""hr_rate"": null, ""ops"": null, ""pa"": 0, ""slg"": null, ""tb_rate"": null}",official lineup missing; pitch-type matchup missing, TB/AB,Confidence cap prevents a BET label.,rotowire_props_two_way,unavailable,xSLG ; hard-hit %,1.5,NYM,0.0
5.45,unavailable/not used; BvP is supporting only,6.0,-20.78,0.19539,+412,KC@SEA,0.403226,PASS,2026-05-01,1,Expected Lineup,valid,+148,64F / 7 mph wind / 3% precip / retractable roof; status unverified,unavailable,Maikel Garcia,166,"{""avg"": null, ""games"": 0, ""hr_rate"": null, ""ops"": null, ""pa"": 0, ""slg"": null, ""tb_rate"": null}",official lineup missing; pitch-type matchup missing, TB/AB,Confidence cap prevents a BET label.,rotowire_props_two_way,unavailable,xSLG ; hard-hit %,1.5,KC,0.0
5.48,unavailable/not used; BvP is supporting only,7.5,-20.79,0.240569,+316,BAL@NYY,0.44843,PASS,2026-05-01,1,official_mlb_schedule,valid,+123,58F / 10 mph wind / 2% precip / open-air; roof not applicable,neutral,Gunnar Henderson,167,"{""avg"": 0.21568627450980393, ""games"": 12, ""hr_rate"": 0.05454545454545454, ""ops"": 0.7237076648841354, ""pa"": 55, ""slg"": 0.45098039215686275, ""tb_rate"": 0.41818181818181815}","price, lineup, starter, weather, bullpen",0.481 TB/AB,No clear model edge at the available price.,rotowire_props_two_way,unavailable,xSLG 0.411; hard-hit 46.6%,1.5,BAL,0.0
5.45,unavailable/not used; BvP is supporting only,6.0,-21.11,0.19539,+412,KC@SEA,0.406504,PASS,2026-05-01,3,Expected Lineup,valid,+146,64F / 7 mph wind / 3% precip / retractable roof; status unverified,unavailable,Vinnie Pasquantino,168,"{""avg"": null, ""games"": 0, ""hr_rate"": null, ""ops"": null, ""pa"": 0, ""slg"": null, ""tb_rate"": null}",official lineup missing; pitch-type matchup missing, TB/AB,Confidence cap prevents a BET label.,rotowire_props_two_way,unavailable,xSLG ; hard-hit %,1.5,KC,0.0
10.0,unavailable/not used; BvP is supporting only,6.0,-21.28,0.21274,+370,NYM@LAA,0.425532,PASS,2026-05-01,6,Expected Lineup,valid,+135,68F / 7 mph wind / 0% precip / open-air; roof not applicable,unavailable,Jo Adell,169,"{""avg"": null, ""games"": 0, ""hr_rate"": null, ""ops"": null, ""pa"": 0, ""slg"": null, ""tb_rate"": null}",official lineup missing; pitch-type matchup missing, TB/AB,Confidence cap prevents a BET label.,rotowire_props_two_way,unavailable,xSLG ; hard-hit %,1.5,LAA,0.0
4.33,unavailable/not used; BvP is supporting only,7.5,-21.31,0.203596,+391,PHI@MIA,0.416667,PASS,2026-05-01,5,official_mlb_schedule,valid,+140,81F / 12 mph wind / 0% precip / retractable roof; status unverified,favorable,Edmundo Sosa,170,"{""avg"": 0.23809523809523808, ""games"": 7, ""hr_rate"": 0.0, ""ops"": 0.5238095238095237, ""pa"": 21, ""slg"": 0.2857142857142857, ""tb_rate"": 0.2857142857142857}","price, lineup, starter, weather, bullpen",0.405 TB/AB,No clear model edge at the available price.,rotowire_props_two_way,unavailable,xSLG ; hard-hit %,1.5,PHI,0.0
9.49,unavailable/not used; BvP is supporting only,7.5,-21.34,0.109179,+816,TOR@MIN,0.322581,PASS,2026-05-01,9,official_mlb_schedule,valid,+210,53F / 8 mph wind / 0% precip / open-air; roof not applicable,unfavorable,Tyler Heineman,171,"{""avg"": 0.08, ""games"": 8, ""hr_rate"": 0.0, ""ops"": 0.15407407407407409, ""pa"": 27, ""slg"": 0.08, ""tb_rate"": 0.07407407407407407}","price, lineup, starter, weather, bullpen",0.178 TB/AB,No clear model edge at the available price.,rotowire_props_two_way,unavailable,xSLG ; hard-hit %,1.5,TOR,0.0
10.0,unavailable/not used; BvP is supporting only,7.5,-21.78,0.06,+1567,MIL@WSH,0.277778,PASS,2026-05-01,7,official_mlb_schedule,valid,+260,67F / 10 mph wind / 1% precip / open-air; roof not applicable,neutral,Jorbit Vivas,172,"{""avg"": 0.23076923076923078, ""games"": 10, ""hr_rate"": 0.0, ""ops"": 0.5934065934065934, ""pa"": 28, ""slg"": 0.3076923076923077, ""tb_rate"": 0.2857142857142857}","price, lineup, starter, weather, bullpen",0.333 TB/AB,No clear model edge at the available price.,rotowire_props_two_way,unavailable,xSLG 0.299; hard-hit 24.1%,1.5,WSH,0.0
10.0,unavailable/not used; BvP is supporting only,7.5,-21.79,0.163797,+511,CIN@PIT,0.381679,PASS,2026-05-01,6,official_mlb_schedule,valid,+162,49F / 11 mph wind / 59% precip / open-air; roof not applicable,neutral,Marcell Ozuna,173,"{""avg"": 0.20454545454545456, ""games"": 12, ""hr_rate"": 0.021739130434782608, ""ops"": 0.5128458498023716, ""pa"": 46, ""slg"": 0.29545454545454547, ""tb_rate"": 0.2826086956521739}","price, lineup, starter, weather, bullpen",0.242 TB/AB,No clear model edge at the available price.,rotowire_props_two_way,unavailable,xSLG 0.388; hard-hit 37.1%,1.5,PIT,0.0
6.46,unavailable/not used; BvP is supporting only,6.0,-21.89,0.215928,+363,CWS@SD,0.434783,PASS,2026-05-01,1,Expected Lineup,valid,+130,64F / 5 mph wind / 0% precip / open-air; roof not applicable,unavailable,Andrew Benintendi,174,"{""avg"": null, ""games"": 0, ""hr_rate"": null, ""ops"": null, ""pa"": 0, ""slg"": null, ""tb_rate"": null}",official lineup missing; pitch-type matchup missing, TB/AB,Confidence cap prevents a BET label.,rotowire_props_two_way,unavailable,xSLG ; hard-hit %,1.5,CWS,0.0
10.0,unavailable/not used; BvP is supporting only,7.5,-21.92,0.372636,+168,ATL@COL,0.591837,PASS,2026-05-01,3,official_mlb_schedule,valid,-145,60F / 7 mph wind / 1% precip / open-air; roof not applicable,neutral,Ozzie Albies,175,"{""avg"": 0.37254901960784315, ""games"": 13, ""hr_rate"": 0.05357142857142857, ""ops"": 1.0577731092436975, ""pa"": 56, ""slg"": 0.6470588235294118, ""tb_rate"": 0.5892857142857143}","price, lineup, starter, weather, bullpen",0.540 TB/AB,No clear model edge at the available price.,rotowire_props_two_way,unavailable,xSLG 0.409; hard-hit 30.9%,1.5,ATL,0.0
9.74,unavailable/not used; BvP is supporting only,7.5,-21.92,0.166908,+499,TEX@DET,0.3861,PASS,2026-05-01,6,official_mlb_schedule,valid,+159,48F / 8 mph wind / 6% precip / open-air; roof not applicable,unfavorable,Jake Burger,176,"{""avg"": 0.14893617021276595, ""games"": 12, ""hr_rate"": 0.0, ""ops"": 0.34893617021276596, ""pa"": 50, ""slg"": 0.14893617021276595, ""tb_rate"": 0.14}","price, lineup, starter, weather, bullpen",0.369 TB/AB,No clear model edge at the available price.,rotowire_props_two_way,unavailable,xSLG 0.376; hard-hit 47.6%,1.5,TEX,0.0
6.46,unavailable/not used; BvP is supporting only,6.0,-22.08,0.215928,+363,CWS@SD,0.436681,PASS,2026-05-01,4,Expected Lineup,valid,+129,64F / 5 mph wind / 0% precip / open-air; roof not applicable,unavailable,Colson Montgomery,177,"{""avg"": null, ""games"": 0, ""hr_rate"": null, ""ops"": null, ""pa"": 0, ""slg"": null, ""tb_rate"": null}",official lineup missing; pitch-type matchup missing, TB/AB,Confidence cap prevents a BET label.,rotowire_props_two_way,unavailable,xSLG ; hard-hit %,1.5,CWS,0.0
10.0,unavailable/not used; BvP is supporting only,7.5,-22.17,0.06,+1567,MIL@WSH,0.28169,PASS,2026-05-01,8,official_mlb_schedule,valid,+255,67F / 10 mph wind / 1% precip / open-air; roof not applicable,neutral,Drew Millas,178,"{""avg"": 0.125, ""games"": 9, ""hr_rate"": 0.0, ""ops"": 0.2866666666666666, ""pa"": 25, ""slg"": 0.16666666666666666, ""tb_rate"": 0.16}","price, lineup, starter, weather, bullpen",0.192 TB/AB,No clear model edge at the available price.,rotowire_props_two_way,unavailable,xSLG ; hard-hit %,1.5,WSH,0.0
10.0,unavailable/not used; BvP is supporting only,7.5,-22.19,0.117068,+754,MIL@WSH,0.338983,PASS,2026-05-01,9,official_mlb_schedule,valid,+195,67F / 10 mph wind / 1% precip / open-air; roof not applicable,favorable,David Hamilton,179,"{""avg"": 0.2702702702702703, ""games"": 11, ""hr_rate"": 0.0, ""ops"": 0.6243243243243244, ""pa"": 40, ""slg"": 0.32432432432432434, ""tb_rate"": 0.3}","price, lineup, starter, weather, bullpen",0.267 TB/AB,No clear model edge at the available price.,rotowire_props_two_way,unavailable,xSLG 0.313; hard-hit 27.9%,1.5,MIL,0.0
10.0,unavailable/not used; BvP is supporting only,6.0,-22.2,0.21274,+370,NYM@LAA,0.434783,PASS,2026-05-01,1,Expected Lineup,valid,+130,68F / 7 mph wind / 0% precip / open-air; roof not applicable,unavailable,Zach Neto,180,"{""avg"": null, ""games"": 0, ""hr_rate"": null, ""ops"": null, ""pa"": 0, ""slg"": null, ""tb_rate"": null}",official lineup missing; pitch-type matchup missing, TB/AB,Confidence cap prevents a BET label.,rotowire_props_two_way,unavailable,xSLG ; hard-hit %,1.5,LAA,0.0
3.22,unavailable/not used; BvP is supporting only,6.0,-22.26,0.153352,+552,CLE@ATH,0.37594,PASS,2026-05-01,8,Expected Lineup,valid,+166,74F / 10 mph wind / 0% precip / open-air; roof not applicable,unavailable,Darell Hernaiz,181,"{""avg"": null, ""games"": 0, ""hr_rate"": null, ""ops"": null, ""pa"": 0, ""slg"": null, ""tb_rate"": null}",official lineup missing; pitch-type matchup missing, TB/AB,Confidence cap prevents a BET label.,rotowire_props_two_way,unavailable,xSLG ; hard-hit %,1.5,ATH,0.0
3.22,unavailable/not used; BvP is supporting only,6.0,-22.4,0.153352,+552,CLE@ATH,0.377358,PASS,2026-05-01,5,Expected Lineup,valid,+165,74F / 10 mph wind / 0% precip / open-air; roof not applicable,unavailable,Colby Thomas,182,"{""avg"": null, ""games"": 0, ""hr_rate"": null, ""ops"": null, ""pa"": 0, ""slg"": null, ""tb_rate"": null}",official lineup missing; pitch-type matchup missing, TB/AB,Confidence cap prevents a BET label.,rotowire_props_two_way,unavailable,xSLG ; hard-hit %,1.5,ATH,0.0
10.0,unavailable/not used; BvP is supporting only,7.5,-22.44,0.166247,+502,ATL@COL,0.390625,PASS,2026-05-01,9,official_mlb_schedule,valid,+156,60F / 7 mph wind / 1% precip / open-air; roof not applicable,favorable,Jorge Mateo,183,"{""avg"": 0.07142857142857142, ""games"": 8, ""hr_rate"": 0.0, ""ops"": 0.20476190476190476, ""pa"": 15, ""slg"": 0.07142857142857142, ""tb_rate"": 0.06666666666666667}","price, lineup, starter, weather, bullpen",0.400 TB/AB,No clear model edge at the available price.,rotowire_props_two_way,unavailable,xSLG ; hard-hit %,1.5,ATL,0.0
9.0,unavailable/not used; BvP is supporting only,6.0,-22.46,0.157075,+537,NYM@LAA,0.381679,PASS,2026-05-01,5,Expected Lineup,valid,+162,68F / 7 mph wind / 0% precip / open-air; roof not applicable,unavailable,Brett Baty,184,"{""avg"": null, ""games"": 0, ""hr_rate"": null, ""ops"": null, ""pa"": 0, ""slg"": null, ""tb_rate"": null}",official lineup missing; pitch-type matchup missing, TB/AB,Confidence cap prevents a BET label.,rotowire_props_two_way,unavailable,xSLG ; hard-hit %,1.5,NYM,0.0
3.59,unavailable/not used; BvP is supporting only,5.0,-22.48,0.275207,+263,AZ@CHC,0.5,PASS,2026-05-01,8,official_mlb_schedule,valid,+100,44F / 10 mph wind / 5% precip / open-air; roof not applicable,neutral,Alek Thomas,185,"{""avg"": 0.2903225806451613, ""games"": 9, ""hr_rate"": 0.0625, ""ops"": 0.8931451612903226, ""pa"": 32, ""slg"": 0.5806451612903226, ""tb_rate"": 0.5625}",game already started or completed,0.345 TB/AB,Confidence cap prevents a BET label.,rotowire_props_yes_only,unavailable,xSLG 0.401; hard-hit 41.8%,1.5,AZ,0.0
10.0,unavailable/not used; BvP is supporting only,7.5,-22.65,0.208254,+380,CIN@PIT,0.434783,PASS,2026-05-01,3,official_mlb_schedule,valid,+130,49F / 11 mph wind / 59% precip / open-air; roof not applicable,neutral,Bryan Reynolds,186,"{""avg"": 0.1956521739130435, ""games"": 13, ""hr_rate"": 0.0, ""ops"": 0.6275362318840579, ""pa"": 60, ""slg"": 0.2608695652173913, ""tb_rate"": 0.2}","price, lineup, starter, weather, bullpen",0.377 TB/AB,No clear model edge at the available price.,rotowire_props_two_way,unavailable,xSLG 0.388; hard-hit 44.2%,1.5,PIT,0.0
10.0,unavailable/not used; BvP is supporting only,7.5,-22.65,0.183287,+446,TOR@MIN,0.409836,PASS,2026-05-01,4,official_mlb_schedule,valid,+144,53F / 8 mph wind / 0% precip / open-air; roof not applicable,neutral,Josh Bell,187,"{""avg"": 0.20833333333333334, ""games"": 12, ""hr_rate"": 0.0, ""ops"": 0.47756410256410253, ""pa"": 52, ""slg"": 0.20833333333333334, ""tb_rate"": 0.19230769230769232}","price, lineup, starter, weather, bullpen",0.351 TB/AB,No clear model edge at the available price.,rotowire_props_two_way,unavailable,xSLG 0.427; hard-hit 42.7%,1.5,MIN,0.0
5.88,unavailable/not used; BvP is supporting only,6.0,-22.75,0.152769,+555,HOU@BOS,0.380228,PASS,2026-05-01,7,official_mlb_schedule,valid,+163,59F / 7 mph wind / 0% precip / open-air; roof not applicable,unavailable,Cam Smith,188,"{""avg"": 0.11428571428571428, ""games"": 11, ""hr_rate"": 0.022727272727272728, ""ops"": 0.42727272727272725, ""pa"": 44, ""slg"": 0.2, ""tb_rate"": 0.1590909090909091}",pitch-type matchup missing,0.381 TB/AB,Confidence cap prevents a BET label.,rotowire_props_two_way,unavailable,xSLG 0.450; hard-hit 45.2%,1.5,HOU,0.0
6.46,unavailable/not used; BvP is supporting only,6.0,-22.85,0.215928,+363,CWS@SD,0.444444,PASS,2026-05-01,2,Expected Lineup,valid,+125,64F / 5 mph wind / 0% precip / open-air; roof not applicable,unavailable,Munetaka Murakami,189,"{""avg"": null, ""games"": 0, ""hr_rate"": null, ""ops"": null, ""pa"": 0, ""slg"": null, ""tb_rate"": null}",official lineup missing; pitch-type matchup missing, TB/AB,Confidence cap prevents a BET label.,rotowire_props_two_way,unavailable,xSLG ; hard-hit %,1.5,CWS,0.0
10.0,unavailable/not used; BvP is supporting only,6.0,-23.19,0.160269,+524,CLE@ATH,0.392157,PASS,2026-05-01,9,Expected Lineup,valid,+155,74F / 10 mph wind / 0% precip / open-air; roof not applicable,unavailable,Brayan Rocchio,190,"{""avg"": null, ""games"": 0, ""hr_rate"": null, ""ops"": null, ""pa"": 0, ""slg"": null, ""tb_rate"": null}",official lineup missing; pitch-type matchup missing, TB/AB,Confidence cap prevents a BET label.,rotowire_props_two_way,unavailable,xSLG ; hard-hit %,1.5,CLE,0.0
9.0,unavailable/not used; BvP is supporting only,6.0,-23.2,0.157075,+537,NYM@LAA,0.389105,PASS,2026-05-01,7,Expected Lineup,valid,+157,68F / 7 mph wind / 0% precip / open-air; roof not applicable,unavailable,Carson Benge,191,"{""avg"": null, ""games"": 0, ""hr_rate"": null, ""ops"": null, ""pa"": 0, ""slg"": null, ""tb_rate"": null}",official lineup missing; pitch-type matchup missing, TB/AB,Confidence cap prevents a BET label.,rotowire_props_two_way,unavailable,xSLG ; hard-hit %,1.5,NYM,0.0
10.0,unavailable/not used; BvP is supporting only,7.5,-23.29,0.211578,+373,HOU@BOS,0.444444,PASS,2026-05-01,7,official_mlb_schedule,valid,+125,59F / 7 mph wind / 0% precip / open-air; roof not applicable,neutral,Ceddanne Rafaela,192,"{""avg"": 0.2222222222222222, ""games"": 12, ""hr_rate"": 0.0, ""ops"": 0.648611111111111, ""pa"": 48, ""slg"": 0.37777777777777777, ""tb_rate"": 0.3541666666666667}","price, lineup, starter, weather, bullpen",0.379 TB/AB,No clear model edge at the available price.,rotowire_props_two_way,unavailable,xSLG 0.345; hard-hit 40.8%,1.5,BOS,0.0
10.0,unavailable/not used; BvP is supporting only,6.0,-23.34,0.160269,+524,CLE@ATH,0.393701,PASS,2026-05-01,7,Expected Lineup,valid,+154,74F / 10 mph wind / 0% precip / open-air; roof not applicable,unavailable,Travis Bazzana,193,"{""avg"": null, ""games"": 0, ""hr_rate"": null, ""ops"": null, ""pa"": 0, ""slg"": null, ""tb_rate"": null}",official lineup missing; pitch-type matchup missing, TB/AB,Confidence cap prevents a BET label.,rotowire_props_two_way,unavailable,xSLG ; hard-hit %,1.5,CLE,0.0
10.0,unavailable/not used; BvP is supporting only,6.0,-23.34,0.160269,+524,CLE@ATH,0.393701,PASS,2026-05-01,8,Expected Lineup,valid,+154,74F / 10 mph wind / 0% precip / open-air; roof not applicable,unavailable,Bo Naylor,194,"{""avg"": null, ""games"": 0, ""hr_rate"": null, ""ops"": null, ""pa"": 0, ""slg"": null, ""tb_rate"": null}",official lineup missing; pitch-type matchup missing, TB/AB,Confidence cap prevents a BET label.,rotowire_props_two_way,unavailable,xSLG ; hard-hit %,1.5,CLE,0.0
5.88,unavailable/not used; BvP is supporting only,6.0,-23.88,0.095671,+945,HOU@BOS,0.334448,PASS,2026-05-01,9,official_mlb_schedule,valid,+199,59F / 7 mph wind / 0% precip / open-air; roof not applicable,unavailable,Dustin Harris,195,"{""avg"": 0.16666666666666666, ""games"": 8, ""hr_rate"": 0.0, ""ops"": 0.4642857142857143, ""pa"": 28, ""slg"": 0.25, ""tb_rate"": 0.21428571428571427}",pitch-type matchup missing,0.278 TB/AB,Confidence cap prevents a BET label.,rotowire_props_two_way,unavailable,xSLG ; hard-hit %,1.5,HOU,0.0
10.0,unavailable/not used; BvP is supporting only,6.0,-23.97,0.160269,+524,CLE@ATH,0.4,PASS,2026-05-01,5,Expected Lineup,valid,+150,74F / 10 mph wind / 0% precip / open-air; roof not applicable,unavailable,Daniel Schneemann,196,"{""avg"": null, ""games"": 0, ""hr_rate"": null, ""ops"": null, ""pa"": 0, ""slg"": null, ""tb_rate"": null}",official lineup missing; pitch-type matchup missing, TB/AB,Confidence cap prevents a BET label.,rotowire_props_two_way,unavailable,xSLG ; hard-hit %,1.5,CLE,0.0
3.22,unavailable/not used; BvP is supporting only,6.0,-24.03,0.153352,+552,CLE@ATH,0.393701,PASS,2026-05-01,3,Expected Lineup,valid,+154,74F / 10 mph wind / 0% precip / open-air; roof not applicable,unavailable,Nick Kurtz,197,"{""avg"": null, ""games"": 0, ""hr_rate"": null, ""ops"": null, ""pa"": 0, ""slg"": null, ""tb_rate"": null}",official lineup missing; pitch-type matchup missing, TB/AB,Confidence cap prevents a BET label.,rotowire_props_two_way,unavailable,xSLG ; hard-hit %,1.5,ATH,0.0
10.0,unavailable/not used; BvP is supporting only,7.5,-24.32,0.180565,+454,PHI@MIA,0.423729,PASS,2026-05-01,2,official_mlb_schedule,valid,+136,81F / 12 mph wind / 0% precip / retractable roof; status unverified,neutral,Kyle Stowers,198,"{""avg"": 0.22857142857142856, ""games"": 9, ""hr_rate"": 0.0, ""ops"": 0.6313588850174217, ""pa"": 41, ""slg"": 0.3142857142857143, ""tb_rate"": 0.2682926829268293}","price, lineup, starter, weather, bullpen",0.314 TB/AB,No clear model edge at the available price.,rotowire_props_two_way,unavailable,xSLG ; hard-hit %,1.5,MIA,0.0
10.0,unavailable/not used; BvP is supporting only,7.5,-24.47,0.229218,+336,LAD@STL,0.473934,PASS,2026-05-01,4,official_mlb_schedule,valid,+111,62F / 6 mph wind / 1% precip / open-air; roof not applicable,favorable,Teoscar Hernández,199,"{""avg"": 0.125, ""games"": 11, ""hr_rate"": 0.0, ""ops"": 0.38913043478260867, ""pa"": 46, ""slg"": 0.15, ""tb_rate"": 0.13043478260869565}","price, lineup, starter, weather, bullpen",0.398 TB/AB,No clear model edge at the available price.,rotowire_props_two_way,unavailable,xSLG 0.423; hard-hit 41.2%,1.5,LAD,0.0
5.88,unavailable/not used; BvP is supporting only,6.0,-24.66,0.253404,+295,HOU@BOS,0.5,PASS,2026-05-01,1,official_mlb_schedule,valid,+100,59F / 7 mph wind / 0% precip / open-air; roof not applicable,unavailable,Carlos Correa,200,"{""avg"": 0.2682926829268293, ""games"": 11, ""hr_rate"": 0.02040816326530612, ""ops"": 0.7819810851169736, ""pa"": 49, ""slg"": 0.4146341463414634, ""tb_rate"": 0.3469387755102041}",pitch-type matchup missing,0.396 TB/AB,Confidence cap prevents a BET label.,rotowire_props_two_way,unavailable,xSLG 0.445; hard-hit 41.9%,1.5,HOU,0.0
3.93,unavailable/not used; BvP is supporting only,7.5,-24.67,0.092318,+983,SF@TB,0.338983,PASS,2026-05-01,6,official_mlb_schedule,valid,+195,79F / 8 mph wind / 0% precip / fixed dome,unfavorable,Willy Adames,201,"{""avg"": 0.10204081632653061, ""games"": 11, ""hr_rate"": 0.0, ""ops"": 0.24244897959183673, ""pa"": 50, ""slg"": 0.12244897959183673, ""tb_rate"": 0.12}","price, lineup, starter, weather, bullpen",0.352 TB/AB,No clear model edge at the available price.,rotowire_props_two_way,unavailable,xSLG 0.369; hard-hit 40.2%,1.5,SF,0.0
3.4,unavailable/not used; BvP is supporting only,7.5,-24.84,0.133323,+650,TEX@DET,0.381679,PASS,2026-05-01,1,official_mlb_schedule,valid,+162,48F / 8 mph wind / 6% precip / open-air; roof not applicable,favorable,Gleyber Torres,202,"{""avg"": 0.2619047619047619, ""games"": 12, ""hr_rate"": 0.01818181818181818, ""ops"": 0.7333333333333334, ""pa"": 55, ""slg"": 0.3333333333333333, ""tb_rate"": 0.2545454545454545}","price, lineup, starter, weather, bullpen",0.327 TB/AB,No clear model edge at the available price.,rotowire_props_two_way,unavailable,xSLG 0.354; hard-hit 25.3%,1.5,DET,0.0
10.0,unavailable/not used; BvP is supporting only,7.5,-25.07,0.08486,+1078,PHI@MIA,0.33557,PASS,2026-05-01,9,official_mlb_schedule,valid,+198,81F / 12 mph wind / 0% precip / retractable roof; status unverified,neutral,Javier Sanoja,203,"{""avg"": 0.25, ""games"": 10, ""hr_rate"": 0.0, ""ops"": 0.65, ""pa"": 25, ""slg"": 0.25, ""tb_rate"": 0.2}","price, lineup, starter, weather, bullpen",0.371 TB/AB,No clear model edge at the available price.,rotowire_props_two_way,unavailable,xSLG 0.284; hard-hit 32.7%,1.5,MIA,0.0
9.49,unavailable/not used; BvP is supporting only,7.5,-25.09,0.185742,+438,TOR@MIN,0.436681,PASS,2026-05-01,5,official_mlb_schedule,valid,+129,53F / 8 mph wind / 0% precip / open-air; roof not applicable,favorable,Daulton Varsho,204,"{""avg"": 0.17647058823529413, ""games"": 11, ""hr_rate"": 0.02631578947368421, ""ops"": 0.5046439628482973, ""pa"": 38, ""slg"": 0.29411764705882354, ""tb_rate"": 0.2631578947368421}","price, lineup, starter, weather, bullpen",0.408 TB/AB,No clear model edge at the available price.,rotowire_props_two_way,unavailable,xSLG 0.382; hard-hit 33.3%,1.5,TOR,0.0
10.0,unavailable/not used; BvP is supporting only,7.5,-25.22,0.125182,+699,HOU@BOS,0.377358,PASS,2026-05-01,9,official_mlb_schedule,valid,+165,59F / 7 mph wind / 0% precip / open-air; roof not applicable,neutral,Caleb Durbin,205,"{""avg"": 0.22727272727272727, ""games"": 13, ""hr_rate"": 0.02040816326530612, ""ops"": 0.6924860853432282, ""pa"": 49, ""slg"": 0.38636363636363635, ""tb_rate"": 0.3469387755102041}","price, lineup, starter, weather, bullpen",0.263 TB/AB,No clear model edge at the available price.,rotowire_props_two_way,unavailable,xSLG 0.286; hard-hit 30.1%,1.5,BOS,0.0
10.0,unavailable/not used; BvP is supporting only,7.5,-25.43,0.310892,+222,ATL@COL,0.565217,PASS,2026-05-01,1,official_mlb_schedule,valid,-130,60F / 7 mph wind / 1% precip / open-air; roof not applicable,neutral,Ronald Acuña Jr.,206,"{""avg"": 0.22916666666666666, ""games"": 13, ""hr_rate"": 0.016666666666666666, ""ops"": 0.6875, ""pa"": 60, ""slg"": 0.3541666666666667, ""tb_rate"": 0.2833333333333333}","price, lineup, starter, weather, bullpen",0.372 TB/AB,No clear model edge at the available price.,rotowire_props_two_way,unavailable,xSLG 0.479; hard-hit 42.4%,1.5,ATL,0.0
10.0,unavailable/not used; BvP is supporting only,6.0,-25.45,0.21274,+370,NYM@LAA,0.46729,PASS,2026-05-01,2,Expected Lineup,valid,+114,68F / 7 mph wind / 0% precip / open-air; roof not applicable,unavailable,Mike Trout,207,"{""avg"": null, ""games"": 0, ""hr_rate"": null, ""ops"": null, ""pa"": 0, ""slg"": null, ""tb_rate"": null}",official lineup missing; pitch-type matchup missing, TB/AB,Confidence cap prevents a BET label.,rotowire_props_two_way,unavailable,xSLG ; hard-hit %,1.5,LAA,0.0
5.45,unavailable/not used; BvP is supporting only,6.0,-25.51,0.19539,+412,KC@SEA,0.45045,PASS,2026-05-01,2,Expected Lineup,valid,+122,64F / 7 mph wind / 3% precip / retractable roof; status unverified,unavailable,Bobby Witt,208,"{""avg"": null, ""games"": 0, ""hr_rate"": null, ""ops"": null, ""pa"": 0, ""slg"": null, ""tb_rate"": null}",official lineup missing; pitch-type matchup missing, TB/AB,Confidence cap prevents a BET label.,rotowire_props_two_way,unavailable,xSLG ; hard-hit %,1.5,KC,0.0
9.0,unavailable/not used; BvP is supporting only,6.0,-25.61,0.157075,+537,NYM@LAA,0.413223,PASS,2026-05-01,3,Expected Lineup,valid,+142,68F / 7 mph wind / 0% precip / open-air; roof not applicable,unavailable,MJ Melendez,209,"{""avg"": null, ""games"": 0, ""hr_rate"": null, ""ops"": null, ""pa"": 0, ""slg"": null, ""tb_rate"": null}",official lineup missing; pitch-type matchup missing, TB/AB,Confidence cap prevents a BET label.,rotowire_props_two_way,unavailable,xSLG ; hard-hit %,1.5,NYM,0.0
9.0,unavailable/not used; BvP is supporting only,6.0,-25.61,0.157075,+537,NYM@LAA,0.413223,PASS,2026-05-01,8,Expected Lineup,valid,+142,68F / 7 mph wind / 0% precip / open-air; roof not applicable,unavailable,Marcus Semien,210,"{""avg"": null, ""games"": 0, ""hr_rate"": null, ""ops"": null, ""pa"": 0, ""slg"": null, ""tb_rate"": null}",official lineup missing; pitch-type matchup missing, TB/AB,Confidence cap prevents a BET label.,rotowire_props_two_way,unavailable,xSLG ; hard-hit %,1.5,NYM,0.0
5.48,unavailable/not used; BvP is supporting only,7.5,-25.85,0.06,+1567,BAL@NYY,0.318471,PASS,2026-05-01,9,official_mlb_schedule,valid,+214,58F / 10 mph wind / 2% precip / open-air; roof not applicable,neutral,Blaze Alexander,211,"{""avg"": 0.05555555555555555, ""games"": 10, ""hr_rate"": 0.0, ""ops"": 0.26111111111111107, ""pa"": 20, ""slg"": 0.1111111111111111, ""tb_rate"": 0.1}","price, lineup, starter, weather, bullpen",0.210 TB/AB,No clear model edge at the available price.,rotowire_props_two_way,unavailable,xSLG 0.354; hard-hit 48.8%,1.5,BAL,0.0
10.0,unavailable/not used; BvP is supporting only,7.5,-25.97,0.180858,+453,BAL@NYY,0.440529,PASS,2026-05-01,1,official_mlb_schedule,valid,+127,58F / 10 mph wind / 2% precip / open-air; roof not applicable,favorable,Paul Goldschmidt,212,"{""avg"": 0.16666666666666666, ""games"": 3, ""hr_rate"": 0.0, ""ops"": 0.5641025641025641, ""pa"": 13, ""slg"": 0.3333333333333333, ""tb_rate"": 0.3076923076923077}","price, lineup, starter, weather, bullpen",0.429 TB/AB,No clear model edge at the available price.,rotowire_props_two_way,unavailable,xSLG ; hard-hit %,1.5,NYY,0.0
5.88,unavailable/not used; BvP is supporting only,6.0,-25.99,0.184524,+442,HOU@BOS,0.444444,PASS,2026-05-01,6,official_mlb_schedule,valid,+125,59F / 7 mph wind / 0% precip / open-air; roof not applicable,unavailable,Yainer Diaz,213,"{""avg"": 0.36363636363636365, ""games"": 8, ""hr_rate"": 0.029411764705882353, ""ops"": 0.8983957219251337, ""pa"": 34, ""slg"": 0.5454545454545454, ""tb_rate"": 0.5294117647058824}",pitch-type matchup missing,0.359 TB/AB,Confidence cap prevents a BET label.,rotowire_props_two_way,unavailable,xSLG 0.331; hard-hit 27.8%,1.5,HOU,0.0
3.93,unavailable/not used; BvP is supporting only,7.5,-26.16,0.067392,+1384,SF@TB,0.328947,PASS,2026-05-01,8,official_mlb_schedule,valid,+204,79F / 8 mph wind / 0% precip / fixed dome,neutral,Jerar Encarnacion,214,"{""avg"": 0.0, ""games"": 6, ""hr_rate"": 0.0, ""ops"": 0.14285714285714285, ""pa"": 7, ""slg"": 0.0, ""tb_rate"": 0.0}","price, lineup, starter, weather, bullpen",0.233 TB/AB,No clear model edge at the available price.,rotowire_props_two_way,unavailable,xSLG ; hard-hit %,1.5,SF,0.0
10.0,unavailable/not used; BvP is supporting only,7.5,-26.48,0.115465,+766,MIL@WSH,0.380228,PASS,2026-05-01,8,official_mlb_schedule,valid,+163,67F / 10 mph wind / 1% precip / open-air; roof not applicable,neutral,Blake Perkins,215,"{""avg"": 0.09090909090909091, ""games"": 6, ""hr_rate"": 0.0, ""ops"": 0.3356643356643357, ""pa"": 13, ""slg"": 0.18181818181818182, ""tb_rate"": 0.15384615384615385}","price, lineup, starter, weather, bullpen",0.195 TB/AB,No clear model edge at the available price.,rotowire_props_two_way,unavailable,xSLG ; hard-hit %,1.5,MIL,0.0
10.0,unavailable/not used; BvP is supporting only,7.5,-26.55,0.184916,+441,MIL@WSH,0.45045,PASS,2026-05-01,5,official_mlb_schedule,valid,+122,67F / 10 mph wind / 1% precip / open-air; roof not applicable,neutral,Luis Rengifo,216,"{""avg"": 0.2702702702702703, ""games"": 12, ""hr_rate"": 0.0, ""ops"": 0.7039597737272156, ""pa"": 43, ""slg"": 0.3783783783783784, ""tb_rate"": 0.32558139534883723}","price, lineup, starter, weather, bullpen",0.282 TB/AB,No clear model edge at the available price.,rotowire_props_two_way,unavailable,xSLG 0.337; hard-hit 36.0%,1.5,MIL,0.0
10.0,unavailable/not used; BvP is supporting only,7.5,-26.57,0.06,+1567,CIN@PIT,0.325733,PASS,2026-05-01,9,official_mlb_schedule,valid,+207,49F / 11 mph wind / 59% precip / open-air; roof not applicable,neutral,Henry Davis,217,"{""avg"": 0.07142857142857142, ""games"": 10, ""hr_rate"": 0.0, ""ops"": 0.20046082949308755, ""pa"": 31, ""slg"": 0.07142857142857142, ""tb_rate"": 0.06451612903225806}","price, lineup, starter, weather, bullpen",0.200 TB/AB,No clear model edge at the available price.,rotowire_props_two_way,unavailable,xSLG 0.221; hard-hit 35.3%,1.5,PIT,0.0
3.22,unavailable/not used; BvP is supporting only,6.0,-26.68,0.153352,+552,CLE@ATH,0.420168,PASS,2026-05-01,6,Expected Lineup,valid,+138,74F / 10 mph wind / 0% precip / open-air; roof not applicable,unavailable,Tyler Soderstrom,218,"{""avg"": null, ""games"": 0, ""hr_rate"": null, ""ops"": null, ""pa"": 0, ""slg"": null, ""tb_rate"": null}",official lineup missing; pitch-type matchup missing, TB/AB,Confidence cap prevents a BET label.,rotowire_props_two_way,unavailable,xSLG ; hard-hit %,1.5,ATH,0.0
5.88,unavailable/not used; BvP is supporting only,6.0,-26.79,0.166882,+499,HOU@BOS,0.434783,PASS,2026-05-01,3,official_mlb_schedule,valid,+130,59F / 7 mph wind / 0% precip / open-air; roof not applicable,unavailable,Isaac Paredes,219,"{""avg"": 0.30434782608695654, ""games"": 12, ""hr_rate"": 0.0625, ""ops"": 0.8333333333333333, ""pa"": 48, ""slg"": 0.5, ""tb_rate"": 0.4791666666666667}",pitch-type matchup missing,0.384 TB/AB,Confidence cap prevents a BET label.,rotowire_props_two_way,unavailable,xSLG 0.332; hard-hit 25.9%,1.5,HOU,0.0
9.0,unavailable/not used; BvP is supporting only,6.0,-26.85,0.157075,+537,NYM@LAA,0.425532,PASS,2026-05-01,4,Expected Lineup,valid,+135,68F / 7 mph wind / 0% precip / open-air; roof not applicable,unavailable,Francisco Alvarez,220,"{""avg"": null, ""games"": 0, ""hr_rate"": null, ""ops"": null, ""pa"": 0, ""slg"": null, ""tb_rate"": null}",official lineup missing; pitch-type matchup missing, TB/AB,Confidence cap prevents a BET label.,rotowire_props_two_way,unavailable,xSLG ; hard-hit %,1.5,NYM,0.0
3.93,unavailable/not used; BvP is supporting only,7.5,-26.94,0.118195,+746,SF@TB,0.387597,PASS,2026-05-01,2,official_mlb_schedule,valid,+158,79F / 8 mph wind / 0% precip / fixed dome,favorable,Matt Chapman,221,"{""avg"": 0.2727272727272727, ""games"": 12, ""hr_rate"": 0.0, ""ops"": 0.7070707070707071, ""pa"": 54, ""slg"": 0.3181818181818182, ""tb_rate"": 0.25925925925925924}","price, lineup, starter, weather, bullpen",0.364 TB/AB,No clear model edge at the available price.,rotowire_props_two_way,unavailable,xSLG 0.299; hard-hit 33.7%,1.5,SF,0.0
10.0,unavailable/not used; BvP is supporting only,6.0,-27.45,0.160269,+524,CLE@ATH,0.434783,PASS,2026-05-01,4,Expected Lineup,valid,+130,74F / 10 mph wind / 0% precip / open-air; roof not applicable,unavailable,Kyle Manzardo,222,"{""avg"": null, ""games"": 0, ""hr_rate"": null, ""ops"": null, ""pa"": 0, ""slg"": null, ""tb_rate"": null}",official lineup missing; pitch-type matchup missing, TB/AB,Confidence cap prevents a BET label.,rotowire_props_two_way,unavailable,xSLG ; hard-hit %,1.5,CLE,0.0
4.52,unavailable/not used; BvP is supporting only,6.0,-27.53,0.118437,+744,CWS@SD,0.393701,PASS,2026-05-01,8,Expected Lineup,valid,+154,64F / 5 mph wind / 0% precip / open-air; roof not applicable,unavailable,Ty France,223,"{""avg"": null, ""games"": 0, ""hr_rate"": null, ""ops"": null, ""pa"": 0, ""slg"": null, ""tb_rate"": null}",official lineup missing; pitch-type matchup missing, TB/AB,Confidence cap prevents a BET label.,rotowire_props_two_way,unavailable,xSLG ; hard-hit %,1.5,SD,0.0
10.0,unavailable/not used; BvP is supporting only,6.0,-27.83,0.160269,+524,CLE@ATH,0.438596,PASS,2026-05-01,6,Expected Lineup,valid,+128,74F / 10 mph wind / 0% precip / open-air; roof not applicable,unavailable,Angel Martinez,224,"{""avg"": null, ""games"": 0, ""hr_rate"": null, ""ops"": null, ""pa"": 0, ""slg"": null, ""tb_rate"": null}",official lineup missing; pitch-type matchup missing, TB/AB,Confidence cap prevents a BET label.,rotowire_props_two_way,unavailable,xSLG ; hard-hit %,1.5,CLE,0.0
10.0,unavailable/not used; BvP is supporting only,7.5,-27.93,0.123952,+707,CIN@PIT,0.403226,PASS,2026-05-01,1,official_mlb_schedule,valid,+148,49F / 11 mph wind / 59% precip / open-air; roof not applicable,neutral,TJ Friedl,225,"{""avg"": 0.23809523809523808, ""games"": 11, ""hr_rate"": 0.045454545454545456, ""ops"": 0.7034632034632035, ""pa"": 44, ""slg"": 0.47619047619047616, ""tb_rate"": 0.45454545454545453}","price, lineup, starter, weather, bullpen",0.280 TB/AB,No clear model edge at the available price.,rotowire_props_two_way,unavailable,xSLG 0.253; hard-hit 29.3%,1.5,CIN,0.0
3.22,unavailable/not used; BvP is supporting only,6.0,-28.14,0.153352,+552,CLE@ATH,0.434783,PASS,2026-05-01,4,Expected Lineup,valid,+130,74F / 10 mph wind / 0% precip / open-air; roof not applicable,unavailable,Brent Rooker,226,"{""avg"": null, ""games"": 0, ""hr_rate"": null, ""ops"": null, ""pa"": 0, ""slg"": null, ""tb_rate"": null}",official lineup missing; pitch-type matchup missing, TB/AB,Confidence cap prevents a BET label.,rotowire_props_two_way,unavailable,xSLG ; hard-hit %,1.5,ATH,0.0
4.52,unavailable/not used; BvP is supporting only,6.0,-28.16,0.118437,+744,CWS@SD,0.4,PASS,2026-05-01,5,Expected Lineup,valid,+150,64F / 5 mph wind / 0% precip / open-air; roof not applicable,unavailable,Miguel Andujar,227,"{""avg"": null, ""games"": 0, ""hr_rate"": null, ""ops"": null, ""pa"": 0, ""slg"": null, ""tb_rate"": null}",official lineup missing; pitch-type matchup missing, TB/AB,Confidence cap prevents a BET label.,rotowire_props_two_way,unavailable,xSLG ; hard-hit %,1.5,SD,0.0
10.0,unavailable/not used; BvP is supporting only,7.5,-28.42,0.203576,+391,ATL@COL,0.487805,PASS,2026-05-01,5,official_mlb_schedule,valid,+105,60F / 7 mph wind / 1% precip / open-air; roof not applicable,neutral,Mauricio Dubón,228,"{""avg"": 0.18604651162790697, ""games"": 12, ""hr_rate"": 0.0, ""ops"": 0.491835724888669, ""pa"": 47, ""slg"": 0.27906976744186046, ""tb_rate"": 0.2553191489361702}","price, lineup, starter, weather, bullpen",0.422 TB/AB,No clear model edge at the available price.,rotowire_props_two_way,unavailable,xSLG 0.385; hard-hit 31.5%,1.5,ATL,0.0
4.52,unavailable/not used; BvP is supporting only,6.0,-28.48,0.118437,+744,CWS@SD,0.403226,PASS,2026-05-01,6,Expected Lineup,valid,+148,64F / 5 mph wind / 0% precip / open-air; roof not applicable,unavailable,Xander Bogaerts,229,"{""avg"": null, ""games"": 0, ""hr_rate"": null, ""ops"": null, ""pa"": 0, ""slg"": null, ""tb_rate"": null}",official lineup missing; pitch-type matchup missing, TB/AB,Confidence cap prevents a BET label.,rotowire_props_two_way,unavailable,xSLG ; hard-hit %,1.5,SD,0.0
10.0,unavailable/not used; BvP is supporting only,7.5,-28.74,0.091393,+994,TOR@MIN,0.378788,PASS,2026-05-01,5,official_mlb_schedule,valid,+164,53F / 8 mph wind / 0% precip / open-air; roof not applicable,neutral,Victor Caratini,230,"{""avg"": 0.13043478260869565, ""games"": 7, ""hr_rate"": 0.0, ""ops"": 0.28428093645484953, ""pa"": 26, ""slg"": 0.13043478260869565, ""tb_rate"": 0.11538461538461539}","price, lineup, starter, weather, bullpen",0.273 TB/AB,No clear model edge at the available price.,rotowire_props_two_way,unavailable,xSLG 0.371; hard-hit 31.8%,1.5,MIN,0.0
10.0,unavailable/not used; BvP is supporting only,7.5,-28.86,0.135101,+640,HOU@BOS,0.423729,PASS,2026-05-01,3,official_mlb_schedule,valid,+136,59F / 7 mph wind / 0% precip / open-air; roof not applicable,neutral,Roman Anthony,231,"{""avg"": 0.12903225806451613, ""games"": 9, ""hr_rate"": 0.0, ""ops"": 0.43672456575682383, ""pa"": 39, ""slg"": 0.12903225806451613, ""tb_rate"": 0.10256410256410256}","price, lineup, starter, weather, bullpen",0.292 TB/AB,No clear model edge at the available price.,rotowire_props_two_way,unavailable,xSLG 0.370; hard-hit 46.9%,1.5,BOS,0.0
4.52,unavailable/not used; BvP is supporting only,6.0,-28.97,0.118437,+744,CWS@SD,0.408163,PASS,2026-05-01,7,Expected Lineup,valid,+145,64F / 5 mph wind / 0% precip / open-air; roof not applicable,unavailable,Nick Castellanos,232,"{""avg"": null, ""games"": 0, ""hr_rate"": null, ""ops"": null, ""pa"": 0, ""slg"": null, ""tb_rate"": null}",official lineup missing; pitch-type matchup missing, TB/AB,Confidence cap prevents a BET label.,rotowire_props_two_way,unavailable,xSLG ; hard-hit %,1.5,SD,0.0
10.0,unavailable/not used; BvP is supporting only,7.5,-29.09,0.06,+1567,PHI@MIA,0.350877,PASS,2026-05-01,8,official_mlb_schedule,valid,+185,81F / 12 mph wind / 0% precip / retractable roof; status unverified,neutral,Christopher Morel,233,"{""avg"": 0.0, ""games"": 1, ""hr_rate"": 0.0, ""ops"": 0.25, ""pa"": 4, ""slg"": 0.0, ""tb_rate"": 0.0}","price, lineup, starter, weather, bullpen",0.000 TB/AB,No clear model edge at the available price.,rotowire_props_two_way,unavailable,xSLG ; hard-hit %,1.5,MIA,0.0
3.93,unavailable/not used; BvP is supporting only,7.5,-29.25,0.105915,+844,SF@TB,0.398406,PASS,2026-05-01,5,official_mlb_schedule,valid,+151,79F / 8 mph wind / 0% precip / fixed dome,neutral,Rafael Devers,234,"{""avg"": 0.19148936170212766, ""games"": 12, ""hr_rate"": 0.0, ""ops"": 0.4753191489361702, ""pa"": 50, ""slg"": 0.2553191489361702, ""tb_rate"": 0.24}","price, lineup, starter, weather, bullpen",0.289 TB/AB,No clear model edge at the available price.,rotowire_props_two_way,unavailable,xSLG 0.342; hard-hit 41.5%,1.5,SF,0.0
10.0,unavailable/not used; BvP is supporting only,7.5,-29.28,0.094754,+955,PHI@MIA,0.387597,PASS,2026-05-01,1,official_mlb_schedule,valid,+158,81F / 12 mph wind / 0% precip / retractable roof; status unverified,unfavorable,Jakob Marsee,235,"{""avg"": 0.2, ""games"": 12, ""hr_rate"": 0.01818181818181818, ""ops"": 0.6202020202020202, ""pa"": 55, ""slg"": 0.3111111111111111, ""tb_rate"": 0.2545454545454545}","price, lineup, starter, weather, bullpen",0.263 TB/AB,No clear model edge at the available price.,rotowire_props_two_way,unavailable,xSLG 0.272; hard-hit 38.4%,1.5,MIA,0.0
4.52,unavailable/not used; BvP is supporting only,6.0,-30.35,0.118437,+744,CWS@SD,0.421941,PASS,2026-05-01,4,Expected Lineup,valid,+137,64F / 5 mph wind / 0% precip / open-air; roof not applicable,unavailable,Manny Machado,236,"{""avg"": null, ""games"": 0, ""hr_rate"": null, ""ops"": null, ""pa"": 0, ""slg"": null, ""tb_rate"": null}",official lineup missing; pitch-type matchup missing, TB/AB,Confidence cap prevents a BET label.,rotowire_props_two_way,unavailable,xSLG ; hard-hit %,1.5,SD,0.0
10.0,unavailable/not used; BvP is supporting only,7.5,-30.38,0.112854,+786,ATL@COL,0.416667,PASS,2026-05-01,8,official_mlb_schedule,valid,+140,60F / 7 mph wind / 1% precip / open-air; roof not applicable,unfavorable,Ezequiel Tovar,237,"{""avg"": 0.14634146341463414, ""games"": 13, ""hr_rate"": 0.0, ""ops"": 0.352549889135255, ""pa"": 44, ""slg"": 0.17073170731707318, ""tb_rate"": 0.1590909090909091}","price, lineup, starter, weather, bullpen",0.298 TB/AB,No clear model edge at the available price.,rotowire_props_two_way,unavailable,xSLG 0.368; hard-hit 36.7%,1.5,COL,0.0
4.52,unavailable/not used; BvP is supporting only,6.0,-30.89,0.118437,+744,CWS@SD,0.42735,PASS,2026-05-01,3,Expected Lineup,valid,+134,64F / 5 mph wind / 0% precip / open-air; roof not applicable,unavailable,Jackson Merrill,238,"{""avg"": null, ""games"": 0, ""hr_rate"": null, ""ops"": null, ""pa"": 0, ""slg"": null, ""tb_rate"": null}",official lineup missing; pitch-type matchup missing, TB/AB,Confidence cap prevents a BET label.,rotowire_props_two_way,unavailable,xSLG ; hard-hit %,1.5,SD,0.0
4.33,unavailable/not used; BvP is supporting only,7.5,-31.15,0.06582,+1419,PHI@MIA,0.377358,PASS,2026-05-01,7,official_mlb_schedule,valid,+165,81F / 12 mph wind / 0% precip / retractable roof; status unverified,neutral,Alec Bohm,239,"{""avg"": 0.1590909090909091, ""games"": 12, ""hr_rate"": 0.0, ""ops"": 0.40454545454545454, ""pa"": 50, ""slg"": 0.20454545454545456, ""tb_rate"": 0.18}","price, lineup, starter, weather, bullpen",0.208 TB/AB,No clear model edge at the available price.,rotowire_props_two_way,unavailable,xSLG 0.299; hard-hit 38.2%,1.5,PHI,0.0
3.93,unavailable/not used; BvP is supporting only,7.5,-31.44,0.122306,+718,SF@TB,0.436681,PASS,2026-05-01,3,official_mlb_schedule,valid,+129,79F / 8 mph wind / 0% precip / fixed dome,neutral,Luis Arraez,240,"{""avg"": 0.29411764705882354, ""games"": 12, ""hr_rate"": 0.0, ""ops"": 0.6352201257861635, ""pa"": 53, ""slg"": 0.3333333333333333, ""tb_rate"": 0.32075471698113206}","price, lineup, starter, weather, bullpen",0.364 TB/AB,No clear model edge at the available price.,rotowire_props_two_way,unavailable,xSLG 0.368; hard-hit 19.0%,1.5,SF,0.0
4.52,unavailable/not used; BvP is supporting only,6.0,-31.45,0.118437,+744,CWS@SD,0.4329,PASS,2026-05-01,1,Expected Lineup,valid,+131,64F / 5 mph wind / 0% precip / open-air; roof not applicable,unavailable,Ramon Laureano,241,"{""avg"": null, ""games"": 0, ""hr_rate"": null, ""ops"": null, ""pa"": 0, ""slg"": null, ""tb_rate"": null}",official lineup missing; pitch-type matchup missing, TB/AB,Confidence cap prevents a BET label.,rotowire_props_two_way,unavailable,xSLG ; hard-hit %,1.5,SD,0.0
10.0,unavailable/not used; BvP is supporting only,6.0,-31.59,0.160269,+524,CLE@ATH,0.47619,PASS,2026-05-01,1,Expected Lineup,valid,+110,74F / 10 mph wind / 0% precip / open-air; roof not applicable,unavailable,Steven Kwan,242,"{""avg"": null, ""games"": 0, ""hr_rate"": null, ""ops"": null, ""pa"": 0, ""slg"": null, ""tb_rate"": null}",official lineup missing; pitch-type matchup missing, TB/AB,Confidence cap prevents a BET label.,rotowire_props_two_way,unavailable,xSLG ; hard-hit %,1.5,CLE,0.0
10.0,unavailable/not used; BvP is supporting only,6.0,-31.59,0.160269,+524,CLE@ATH,0.47619,PASS,2026-05-01,2,Expected Lineup,valid,+110,74F / 10 mph wind / 0% precip / open-air; roof not applicable,unavailable,Chase DeLauter,243,"{""avg"": null, ""games"": 0, ""hr_rate"": null, ""ops"": null, ""pa"": 0, ""slg"": null, ""tb_rate"": null}",official lineup missing; pitch-type matchup missing, TB/AB,Confidence cap prevents a BET label.,rotowire_props_two_way,unavailable,xSLG ; hard-hit %,1.5,CLE,0.0
9.0,unavailable/not used; BvP is supporting only,6.0,-33.07,0.157075,+537,NYM@LAA,0.487805,PASS,2026-05-01,2,Expected Lineup,valid,+105,68F / 7 mph wind / 0% precip / open-air; roof not applicable,unavailable,Juan Soto,244,"{""avg"": null, ""games"": 0, ""hr_rate"": null, ""ops"": null, ""pa"": 0, ""slg"": null, ""tb_rate"": null}",official lineup missing; pitch-type matchup missing, TB/AB,Confidence cap prevents a BET label.,rotowire_props_two_way,unavailable,xSLG ; hard-hit %,1.5,NYM,0.0
10.0,unavailable/not used; BvP is supporting only,7.5,-33.16,0.203296,+392,ATL@COL,0.534884,PASS,2026-05-01,6,official_mlb_schedule,valid,-115,60F / 7 mph wind / 1% precip / open-air; roof not applicable,neutral,Austin Riley,245,"{""avg"": 0.13725490196078433, ""games"": 13, ""hr_rate"": 0.03571428571428571, ""ops"": 0.4726890756302521, ""pa"": 56, ""slg"": 0.29411764705882354, ""tb_rate"": 0.26785714285714285}","price, lineup, starter, weather, bullpen",0.314 TB/AB,No clear model edge at the available price.,rotowire_props_two_way,unavailable,xSLG 0.353; hard-hit 43.2%,1.5,ATL,0.0
10.0,unavailable/not used; BvP is supporting only,7.5,-33.23,0.070884,+1311,TOR@MIN,0.403226,PASS,2026-05-01,6,official_mlb_schedule,valid,+148,53F / 8 mph wind / 0% precip / open-air; roof not applicable,neutral,Luke Keaschall,246,"{""avg"": 0.20833333333333334, ""games"": 12, ""hr_rate"": 0.0, ""ops"": 0.4807692307692308, ""pa"": 52, ""slg"": 0.25, ""tb_rate"": 0.23076923076923078}","price, lineup, starter, weather, bullpen",0.275 TB/AB,No clear model edge at the available price.,rotowire_props_two_way,unavailable,xSLG 0.322; hard-hit 22.8%,1.5,MIN,0.0
5.88,unavailable/not used; BvP is supporting only,6.0,-33.31,0.107444,+831,HOU@BOS,0.440529,PASS,2026-05-01,5,official_mlb_schedule,valid,+127,59F / 7 mph wind / 0% precip / open-air; roof not applicable,unavailable,Jose Altuve,247,"{""avg"": 0.16666666666666666, ""games"": 10, ""hr_rate"": 0.022222222222222223, ""ops"": 0.48412698412698413, ""pa"": 45, ""slg"": 0.2619047619047619, ""tb_rate"": 0.24444444444444444}",pitch-type matchup missing,0.393 TB/AB,Confidence cap prevents a BET label.,rotowire_props_two_way,unavailable,xSLG 0.374; hard-hit 36.4%,1.5,HOU,0.0
10.0,unavailable/not used; BvP is supporting only,7.5,-34.21,0.081646,+1125,SF@TB,0.423729,PASS,2026-05-01,1,official_mlb_schedule,valid,+136,79F / 8 mph wind / 0% precip / fixed dome,unfavorable,Chandler Simpson,248,"{""avg"": 0.2653061224489796, ""games"": 12, ""hr_rate"": 0.0, ""ops"": 0.6005291005291005, ""pa"": 54, ""slg"": 0.2857142857142857, ""tb_rate"": 0.25925925925925924}","price, lineup, starter, weather, bullpen",0.356 TB/AB,No clear model edge at the available price.,rotowire_props_two_way,unavailable,xSLG 0.317; hard-hit 13.5%,1.5,TB,0.0
4.52,unavailable/not used; BvP is supporting only,6.0,-34.24,0.118437,+744,CWS@SD,0.460829,PASS,2026-05-01,2,Expected Lineup,valid,+117,64F / 5 mph wind / 0% precip / open-air; roof not applicable,unavailable,Fernando Tatis,249,"{""avg"": null, ""games"": 0, ""hr_rate"": null, ""ops"": null, ""pa"": 0, ""slg"": null, ""tb_rate"": null}",official lineup missing; pitch-type matchup missing, TB/AB,Confidence cap prevents a BET label.,rotowire_props_two_way,unavailable,xSLG ; hard-hit %,1.5,SD,0.0
10.0,unavailable/not used; BvP is supporting only,7.5,-34.49,0.099544,+905,HOU@BOS,0.444444,PASS,2026-05-01,5,official_mlb_schedule,valid,+125,59F / 7 mph wind / 0% precip / open-air; roof not applicable,neutral,Trevor Story,250,"{""avg"": 0.17777777777777778, ""games"": 12, ""hr_rate"": 0.0, ""ops"": 0.4822222222222222, ""pa"": 50, ""slg"": 0.2222222222222222, ""tb_rate"": 0.2}","price, lineup, starter, weather, bullpen",0.295 TB/AB,No clear model edge at the available price.,rotowire_props_two_way,unavailable,xSLG 0.311; hard-hit 42.9%,1.5,BOS,0.0
3.22,unavailable/not used; BvP is supporting only,6.0,-34.66,0.153352,+552,CLE@ATH,0.5,PASS,2026-05-01,1,Expected Lineup,valid,+100,74F / 10 mph wind / 0% precip / open-air; roof not applicable,unavailable,Jacob Wilson,251,"{""avg"": null, ""games"": 0, ""hr_rate"": null, ""ops"": null, ""pa"": 0, ""slg"": null, ""tb_rate"": null}",official lineup missing; pitch-type matchup missing, TB/AB,Confidence cap prevents a BET label.,rotowire_props_two_way,unavailable,xSLG ; hard-hit %,1.5,ATH,0.0
9.0,unavailable/not used; BvP is supporting only,6.0,-35.03,0.157075,+537,NYM@LAA,0.507389,PASS,2026-05-01,1,Expected Lineup,valid,-103,68F / 7 mph wind / 0% precip / open-air; roof not applicable,unavailable,Bo Bichette,252,"{""avg"": null, ""games"": 0, ""hr_rate"": null, ""ops"": null, ""pa"": 0, ""slg"": null, ""tb_rate"": null}",official lineup missing; pitch-type matchup missing, TB/AB,Confidence cap prevents a BET label.,rotowire_props_two_way,unavailable,xSLG ; hard-hit %,1.5,NYM,0.0
10.0,unavailable/not used; BvP is supporting only,7.5,-37.13,0.123754,+708,HOU@BOS,0.49505,PASS,2026-05-01,1,official_mlb_schedule,valid,+102,59F / 7 mph wind / 0% precip / open-air; roof not applicable,neutral,Jarren Duran,253,"{""avg"": 0.175, ""games"": 11, ""hr_rate"": 0.0, ""ops"": 0.42012195121951224, ""pa"": 41, ""slg"": 0.225, ""tb_rate"": 0.21951219512195122}","price, lineup, starter, weather, bullpen",0.250 TB/AB,No clear model edge at the available price.,rotowire_props_two_way,unavailable,xSLG 0.339; hard-hit 41.7%,1.5,BOS,0.0
10.0,unavailable/not used; BvP is supporting only,6.0,-37.46,0.160269,+524,CLE@ATH,0.534884,PASS,2026-05-01,3,Expected Lineup,valid,-115,74F / 10 mph wind / 0% precip / open-air; roof not applicable,unavailable,Jose Ramirez,254,"{""avg"": null, ""games"": 0, ""hr_rate"": null, ""ops"": null, ""pa"": 0, ""slg"": null, ""tb_rate"": null}",official lineup missing; pitch-type matchup missing, TB/AB,Confidence cap prevents a BET label.,rotowire_props_two_way,unavailable,xSLG ; hard-hit %,1.5,CLE,0.0
9.0,unavailable/not used; BvP is supporting only,6.0,-40.81,0.157075,+537,NYM@LAA,0.565217,PASS,2026-05-01,6,Expected Lineup,valid,-130,68F / 7 mph wind / 0% precip / open-air; roof not applicable,unavailable,Tyrone Taylor,255,"{""avg"": null, ""games"": 0, ""hr_rate"": null, ""ops"": null, ""pa"": 0, ""slg"": null, ""tb_rate"": null}",official lineup missing; pitch-type matchup missing, TB/AB,Confidence cap prevents a BET label.,rotowire_props_two_way,unavailable,xSLG ; hard-hit %,0.5,NYM,0.0
10.0,unavailable/not used; BvP is supporting only,5.0,,0.481428,+108,AZ@CHC,,PASS,2026-05-01,2,official_mlb_schedule,invalid_or_outlier_market_odds,+525,44F / 10 mph wind / 5% precip / open-air; roof not applicable,favorable,Moisés Ballesteros,256,"{""avg"": 0.3333333333333333, ""games"": 12, ""hr_rate"": 0.08108108108108109, ""ops"": 1.1326781326781328, ""pa"": 37, ""slg"": 0.7272727272727273, ""tb_rate"": 0.6486486486486487}",game already started or completed; prop price missing; invalid_or_outlier_market_odds,0.595 TB/AB,Outlier total-bases price +525 at line 0.5; requires manual verification and is excluded from edge math.,rotowire_props_two_way,unavailable,xSLG 0.500; hard-hit 53.3%,0.5,CHC,0.0
10.0,unavailable/not used; BvP is supporting only,5.0,,0.449858,+122,AZ@CHC,,PASS,2026-05-01,5,official_mlb_schedule,invalid_or_outlier_market_odds,+500,44F / 10 mph wind / 5% precip / open-air; roof not applicable,favorable,Seiya Suzuki,257,"{""avg"": 0.36363636363636365, ""games"": 12, ""hr_rate"": 0.09803921568627451, ""ops"": 1.1390374331550803, ""pa"": 51, ""slg"": 0.7272727272727273, ""tb_rate"": 0.6274509803921569}",game already started or completed; prop price missing; invalid_or_outlier_market_odds,0.543 TB/AB,Outlier total-bases price +500 at line 1.5; requires manual verification and is excluded from edge math.,rotowire_props_two_way,unavailable,xSLG 0.504; hard-hit 47.9%,1.5,CHC,0.0
3.59,unavailable/not used; BvP is supporting only,5.0,,0.427066,+134,AZ@CHC,,PASS,2026-05-01,2,official_mlb_schedule,invalid_or_outlier_market_odds,+450,44F / 10 mph wind / 5% precip / open-air; roof not applicable,favorable,Ildemaro Vargas,258,"{""avg"": 0.37209302325581395, ""games"": 11, ""hr_rate"": 0.08695652173913043, ""ops"": 1.0904954499494437, ""pa"": 46, ""slg"": 0.7209302325581395, ""tb_rate"": 0.6739130434782609}",game already started or completed; prop price missing; invalid_or_outlier_market_odds,0.702 TB/AB,Outlier total-bases price +450 at line 1.5; requires manual verification and is excluded from edge math.,rotowire_props_yes_only,unavailable,xSLG 0.520; hard-hit 35.0%,1.5,AZ,0.0
3.59,unavailable/not used; BvP is supporting only,5.0,,0.34488,+190,AZ@CHC,,PASS,2026-05-01,3,official_mlb_schedule,invalid_or_outlier_market_odds,+750,44F / 10 mph wind / 5% precip / open-air; roof not applicable,neutral,Corbin Carroll,259,"{""avg"": 0.2702702702702703, ""games"": 11, ""hr_rate"": 0.044444444444444446, ""ops"": 0.8912912912912913, ""pa"": 45, ""slg"": 0.5135135135135135, ""tb_rate"": 0.4222222222222222}",game already started or completed; prop price missing; invalid_or_outlier_market_odds,0.549 TB/AB,Outlier total-bases price +750 at line 1.5; requires manual verification and is excluded from edge math.,rotowire_props_two_way,unavailable,xSLG 0.481; hard-hit 38.8%,1.5,AZ,0.0
10.0,unavailable/not used; BvP is supporting only,5.0,,0.328567,+204,AZ@CHC,,PASS,2026-05-01,9,official_mlb_schedule,invalid_or_outlier_market_odds,+310,44F / 10 mph wind / 5% precip / open-air; roof not applicable,neutral,Dansby Swanson,260,"{""avg"": 0.23684210526315788, ""games"": 12, ""hr_rate"": 0.0425531914893617, ""ops"": 0.7928331466965286, ""pa"": 47, ""slg"": 0.47368421052631576, ""tb_rate"": 0.3829787234042553}",game already started or completed; prop price missing; invalid_or_outlier_market_odds,0.436 TB/AB,Outlier total-bases price +310 at line 1.5; requires manual verification and is excluded from edge math.,rotowire_props_two_way,unavailable,xSLG 0.442; hard-hit 47.9%,1.5,CHC,0.0
10.0,unavailable/not used; BvP is supporting only,5.0,,0.305202,+228,AZ@CHC,,PASS,2026-05-01,4,official_mlb_schedule,invalid_or_outlier_market_odds,+500,44F / 10 mph wind / 5% precip / open-air; roof not applicable,neutral,Ian Happ,261,"{""avg"": 0.2553191489361702, ""games"": 13, ""hr_rate"": 0.05084745762711865, ""ops"": 0.8579156148575551, ""pa"": 59, ""slg"": 0.46808510638297873, ""tb_rate"": 0.3728813559322034}",game already started or completed; prop price missing; invalid_or_outlier_market_odds,0.452 TB/AB,Outlier total-bases price +500 at line 1.5; requires manual verification and is excluded from edge math.,rotowire_props_two_way,unavailable,xSLG 0.419; hard-hit 37.8%,1.5,CHC,0.0
10.0,unavailable/not used; BvP is supporting only,5.8,,0.286471,+249,KC@SEA,,WATCHLIST,,8,official_mlb_schedule,missing,,64F / 7 mph wind / 3% precip / retractable roof; status unverified,unfavorable,Connor Joe,262,"{""avg"": 0.3333333333333333, ""games"": 3, ""hr_rate"": 0.0, ""ops"": 0.8444444444444444, ""pa"": 10, ""slg"": 0.4444444444444444, ""tb_rate"": 0.4}",prop price missing,0.286 TB/AB,Missing current/timestamped prop price; cannot be a bet.,,unavailable,xSLG ; hard-hit %,,SEA,0.0
3.59,unavailable/not used; BvP is supporting only,5.0,,0.213907,+367,AZ@CHC,,PASS,2026-05-01,1,official_mlb_schedule,invalid_or_outlier_market_odds,+550,44F / 10 mph wind / 5% precip / open-air; roof not applicable,neutral,Geraldo Perdomo,263,"{""avg"": 0.3333333333333333, ""games"": 8, ""hr_rate"": 0.0, ""ops"": 1.0631808278867103, ""pa"": 34, ""slg"": 0.5925925925925926, ""tb_rate"": 0.47058823529411764}",game already started or completed; prop price missing; invalid_or_outlier_market_odds,0.409 TB/AB,Outlier total-bases price +550 at line 1.5; requires manual verification and is excluded from edge math.,rotowire_props_yes_only,unavailable,xSLG 0.308; hard-hit 25.3%,1.5,AZ,0.0
3.59,unavailable/not used; BvP is supporting only,5.0,,0.171905,+482,AZ@CHC,,PASS,2026-05-01,5,official_mlb_schedule,invalid_or_outlier_market_odds,+50,44F / 10 mph wind / 5% precip / open-air; roof not applicable,neutral,Gabriel Moreno,264,"{""avg"": null, ""games"": 0, ""hr_rate"": null, ""ops"": null, ""pa"": 0, ""slg"": null, ""tb_rate"": null}",game already started or completed; prop price missing; invalid_or_outlier_market_odds,0.364 TB/AB,Invalid American odds 50; preserved for audit and excluded from edge math.,rotowire_props_yes_only,unavailable,xSLG ; hard-hit %,1.5,AZ,0.0
3.59,unavailable/not used; BvP is supporting only,5.0,,0.157523,+535,AZ@CHC,,PASS,2026-05-01,4,official_mlb_schedule,invalid_or_outlier_market_odds,+462,44F / 10 mph wind / 5% precip / open-air; roof not applicable,neutral,Adrian Del Castillo,265,"{""avg"": 0.125, ""games"": 9, ""hr_rate"": 0.02857142857142857, ""ops"": 0.48125, ""pa"": 35, ""slg"": 0.28125, ""tb_rate"": 0.2571428571428571}",game already started or completed; prop price missing; invalid_or_outlier_market_odds,0.355 TB/AB,Outlier total-bases price +462 at line 1.5; requires manual verification and is excluded from edge math.,rotowire_props_two_way,unavailable,xSLG ; hard-hit %,1.5,AZ,0.0
3.22,unavailable/not used; BvP is supporting only,5.8,,0.153352,+552,CLE@ATH,,PASS,2026-05-01,2,Expected Lineup,invalid_or_outlier_market_odds,-2,74F / 10 mph wind / 0% precip / open-air; roof not applicable,unavailable,Shea Langeliers,266,"{""avg"": null, ""games"": 0, ""hr_rate"": null, ""ops"": null, ""pa"": 0, ""slg"": null, ""tb_rate"": null}",official lineup missing; prop price missing; pitch-type matchup missing; invalid_or_outlier_market_odds, TB/AB,Invalid American odds -2; preserved for audit and excluded from edge math.,rotowire_props_two_way,unavailable,xSLG ; hard-hit %,1.5,ATH,0.0
9.49,unavailable/not used; BvP is supporting only,5.8,,0.151925,+558,TOR@MIN,,WATCHLIST,,6,official_mlb_schedule,missing,,53F / 8 mph wind / 0% precip / open-air; roof not applicable,neutral,Lenyn Sosa,267,"{""avg"": 0.15, ""games"": 7, ""hr_rate"": 0.0, ""ops"": 0.33636363636363636, ""pa"": 22, ""slg"": 0.2, ""tb_rate"": 0.18181818181818182}",prop price missing,0.295 TB/AB,Missing current/timestamped prop price; cannot be a bet.,,unavailable,xSLG ; hard-hit %,,TOR,0.0
4.52,unavailable/not used; BvP is supporting only,5.8,,0.118437,+744,CWS@SD,,WATCHLIST,,9,Expected Lineup,missing,,64F / 5 mph wind / 0% precip / open-air; roof not applicable,unavailable,Luis Campusano,268,"{""avg"": null, ""games"": 0, ""hr_rate"": null, ""ops"": null, ""pa"": 0, ""slg"": null, ""tb_rate"": null}",official lineup missing; prop price missing; pitch-type matchup missing, TB/AB,Missing current/timestamped prop price; cannot be a bet.,,unavailable,xSLG ; hard-hit %,,SD,0.0
3.59,unavailable/not used; BvP is supporting only,5.0,,0.06,+1567,AZ@CHC,,PASS,2026-05-01,9,official_mlb_schedule,invalid_or_outlier_market_odds,+350,44F / 10 mph wind / 5% precip / open-air; roof not applicable,unfavorable,Jorge Barrosa,269,"{""avg"": 0.06666666666666667, ""games"": 10, ""hr_rate"": 0.058823529411764705, ""ops"": 0.38431372549019605, ""pa"": 17, ""slg"": 0.26666666666666666, ""tb_rate"": 0.23529411764705882}",game already started or completed; prop price missing; invalid_or_outlier_market_odds,0.444 TB/AB,Outlier total-bases price +350 at line 1.5; requires manual verification and is excluded from edge math.,rotowire_props_yes_only,unavailable,xSLG 0.245; hard-hit 20.0%,1.5,AZ,0.0
10.0,unavailable/not used; BvP is supporting only,5.8,,0.06,+1567,KC@SEA,,PASS,2026-05-01,9,official_mlb_schedule,invalid_or_outlier_market_odds,+306,64F / 7 mph wind / 3% precip / retractable roof; status unverified,unfavorable,Leo Rivas,270,"{""avg"": 0.12121212121212122, ""games"": 12, ""hr_rate"": 0.0, ""ops"": 0.2596232596232596, ""pa"": 37, ""slg"": 0.15151515151515152, ""tb_rate"": 0.13513513513513514}",prop price missing; invalid_or_outlier_market_odds,0.189 TB/AB,Outlier total-bases price +306 at line 1.5; requires manual verification and is excluded from edge math.,rotowire_props_two_way,unavailable,xSLG 0.236; hard-hit 12.2%,1.5,SEA,0.0
