barrel_pct,batter_hr_profile,bullpen_hr_risk,bvp_context,confidence,edge_pct,estimated_hr_probability,fair_odds,game,hard_hit_pct,hr_odds,implied_probability,label,last_update,launch_angle,lineup_spot,lineup_status,market_odds_status,opposing_pitcher_hr9,park_weather_impact,pitch_type_fit,pitcher_barrel_allowed,pitcher_hard_hit_allowed,player,pull_fly_ball_profile,rank,required_recheck,short_reason,source,team,unit_size,xslg,xwoba
0.178,9 HR / 115 PA,10.0,unavailable/not used; BvP is supporting only,7.5,-2.17,0.182371,+448,LAD@STL,0.534,+390,0.204082,PASS,2026-05-01,12.3,7,official_mlb_schedule,valid,2.373626,62F / 6 mph wind / 1% precip / open-air; roof not applicable,favorable,0.095,0.429,Max Muncy,unavailable,1,"price, lineup, starter, weather, bullpen",No clear model edge at the available price.,rotowire_props_yes_only,LAD,0.0,0.592,0.413
0.181,12 HR / 143 PA,5.88,unavailable/not used; BvP is supporting only,6.0,-5.59,0.156838,+538,HOU@BOS,0.495,+370,0.212766,PASS,2026-05-01,19.5,2,official_mlb_schedule,valid,,59F / 7 mph wind / 0% precip / open-air; roof not applicable,unavailable,,,Yordan Alvarez,unavailable,2,pitch-type matchup missing,Confidence cap prevents a BET label.,rotowire_props_yes_only,HOU,0.0,0.812,0.529
0.27,12 HR / 135 PA,10.0,unavailable/not used; BvP is supporting only,7.5,-16.41,0.151357,+561,BAL@NYY,0.541,+217,0.315457,PASS,2026-05-01,13.9,3,official_mlb_schedule,valid,0.72973,58F / 10 mph wind / 2% precip / open-air; roof not applicable,favorable,0.079,0.395,Aaron Judge,unavailable,3,"price, lineup, starter, weather, bullpen",No clear model edge at the available price.,draftkings,NYY,0.0,0.685,0.455
0.211,11 HR / 139 PA,4.33,unavailable/not used; BvP is supporting only,7.5,-12.25,0.147798,+577,PHI@MIA,0.507,+270,0.27027,PASS,2026-05-01,22.0,1,official_mlb_schedule,valid,1.723404,81F / 12 mph wind / 0% precip / retractable roof; status unverified,neutral,0.149,0.46,Kyle Schwarber,unavailable,4,"price, lineup, starter, weather, bullpen",No clear model edge at the available price.,rotowire_props_yes_only,PHI,0.0,0.542,0.401
0.183,9 HR / 143 PA,10.0,unavailable/not used; BvP is supporting only,7.5,-12.15,0.147352,+579,ATL@COL,0.495,+272,0.268817,PASS,2026-05-01,16.5,4,official_mlb_schedule,valid,1.963636,60F / 7 mph wind / 1% precip / open-air; roof not applicable,favorable,0.113,0.339,Matt Olson,unavailable,5,"price, lineup, starter, weather, bullpen",No clear model edge at the available price.,rotowire_props_yes_only,ATL,0.0,0.579,0.389
0.203,10 HR / 122 PA,10.0,unavailable/not used; BvP is supporting only,7.5,-10.07,0.146783,+581,BAL@NYY,0.609,+304,0.247525,PASS,2026-05-01,11.5,2,official_mlb_schedule,valid,0.72973,58F / 10 mph wind / 2% precip / open-air; roof not applicable,favorable,0.079,0.395,Ben Rice,unavailable,6,"price, lineup, starter, weather, bullpen",No clear model edge at the available price.,draftkings,NYY,0.0,0.617,0.446
0.221,9 HR / 137 PA,10.0,unavailable/not used; BvP is supporting only,7.5,-6.32,0.140906,+610,CIN@PIT,0.623,+390,0.204082,PASS,2026-05-01,8.8,1,official_mlb_schedule,valid,1.551724,49F / 11 mph wind / 59% precip / open-air; roof not applicable,neutral,0.085,0.462,Oneil Cruz,unavailable,7,"price, lineup, starter, weather, bullpen",No clear model edge at the available price.,draftkings,PIT,0.0,0.539,0.366
0.292,10 HR / 155 PA,10.0,unavailable/not used; BvP is supporting only,5.8,,0.137537,+627,MIL@WSH,0.639,,,WATCHLIST,,9.8,1,official_mlb_schedule,missing,1.102041,67F / 10 mph wind / 1% precip / open-air; roof not applicable,favorable,0.044,0.368,James Wood,unavailable,8,prop price missing,Missing current/timestamped prop price; cannot be a bet.,,WSH,0.0,0.62,0.433
0.215,6 HR / 139 PA,10.0,unavailable/not used; BvP is supporting only,7.5,-11.07,0.135576,+638,LAD@STL,0.519,+306,0.246305,PASS,2026-05-01,12.4,1,official_mlb_schedule,valid,2.373626,62F / 6 mph wind / 1% precip / open-air; roof not applicable,favorable,0.095,0.429,Shohei Ohtani,unavailable,9,"price, lineup, starter, weather, bullpen",No clear model edge at the available price.,rotowire_props_yes_only,LAD,0.0,0.548,0.411
0.159,9 HR / 121 PA,10.0,unavailable/not used; BvP is supporting only,7.5,-9.79,0.128309,+679,ATL@COL,0.54,+342,0.226244,PASS,2026-05-01,24.7,3,official_mlb_schedule,valid,1.391753,60F / 7 mph wind / 1% precip / open-air; roof not applicable,neutral,0.073,0.427,Hunter Goodman,unavailable,10,"price, lineup, starter, weather, bullpen",No clear model edge at the available price.,draftkings,COL,0.0,0.468,0.332
0.167,10 HR / 138 PA,10.0,unavailable/not used; BvP is supporting only,7.5,-4.59,0.127664,+683,CIN@PIT,0.548,+476,0.173611,PASS,2026-05-01,15.9,3,official_mlb_schedule,valid,0.264706,49F / 11 mph wind / 59% precip / open-air; roof not applicable,neutral,0.03,0.39,Elly De La Cruz,unavailable,11,"price, lineup, starter, weather, bullpen",No clear model edge at the available price.,rotowire_props_yes_only,CIN,0.0,0.538,0.381
0.117,5 HR / 83 PA,10.0,unavailable/not used; BvP is supporting only,5.0,0.36,0.125597,+696,AZ@CHC,0.533,+720,0.121951,PASS,2026-05-01,11.8,2,official_mlb_schedule,valid,0.556701,44F / 10 mph wind / 5% precip / open-air; roof not applicable,favorable,0.094,0.458,Moisés Ballesteros,unavailable,12,game already started or completed,Confidence cap prevents a BET label.,draftkings,CHC,0.0,0.5,0.364
,1 HR / 9 PA,10.0,unavailable/not used; BvP is supporting only,7.5,-1.34,0.122077,+719,CIN@PIT,,+638,0.135501,PASS,2026-05-01,,7,official_mlb_schedule,valid,0.264706,49F / 11 mph wind / 59% precip / open-air; roof not applicable,favorable,0.03,0.39,JJ Bleday,unavailable,13,"price, lineup, starter, weather, bullpen",No clear model edge at the available price.,rotowire_props_yes_only,CIN,0.0,,
0.104,5 HR / 83 PA,10.0,unavailable/not used; BvP is supporting only,5.0,-4.26,0.11508,+769,AZ@CHC,0.479,+534,0.157729,PASS,2026-05-01,19.2,5,official_mlb_schedule,valid,0.556701,44F / 10 mph wind / 5% precip / open-air; roof not applicable,favorable,0.094,0.458,Seiya Suzuki,unavailable,14,game already started or completed,Confidence cap prevents a BET label.,draftkings,CHC,0.0,0.504,0.394
0.123,8 HR / 97 PA,10.0,unavailable/not used; BvP is supporting only,7.5,-8.82,0.111841,+794,ATL@COL,0.369,+400,0.2,PASS,2026-05-01,24.6,2,official_mlb_schedule,valid,1.391753,60F / 7 mph wind / 1% precip / open-air; roof not applicable,favorable,0.073,0.427,Mickey Moniak,unavailable,15,"price, lineup, starter, weather, bullpen",No clear model edge at the available price.,draftkings,COL,0.0,0.451,0.316
,5 HR / 59 PA,10.0,unavailable/not used; BvP is supporting only,7.5,-0.54,0.111584,+796,CIN@PIT,,+755,0.116959,PASS,2026-05-01,,5,official_mlb_schedule,valid,0.264706,49F / 11 mph wind / 59% precip / open-air; roof not applicable,favorable,0.03,0.39,Nathaniel Lowe,unavailable,16,"price, lineup, starter, weather, bullpen",No clear model edge at the available price.,rotowire_props_yes_only,CIN,0.0,,
0.181,7 HR / 128 PA,10.0,unavailable/not used; BvP is supporting only,7.5,-8.66,0.110628,+804,HOU@BOS,0.486,+407,0.197239,PASS,2026-05-01,17.0,2,official_mlb_schedule,valid,1.989474,59F / 7 mph wind / 0% precip / open-air; roof not applicable,neutral,0.072,0.371,Willson Contreras,unavailable,17,"price, lineup, starter, weather, bullpen",No clear model edge at the available price.,draftkings,BOS,0.0,0.551,0.408
0.06,4 HR / 113 PA,9.74,unavailable/not used; BvP is supporting only,7.5,-2.51,0.110014,+809,TEX@DET,0.53,+640,0.135135,PASS,2026-05-01,11.5,4,official_mlb_schedule,valid,1.421053,48F / 8 mph wind / 6% precip / open-air; roof not applicable,favorable,0.103,0.456,Josh Jung,unavailable,18,"price, lineup, starter, weather, bullpen",No clear model edge at the available price.,rotowire_props_yes_only,TEX,0.0,0.47,0.368
0.149,5 HR / 120 PA,3.4,unavailable/not used; BvP is supporting only,7.5,-5.27,0.107346,+832,TEX@DET,0.478,+525,0.16,PASS,2026-05-01,16.2,7,official_mlb_schedule,valid,1.451613,48F / 8 mph wind / 6% precip / open-air; roof not applicable,favorable,0.147,0.467,Spencer Torkelson,unavailable,19,"price, lineup, starter, weather, bullpen",No clear model edge at the available price.,draftkings,DET,0.0,0.495,0.376
0.159,8 HR / 134 PA,10.0,unavailable/not used; BvP is supporting only,7.5,-12.04,0.106835,+836,TOR@MIN,0.455,+340,0.227273,PASS,2026-05-01,23.9,1,official_mlb_schedule,valid,0.931034,53F / 8 mph wind / 0% precip / open-air; roof not applicable,neutral,0.091,0.418,Byron Buxton,unavailable,20,"price, lineup, starter, weather, bullpen",No clear model edge at the available price.,draftkings,MIN,0.0,0.439,0.308
0.137,7 HR / 146 PA,10.0,unavailable/not used; BvP is supporting only,7.5,-6.44,0.105677,+846,ATL@COL,0.49,+488,0.170068,PASS,2026-05-01,11.4,2,official_mlb_schedule,valid,1.963636,60F / 7 mph wind / 1% precip / open-air; roof not applicable,favorable,0.113,0.339,Drake Baldwin,unavailable,21,"price, lineup, starter, weather, bullpen",No clear model edge at the available price.,rotowire_props_yes_only,ATL,0.0,0.543,0.394
0.14,7 HR / 142 PA,10.0,unavailable/not used; BvP is supporting only,7.5,-13.62,0.10135,+887,KC@SEA,0.314,+321,0.23753,PASS,2026-05-01,22.4,2,official_mlb_schedule,valid,2.333333,64F / 7 mph wind / 3% precip / retractable roof; status unverified,neutral,0.172,0.406,Cal Raleigh,unavailable,22,"price, lineup, starter, weather, bullpen",No clear model edge at the available price.,draftkings,SEA,0.0,0.454,0.327
0.207,9 HR / 134 PA,10.0,unavailable/not used; BvP is supporting only,7.5,-6.31,0.100607,+894,CIN@PIT,0.446,+511,0.163666,PASS,2026-05-01,14.4,4,official_mlb_schedule,valid,0.264706,49F / 11 mph wind / 59% precip / open-air; roof not applicable,neutral,0.03,0.39,Sal Stewart,unavailable,23,"price, lineup, starter, weather, bullpen",No clear model edge at the available price.,rotowire_props_yes_only,CIN,0.0,0.562,0.403
0.104,8 HR / 131 PA,10.0,unavailable/not used; BvP is supporting only,7.5,-12.86,0.100245,+898,SF@TB,0.442,+337,0.228833,PASS,2026-05-01,12.6,2,official_mlb_schedule,valid,1.35,79F / 8 mph wind / 0% precip / fixed dome,favorable,0.128,0.349,Junior Caminero,unavailable,24,"price, lineup, starter, weather, bullpen",No clear model edge at the available price.,draftkings,TB,0.0,0.481,0.358
0.143,4 HR / 96 PA,10.0,unavailable/not used; BvP is supporting only,7.5,-5.56,0.098939,+911,TOR@MIN,0.413,+547,0.15456,PASS,2026-05-01,23.4,3,official_mlb_schedule,valid,0.931034,53F / 8 mph wind / 0% precip / open-air; roof not applicable,favorable,0.091,0.418,Ryan Jeffers,unavailable,25,"price, lineup, starter, weather, bullpen",No clear model edge at the available price.,draftkings,MIN,0.0,0.492,0.386
0.176,5 HR / 106 PA,3.4,unavailable/not used; BvP is supporting only,7.5,-4.77,0.098285,+917,TEX@DET,0.541,+585,0.145985,PASS,2026-05-01,8.7,4,official_mlb_schedule,valid,1.451613,48F / 8 mph wind / 6% precip / open-air; roof not applicable,favorable,0.147,0.467,Dillon Dingler,unavailable,26,"price, lineup, starter, weather, bullpen",No clear model edge at the available price.,draftkings,DET,0.0,0.604,0.422
0.137,3 HR / 128 PA,10.0,unavailable/not used; BvP is supporting only,7.5,-3.54,0.095355,+949,LAD@STL,0.48,+665,0.130719,PASS,2026-05-01,10.9,2,official_mlb_schedule,valid,2.373626,62F / 6 mph wind / 1% precip / open-air; roof not applicable,favorable,0.095,0.429,Freddie Freeman,unavailable,27,"price, lineup, starter, weather, bullpen",No clear model edge at the available price.,rotowire_props_yes_only,LAD,0.0,0.555,0.391
0.092,4 HR / 101 PA,9.49,unavailable/not used; BvP is supporting only,7.5,-6.4,0.09527,+950,TOR@MIN,0.5,+528,0.159236,PASS,2026-05-01,12.6,2,official_mlb_schedule,valid,1.8,53F / 8 mph wind / 0% precip / open-air; roof not applicable,neutral,0.083,0.407,Jesús Sánchez,unavailable,28,"price, lineup, starter, weather, bullpen",No clear model edge at the available price.,rotowire_props_yes_only,TOR,0.0,0.5,0.356
0.154,4 HR / 133 PA,3.4,unavailable/not used; BvP is supporting only,7.5,-4.21,0.094879,+954,TEX@DET,0.5,+630,0.136986,PASS,2026-05-01,13.8,5,official_mlb_schedule,valid,1.451613,48F / 8 mph wind / 6% precip / open-air; roof not applicable,favorable,0.147,0.467,Riley Greene,unavailable,29,"price, lineup, starter, weather, bullpen",No clear model edge at the available price.,draftkings,DET,0.0,0.543,0.404
0.063,6 HR / 99 PA,3.59,unavailable/not used; BvP is supporting only,5.0,3.98,0.091903,+988,AZ@CHC,0.35,+1820,0.052083,LOTTERY,2026-05-01,7.2,2,official_mlb_schedule,valid,0.826531,44F / 10 mph wind / 5% precip / open-air; roof not applicable,favorable,0.072,0.47,Ildemaro Vargas,unavailable,30,game already started or completed,"Positive model angle, but confidence gates cap it below BET.",draftkings,AZ,0.1,0.52,0.384
0.125,5 HR / 123 PA,9.49,unavailable/not used; BvP is supporting only,7.5,-6.65,0.090771,+1002,TOR@MIN,0.514,+536,0.157233,PASS,2026-05-01,18.0,4,official_mlb_schedule,valid,1.8,53F / 8 mph wind / 0% precip / open-air; roof not applicable,favorable,0.083,0.407,Kazuma Okamoto,unavailable,31,"price, lineup, starter, weather, bullpen",No clear model edge at the available price.,rotowire_props_yes_only,TOR,0.0,0.42,0.32
0.117,4 HR / 129 PA,10.0,unavailable/not used; BvP is supporting only,7.5,-6.33,0.090549,+1004,MIL@WSH,0.545,+550,0.153846,PASS,2026-05-01,9.1,2,official_mlb_schedule,valid,1.213483,67F / 10 mph wind / 1% precip / open-air; roof not applicable,favorable,0.125,0.512,Brice Turang,unavailable,32,"price, lineup, starter, weather, bullpen",No clear model edge at the available price.,rotowire_props_yes_only,MIL,0.0,0.555,0.42
0.128,8 HR / 121 PA,10.0,unavailable/not used; BvP is supporting only,7.5,-9.04,0.090103,+1010,CIN@PIT,0.449,+454,0.180505,PASS,2026-05-01,16.4,2,official_mlb_schedule,valid,1.551724,49F / 11 mph wind / 59% precip / open-air; roof not applicable,neutral,0.085,0.462,Brandon Lowe,unavailable,33,"price, lineup, starter, weather, bullpen",No clear model edge at the available price.,draftkings,PIT,0.0,0.479,0.356
0.162,3 HR / 118 PA,3.93,unavailable/not used; BvP is supporting only,7.5,-9.15,0.089969,+1011,SF@TB,0.554,+451,0.181488,PASS,2026-05-01,9.8,1,official_mlb_schedule,valid,0.391304,79F / 8 mph wind / 0% precip / fixed dome,neutral,0.129,0.435,Heliot Ramos,unavailable,34,"price, lineup, starter, weather, bullpen",No clear model edge at the available price.,rotowire_props_yes_only,SF,0.0,0.458,0.333
,1 HR / 49 PA,10.0,unavailable/not used; BvP is supporting only,7.5,-1.55,0.089716,+1015,LAD@STL,,+850,0.105263,PASS,2026-05-01,,8,official_mlb_schedule,valid,2.373626,62F / 6 mph wind / 1% precip / open-air; roof not applicable,neutral,0.095,0.429,Miguel Rojas,unavailable,35,"price, lineup, starter, weather, bullpen",No clear model edge at the available price.,rotowire_props_yes_only,LAD,0.0,,
0.147,4 HR / 102 PA,3.93,unavailable/not used; BvP is supporting only,7.5,-8.05,0.08955,+1017,SF@TB,0.467,+488,0.170068,PASS,2026-05-01,23.2,4,official_mlb_schedule,valid,0.391304,79F / 8 mph wind / 0% precip / fixed dome,favorable,0.129,0.435,Casey Schmitt,unavailable,36,"price, lineup, starter, weather, bullpen",No clear model edge at the available price.,rotowire_props_yes_only,SF,0.0,0.53,0.37
0.08,7 HR / 104 PA,10.0,unavailable/not used; BvP is supporting only,7.5,-2.76,0.088672,+1028,PHI@MIA,0.402,+760,0.116279,PASS,2026-05-01,12.0,5,official_mlb_schedule,valid,0.0,81F / 12 mph wind / 0% precip / retractable roof; status unverified,neutral,,,Liam Hicks,unavailable,37,"price, lineup, starter, weather, bullpen",No clear model edge at the available price.,draftkings,MIA,0.0,0.479,0.372
0.211,9 HR / 130 PA,4.66,unavailable/not used; BvP is supporting only,7.5,-5.09,0.087997,+1036,LAD@STL,0.592,+620,0.138889,PASS,2026-05-01,13.0,4,official_mlb_schedule,valid,1.367089,62F / 6 mph wind / 1% precip / open-air; roof not applicable,favorable,0.083,0.403,Jordan Walker,unavailable,38,"price, lineup, starter, weather, bullpen",No clear model edge at the available price.,draftkings,STL,0.0,0.549,0.384
0.045,7 HR / 136 PA,10.0,unavailable/not used; BvP is supporting only,7.5,-8.52,0.084842,+1079,ATL@COL,0.309,+488,0.170068,PASS,2026-05-01,16.4,3,official_mlb_schedule,valid,1.963636,60F / 7 mph wind / 1% precip / open-air; roof not applicable,neutral,0.113,0.339,Ozzie Albies,unavailable,39,"price, lineup, starter, weather, bullpen",No clear model edge at the available price.,rotowire_props_yes_only,ATL,0.0,0.409,0.315
0.122,3 HR / 99 PA,10.0,unavailable/not used; BvP is supporting only,7.5,-7.18,0.084409,+1085,LAD@STL,0.365,+540,0.15625,PASS,2026-05-01,19.6,3,official_mlb_schedule,valid,2.373626,62F / 6 mph wind / 1% precip / open-air; roof not applicable,favorable,0.095,0.429,Will Smith,unavailable,40,"price, lineup, starter, weather, bullpen",No clear model edge at the available price.,rotowire_props_yes_only,LAD,0.0,0.476,0.358
0.122,2 HR / 130 PA,9.49,unavailable/not used; BvP is supporting only,7.5,-9.64,0.083811,+1093,TOR@MIN,0.459,+455,0.18018,PASS,2026-05-01,7.0,3,official_mlb_schedule,valid,1.8,53F / 8 mph wind / 0% precip / open-air; roof not applicable,favorable,0.083,0.407,Vladimir Guerrero Jr.,unavailable,41,"price, lineup, starter, weather, bullpen",No clear model edge at the available price.,rotowire_props_yes_only,TOR,0.0,0.498,0.396
0.139,6 HR / 130 PA,9.74,unavailable/not used; BvP is supporting only,7.5,-12.09,0.083218,+1102,TEX@DET,0.43,+390,0.204082,PASS,2026-05-01,12.7,3,official_mlb_schedule,valid,1.421053,48F / 8 mph wind / 6% precip / open-air; roof not applicable,unfavorable,0.103,0.456,Corey Seager,unavailable,42,"price, lineup, starter, weather, bullpen",No clear model edge at the available price.,rotowire_props_yes_only,TEX,0.0,0.443,0.335
0.129,6 HR / 132 PA,4.33,unavailable/not used; BvP is supporting only,7.5,-11.85,0.082697,+1109,PHI@MIA,0.376,+397,0.201207,PASS,2026-05-01,14.5,2,official_mlb_schedule,valid,1.723404,81F / 12 mph wind / 0% precip / retractable roof; status unverified,favorable,0.149,0.46,Bryce Harper,unavailable,43,"price, lineup, starter, weather, bullpen",No clear model edge at the available price.,rotowire_props_yes_only,PHI,0.0,0.54,0.389
0.058,5 HR / 123 PA,10.0,unavailable/not used; BvP is supporting only,7.5,-5.96,0.0822,+1117,LAD@STL,0.535,+605,0.141844,PASS,2026-05-01,16.3,6,official_mlb_schedule,valid,2.373626,62F / 6 mph wind / 1% precip / open-air; roof not applicable,neutral,0.095,0.429,Andy Pages,unavailable,44,"price, lineup, starter, weather, bullpen",No clear model edge at the available price.,rotowire_props_yes_only,LAD,0.0,0.446,0.346
0.102,4 HR / 140 PA,9.74,unavailable/not used; BvP is supporting only,7.5,-7.45,0.080544,+1142,TEX@DET,0.469,+545,0.155039,PASS,2026-05-01,11.2,1,official_mlb_schedule,valid,1.421053,48F / 8 mph wind / 6% precip / open-air; roof not applicable,neutral,0.103,0.456,Brandon Nimmo,unavailable,45,"price, lineup, starter, weather, bullpen",No clear model edge at the available price.,rotowire_props_yes_only,TEX,0.0,0.481,0.37
,4 HR / 64 PA,5.48,unavailable/not used; BvP is supporting only,7.5,-5.77,0.080192,+1147,BAL@NYY,,+625,0.137931,PASS,2026-05-01,,3,official_mlb_schedule,valid,0.861702,58F / 10 mph wind / 2% precip / open-air; roof not applicable,neutral,0.06,0.429,Adley Rutschman,unavailable,46,"price, lineup, starter, weather, bullpen",No clear model edge at the available price.,rotowire_props_yes_only,BAL,0.0,,
0.123,6 HR / 125 PA,10.0,unavailable/not used; BvP is supporting only,5.0,-0.78,0.079898,+1152,AZ@CHC,0.479,+1040,0.087719,PASS,2026-05-01,13.7,9,official_mlb_schedule,valid,0.556701,44F / 10 mph wind / 5% precip / open-air; roof not applicable,neutral,0.094,0.458,Dansby Swanson,unavailable,47,game already started or completed,Confidence cap prevents a BET label.,draftkings,CHC,0.0,0.442,0.352
0.103,5 HR / 109 PA,10.0,unavailable/not used; BvP is supporting only,7.5,-12.18,0.079787,+1153,MIL@WSH,0.551,+396,0.201613,PASS,2026-05-01,10.1,4,official_mlb_schedule,valid,1.213483,67F / 10 mph wind / 1% precip / open-air; roof not applicable,favorable,0.125,0.512,Jake Bauers,unavailable,48,"price, lineup, starter, weather, bullpen",No clear model edge at the available price.,rotowire_props_yes_only,MIL,0.0,0.469,0.335
0.051,4 HR / 105 PA,4.33,unavailable/not used; BvP is supporting only,7.5,-2.29,0.079646,+1156,PHI@MIA,0.5,+875,0.102564,PASS,2026-05-01,12.1,4,official_mlb_schedule,valid,1.723404,81F / 12 mph wind / 0% precip / retractable roof; status unverified,neutral,0.149,0.46,Brandon Marsh,unavailable,49,"price, lineup, starter, weather, bullpen",No clear model edge at the available price.,rotowire_props_yes_only,PHI,0.0,0.443,0.317
0.08,5 HR / 127 PA,10.0,unavailable/not used; BvP is supporting only,7.5,-5.62,0.078951,+1167,CIN@PIT,0.471,+640,0.135135,PASS,2026-05-01,11.0,4,official_mlb_schedule,valid,1.551724,49F / 11 mph wind / 59% precip / open-air; roof not applicable,favorable,0.085,0.462,Ryan O'Hearn,unavailable,50,"price, lineup, starter, weather, bullpen",No clear model edge at the available price.,draftkings,PIT,0.0,0.497,0.389
0.128,7 HR / 131 PA,5.88,unavailable/not used; BvP is supporting only,6.0,-10.6,0.078861,+1168,HOU@BOS,0.489,+441,0.184843,PASS,2026-05-01,12.9,4,official_mlb_schedule,valid,,59F / 7 mph wind / 0% precip / open-air; roof not applicable,unavailable,,,Christian Walker,unavailable,51,pitch-type matchup missing,Confidence cap prevents a BET label.,rotowire_props_yes_only,HOU,0.0,0.502,0.362
0.157,5 HR / 110 PA,10.0,unavailable/not used; BvP is supporting only,7.5,-2.62,0.078514,+1174,CIN@PIT,0.386,+855,0.104712,PASS,2026-05-01,19.0,6,official_mlb_schedule,valid,0.264706,49F / 11 mph wind / 59% precip / open-air; roof not applicable,neutral,0.03,0.39,Spencer Steer,unavailable,52,"price, lineup, starter, weather, bullpen",No clear model edge at the available price.,rotowire_props_yes_only,CIN,0.0,0.503,0.365
,2 HR / 43 PA,10.0,unavailable/not used; BvP is supporting only,7.5,-8.2,0.078022,+1182,ATL@COL,,+525,0.16,PASS,2026-05-01,,7,official_mlb_schedule,valid,1.963636,60F / 7 mph wind / 1% precip / open-air; roof not applicable,neutral,0.113,0.339,Eli White,unavailable,53,"price, lineup, starter, weather, bullpen",No clear model edge at the available price.,rotowire_props_yes_only,ATL,0.0,,
0.105,2 HR / 91 PA,10.0,unavailable/not used; BvP is supporting only,7.5,-7.35,0.076449,+1208,ATL@COL,0.439,+567,0.149925,PASS,2026-05-01,6.4,1,official_mlb_schedule,valid,1.391753,60F / 7 mph wind / 1% precip / open-air; roof not applicable,favorable,0.073,0.427,Edouard Julien,unavailable,54,"price, lineup, starter, weather, bullpen",No clear model edge at the available price.,draftkings,COL,0.0,0.488,0.379
0.135,7 HR / 138 PA,10.0,unavailable/not used; BvP is supporting only,5.0,-6.26,0.076318,+1210,AZ@CHC,0.378,+620,0.138889,PASS,2026-05-01,11.5,4,official_mlb_schedule,valid,0.556701,44F / 10 mph wind / 5% precip / open-air; roof not applicable,neutral,0.094,0.458,Ian Happ,unavailable,55,game already started or completed,Confidence cap prevents a BET label.,draftkings,CHC,0.0,0.419,0.328
0.093,3 HR / 126 PA,10.0,unavailable/not used; BvP is supporting only,7.5,-3.82,0.075443,+1225,KC@SEA,0.407,+780,0.113636,PASS,2026-05-01,19.6,7,official_mlb_schedule,valid,2.333333,64F / 7 mph wind / 3% precip / retractable roof; status unverified,neutral,0.172,0.406,Cole Young,unavailable,56,"price, lineup, starter, weather, bullpen",No clear model edge at the available price.,draftkings,SEA,0.0,0.46,0.357
0.075,4 HR / 126 PA,10.0,unavailable/not used; BvP is supporting only,7.5,-4.81,0.075353,+1227,KC@SEA,0.376,+710,0.123457,PASS,2026-05-01,16.9,4,official_mlb_schedule,valid,2.333333,64F / 7 mph wind / 3% precip / retractable roof; status unverified,favorable,0.172,0.406,Josh Naylor,unavailable,57,"price, lineup, starter, weather, bullpen",No clear model edge at the available price.,draftkings,SEA,0.0,0.411,0.32
,2 HR / 37 PA,3.4,unavailable/not used; BvP is supporting only,7.5,-9.4,0.072927,+1271,TEX@DET,,+499,0.166945,PASS,2026-05-01,,3,official_mlb_schedule,valid,1.451613,48F / 8 mph wind / 6% precip / open-air; roof not applicable,neutral,0.147,0.467,Jahmai Jones,unavailable,58,"price, lineup, starter, weather, bullpen",No clear model edge at the available price.,draftkings,DET,0.0,,
0.087,2 HR / 67 PA,10.0,unavailable/not used; BvP is supporting only,7.5,-2.37,0.072413,+1281,HOU@BOS,0.457,+940,0.096154,PASS,2026-05-01,15.3,8,official_mlb_schedule,valid,1.989474,59F / 7 mph wind / 0% precip / open-air; roof not applicable,neutral,0.072,0.371,Carlos Narváez,unavailable,59,"price, lineup, starter, weather, bullpen",No clear model edge at the available price.,draftkings,BOS,0.0,0.337,0.249
0.13,2 HR / 145 PA,10.0,unavailable/not used; BvP is supporting only,7.5,-14.06,0.071259,+1303,ATL@COL,0.424,+372,0.211864,PASS,2026-05-01,16.3,1,official_mlb_schedule,valid,1.963636,60F / 7 mph wind / 1% precip / open-air; roof not applicable,neutral,0.113,0.339,Ronald Acuña Jr.,unavailable,60,"price, lineup, starter, weather, bullpen",No clear model edge at the available price.,rotowire_props_yes_only,ATL,0.0,0.479,0.375
0.134,4 HR / 120 PA,3.59,unavailable/not used; BvP is supporting only,5.0,-5.74,0.070755,+1313,AZ@CHC,0.388,+680,0.128205,PASS,2026-05-01,8.7,3,official_mlb_schedule,valid,0.826531,44F / 10 mph wind / 5% precip / open-air; roof not applicable,neutral,0.072,0.47,Corbin Carroll,unavailable,61,game already started or completed,Confidence cap prevents a BET label.,draftkings,AZ,0.0,0.481,0.367
0.109,2 HR / 101 PA,10.0,unavailable/not used; BvP is supporting only,7.5,-2.05,0.070365,+1321,KC@SEA,0.406,+1000,0.090909,PASS,2026-05-01,14.2,1,official_mlb_schedule,valid,2.333333,64F / 7 mph wind / 3% precip / retractable roof; status unverified,favorable,0.172,0.406,J.P. Crawford,unavailable,62,"price, lineup, starter, weather, bullpen",No clear model edge at the available price.,draftkings,SEA,0.0,0.451,0.391
0.118,4 HR / 109 PA,10.0,unavailable/not used; BvP is supporting only,7.5,-9.58,0.070314,+1322,LAD@STL,0.412,+502,0.166113,PASS,2026-05-01,13.9,4,official_mlb_schedule,valid,2.373626,62F / 6 mph wind / 1% precip / open-air; roof not applicable,favorable,0.095,0.429,Teoscar Hernández,unavailable,63,"price, lineup, starter, weather, bullpen",No clear model edge at the available price.,rotowire_props_yes_only,LAD,0.0,0.423,0.32
0.131,2 HR / 136 PA,3.4,unavailable/not used; BvP is supporting only,7.5,-5.17,0.070215,+1324,TEX@DET,0.404,+720,0.121951,PASS,2026-05-01,19.5,2,official_mlb_schedule,valid,1.451613,48F / 8 mph wind / 6% precip / open-air; roof not applicable,favorable,0.147,0.467,Kevin McGonigle,unavailable,64,"price, lineup, starter, weather, bullpen",No clear model edge at the available price.,draftkings,DET,0.0,0.555,0.415
0.12,4 HR / 126 PA,10.0,unavailable/not used; BvP is supporting only,7.5,-10.93,0.069924,+1330,HOU@BOS,0.478,+458,0.179211,PASS,2026-05-01,14.2,4,official_mlb_schedule,valid,1.989474,59F / 7 mph wind / 0% precip / open-air; roof not applicable,neutral,0.072,0.371,Wilyer Abreu,unavailable,65,"price, lineup, starter, weather, bullpen",No clear model edge at the available price.,draftkings,BOS,0.0,0.499,0.375
0.08,3 HR / 133 PA,10.0,unavailable/not used; BvP is supporting only,7.5,-6.09,0.068106,+1368,LAD@STL,0.42,+675,0.129032,PASS,2026-05-01,16.1,5,official_mlb_schedule,valid,2.373626,62F / 6 mph wind / 1% precip / open-air; roof not applicable,neutral,0.095,0.429,Kyle Tucker,unavailable,66,"price, lineup, starter, weather, bullpen",No clear model edge at the available price.,rotowire_props_yes_only,LAD,0.0,0.379,0.316
0.069,2 HR / 134 PA,10.0,unavailable/not used; BvP is supporting only,7.5,-9.82,0.067925,+1372,KC@SEA,0.391,+502,0.166113,PASS,2026-05-01,7.1,5,official_mlb_schedule,valid,2.333333,64F / 7 mph wind / 3% precip / retractable roof; status unverified,favorable,0.172,0.406,Randy Arozarena,unavailable,67,"price, lineup, starter, weather, bullpen",No clear model edge at the available price.,draftkings,SEA,0.0,0.392,0.34
0.117,2 HR / 91 PA,10.0,unavailable/not used; BvP is supporting only,5.0,-1.48,0.067169,+1389,AZ@CHC,0.5,+1120,0.081967,PASS,2026-05-01,13.9,7,official_mlb_schedule,valid,0.556701,44F / 10 mph wind / 5% precip / open-air; roof not applicable,neutral,0.094,0.458,Carson Kelly,unavailable,68,game already started or completed,Confidence cap prevents a BET label.,draftkings,CHC,0.0,0.454,0.369
0.096,7 HR / 143 PA,4.66,unavailable/not used; BvP is supporting only,7.5,-6.39,0.062696,+1495,LAD@STL,0.447,+690,0.126582,PASS,2026-05-01,18.4,1,official_mlb_schedule,valid,1.367089,62F / 6 mph wind / 1% precip / open-air; roof not applicable,favorable,0.083,0.403,JJ Wetherholt,unavailable,69,"price, lineup, starter, weather, bullpen",No clear model edge at the available price.,draftkings,STL,0.0,0.454,0.364
0.097,3 HR / 127 PA,10.0,unavailable/not used; BvP is supporting only,7.5,-5.1,0.061385,+1529,PHI@MIA,0.495,+790,0.11236,PASS,2026-05-01,6.1,3,official_mlb_schedule,valid,0.0,81F / 12 mph wind / 0% precip / retractable roof; status unverified,neutral,,,Otto Lopez,unavailable,70,"price, lineup, starter, weather, bullpen",No clear model edge at the available price.,draftkings,MIA,0.0,0.456,0.341
0.096,4 HR / 71 PA,10.0,unavailable/not used; BvP is supporting only,5.8,,0.061118,+1536,MIL@WSH,0.442,,,WATCHLIST,,11.3,3,official_mlb_schedule,missing,1.102041,67F / 10 mph wind / 1% precip / open-air; roof not applicable,neutral,0.044,0.368,Curtis Mead,unavailable,71,prop price missing,Missing current/timestamped prop price; cannot be a bet.,,WSH,0.0,0.451,0.349
0.103,5 HR / 92 PA,5.48,unavailable/not used; BvP is supporting only,7.5,-10.17,0.060881,+1543,BAL@NYY,0.466,+515,0.162602,PASS,2026-05-01,17.6,5,official_mlb_schedule,valid,0.861702,58F / 10 mph wind / 2% precip / open-air; roof not applicable,favorable,0.06,0.429,Samuel Basallo,unavailable,72,"price, lineup, starter, weather, bullpen",No clear model edge at the available price.,rotowire_props_yes_only,BAL,0.0,0.46,0.339
0.118,4 HR / 135 PA,4.66,unavailable/not used; BvP is supporting only,7.5,-8.05,0.060327,+1558,LAD@STL,0.471,+610,0.140845,PASS,2026-05-01,7.8,3,official_mlb_schedule,valid,1.367089,62F / 6 mph wind / 1% precip / open-air; roof not applicable,favorable,0.083,0.403,Alec Burleson,unavailable,73,"price, lineup, starter, weather, bullpen",No clear model edge at the available price.,draftkings,STL,0.0,0.558,0.386
0.138,5 HR / 92 PA,4.66,unavailable/not used; BvP is supporting only,7.5,-3.78,0.05928,+1587,LAD@STL,0.385,+930,0.097087,PASS,2026-05-01,11.9,7,official_mlb_schedule,valid,1.367089,62F / 6 mph wind / 1% precip / open-air; roof not applicable,neutral,0.083,0.403,Nathan Church,unavailable,74,"price, lineup, starter, weather, bullpen",No clear model edge at the available price.,draftkings,STL,0.0,0.455,0.313
0.063,2 HR / 140 PA,10.0,unavailable/not used; BvP is supporting only,7.5,-9.4,0.058159,+1619,KC@SEA,0.4,+557,0.152207,PASS,2026-05-01,8.7,3,official_mlb_schedule,valid,2.333333,64F / 7 mph wind / 3% precip / retractable roof; status unverified,neutral,0.172,0.406,Julio Rodríguez,unavailable,75,"price, lineup, starter, weather, bullpen",No clear model edge at the available price.,draftkings,SEA,0.0,0.391,0.318
0.039,2 HR / 85 PA,9.74,unavailable/not used; BvP is supporting only,7.5,-10.89,0.057801,+1630,TEX@DET,0.529,+500,0.166667,PASS,2026-05-01,19.4,5,official_mlb_schedule,valid,1.421053,48F / 8 mph wind / 6% precip / open-air; roof not applicable,neutral,0.103,0.456,Joc Pederson,unavailable,76,"price, lineup, starter, weather, bullpen",No clear model edge at the available price.,rotowire_props_yes_only,TEX,0.0,0.351,0.317
,4 HR / 63 PA,10.0,unavailable/not used; BvP is supporting only,7.5,-11.88,0.057223,+1648,BAL@NYY,,+468,0.176056,PASS,2026-05-01,,5,official_mlb_schedule,valid,0.72973,58F / 10 mph wind / 2% precip / open-air; roof not applicable,unfavorable,0.079,0.395,Amed Rosario,unavailable,77,"price, lineup, starter, weather, bullpen",No clear model edge at the available price.,draftkings,NYY,0.0,,
0.126,8 HR / 131 PA,10.0,unavailable/not used; BvP is supporting only,5.8,,0.057135,+1650,MIL@WSH,0.46,,,WATCHLIST,,15.5,4,official_mlb_schedule,missing,1.102041,67F / 10 mph wind / 1% precip / open-air; roof not applicable,favorable,0.044,0.368,CJ Abrams,unavailable,78,prop price missing,Missing current/timestamped prop price; cannot be a bet.,,WSH,0.0,0.524,0.399
0.088,3 HR / 125 PA,4.33,unavailable/not used; BvP is supporting only,7.5,-11.68,0.05711,+1651,PHI@MIA,0.5,+475,0.173913,PASS,2026-05-01,14.3,3,official_mlb_schedule,valid,1.723404,81F / 12 mph wind / 0% precip / retractable roof; status unverified,neutral,0.149,0.46,Adolis García,unavailable,79,"price, lineup, starter, weather, bullpen",No clear model edge at the available price.,rotowire_props_yes_only,PHI,0.0,0.396,0.325
0.061,4 HR / 133 PA,10.0,unavailable/not used; BvP is supporting only,7.5,-11.33,0.056751,+1662,SF@TB,0.449,+488,0.170068,PASS,2026-05-01,4.6,4,official_mlb_schedule,valid,1.35,79F / 8 mph wind / 0% precip / fixed dome,favorable,0.128,0.349,Yandy Díaz,unavailable,80,"price, lineup, starter, weather, bullpen",No clear model edge at the available price.,draftkings,TB,0.0,0.46,0.381
0.133,3 HR / 76 PA,10.0,unavailable/not used; BvP is supporting only,7.5,-8.43,0.056548,+1668,TOR@MIN,0.444,+610,0.140845,PASS,2026-05-01,15.6,7,official_mlb_schedule,valid,0.931034,53F / 8 mph wind / 0% precip / open-air; roof not applicable,neutral,0.091,0.418,Royce Lewis,unavailable,81,"price, lineup, starter, weather, bullpen",No clear model edge at the available price.,draftkings,MIN,0.0,0.372,0.315
,1 HR / 65 PA,9.74,unavailable/not used; BvP is supporting only,7.5,-4.25,0.056464,+1671,TEX@DET,,+910,0.09901,PASS,2026-05-01,,8,official_mlb_schedule,valid,1.421053,48F / 8 mph wind / 6% precip / open-air; roof not applicable,unfavorable,0.103,0.456,Ezequiel Duran,unavailable,82,"price, lineup, starter, weather, bullpen",No clear model edge at the available price.,rotowire_props_yes_only,TEX,0.0,,
0.076,3 HR / 131 PA,10.0,unavailable/not used; BvP is supporting only,5.0,-4.58,0.056239,+1678,AZ@CHC,0.468,+880,0.102041,PASS,2026-05-01,20.1,8,official_mlb_schedule,valid,0.556701,44F / 10 mph wind / 5% precip / open-air; roof not applicable,neutral,0.094,0.458,Pete Crow-Armstrong,unavailable,83,game already started or completed,Confidence cap prevents a BET label.,draftkings,CHC,0.0,0.364,0.287
,0 HR / 25 PA,10.0,unavailable/not used; BvP is supporting only,7.5,-1.58,0.05618,+1680,LAD@STL,,+1290,0.071942,PASS,2026-05-01,,9,official_mlb_schedule,valid,2.373626,62F / 6 mph wind / 1% precip / open-air; roof not applicable,favorable,0.095,0.429,Santiago Espinal,unavailable,84,"price, lineup, starter, weather, bullpen",No clear model edge at the available price.,rotowire_props_yes_only,LAD,0.0,,
0.089,2 HR / 68 PA,9.49,unavailable/not used; BvP is supporting only,7.5,-12.37,0.055799,+1692,TOR@MIN,0.422,+457,0.179533,PASS,2026-05-01,21.7,1,official_mlb_schedule,valid,1.8,53F / 8 mph wind / 0% precip / open-air; roof not applicable,neutral,0.083,0.407,George Springer,unavailable,85,"price, lineup, starter, weather, bullpen",No clear model edge at the available price.,rotowire_props_yes_only,TOR,0.0,0.372,0.303
0.08,3 HR / 135 PA,10.0,unavailable/not used; BvP is supporting only,7.5,-15.78,0.054105,+1748,ATL@COL,0.432,+372,0.211864,PASS,2026-05-01,18.4,6,official_mlb_schedule,valid,1.963636,60F / 7 mph wind / 1% precip / open-air; roof not applicable,neutral,0.113,0.339,Austin Riley,unavailable,86,"price, lineup, starter, weather, bullpen",No clear model edge at the available price.,rotowire_props_yes_only,ATL,0.0,0.353,0.288
0.143,2 HR / 86 PA,10.0,unavailable/not used; BvP is supporting only,7.5,-4.97,0.051471,+1843,CIN@PIT,0.571,+888,0.101215,PASS,2026-05-01,25.0,8,official_mlb_schedule,valid,0.264706,49F / 11 mph wind / 59% precip / open-air; roof not applicable,neutral,0.03,0.39,Tyler Stephenson,unavailable,87,"price, lineup, starter, weather, bullpen",No clear model edge at the available price.,rotowire_props_yes_only,CIN,0.0,0.435,0.34
0.082,3 HR / 124 PA,10.0,unavailable/not used; BvP is supporting only,7.5,-11.26,0.050799,+1869,MIL@WSH,0.433,+512,0.163399,PASS,2026-05-01,13.1,3,official_mlb_schedule,valid,1.213483,67F / 10 mph wind / 1% precip / open-air; roof not applicable,favorable,0.125,0.512,William Contreras,unavailable,88,"price, lineup, starter, weather, bullpen",No clear model edge at the available price.,rotowire_props_yes_only,MIL,0.0,0.446,0.348
,1 HR / 27 PA,3.4,unavailable/not used; BvP is supporting only,7.5,-6.17,0.050705,+1872,TEX@DET,,+790,0.11236,PASS,2026-05-01,,9,official_mlb_schedule,valid,1.451613,48F / 8 mph wind / 6% precip / open-air; roof not applicable,favorable,0.147,0.467,Hao-Yu  Lee,unavailable,89,"price, lineup, starter, weather, bullpen",No clear model edge at the available price.,draftkings,DET,0.0,,
0.075,2 HR / 92 PA,3.59,unavailable/not used; BvP is supporting only,5.0,-1.97,0.050685,+1873,AZ@CHC,0.418,+1320,0.070423,PASS,2026-05-01,12.6,8,official_mlb_schedule,valid,0.826531,44F / 10 mph wind / 5% precip / open-air; roof not applicable,neutral,0.072,0.47,Alek Thomas,unavailable,90,game already started or completed,Confidence cap prevents a BET label.,draftkings,AZ,0.0,0.401,0.29
0.084,3 HR / 127 PA,10.0,unavailable/not used; BvP is supporting only,7.5,-7.44,0.049043,+1939,ATL@COL,0.389,+710,0.123457,PASS,2026-05-01,12.3,4,official_mlb_schedule,valid,1.391753,60F / 7 mph wind / 1% precip / open-air; roof not applicable,favorable,0.073,0.427,TJ Rumfield,unavailable,91,"price, lineup, starter, weather, bullpen",No clear model edge at the available price.,draftkings,COL,0.0,0.443,0.341
,0 HR / 15 PA,10.0,unavailable/not used; BvP is supporting only,5.8,,0.049039,+1939,KC@SEA,,,,WATCHLIST,,,8,official_mlb_schedule,missing,2.333333,64F / 7 mph wind / 3% precip / retractable roof; status unverified,unfavorable,0.172,0.406,Connor Joe,unavailable,92,prop price missing,Missing current/timestamped prop price; cannot be a bet.,,SEA,0.0,,
,0 HR / 36 PA,10.0,unavailable/not used; BvP is supporting only,7.5,-11.1,0.049008,+1940,ATL@COL,,+525,0.16,PASS,2026-05-01,,8,official_mlb_schedule,valid,1.963636,60F / 7 mph wind / 1% precip / open-air; roof not applicable,neutral,0.113,0.339,Jonah Heim,unavailable,93,"price, lineup, starter, weather, bullpen",No clear model edge at the available price.,rotowire_props_yes_only,ATL,0.0,,
,0 HR /  PA,6.46,unavailable/not used; BvP is supporting only,6.0,-2.8,0.048944,+1943,CWS@SD,,+1200,0.076923,PASS,2026-05-01,,9,Expected Lineup,valid,2.189189,64F / 5 mph wind / 0% precip / open-air; roof not applicable,unavailable,0.1,0.475,Edgar Quero,unavailable,94,official lineup missing; pitch-type matchup missing,Confidence cap prevents a BET label.,rotowire_props_yes_only,CWS,0.0,,
,0 HR /  PA,6.46,unavailable/not used; BvP is supporting only,6.0,-3.11,0.048944,+1943,CWS@SD,,+1150,0.08,PASS,2026-05-01,,7,Expected Lineup,valid,2.189189,64F / 5 mph wind / 0% precip / open-air; roof not applicable,unavailable,0.1,0.475,Chase Meidroth,unavailable,95,official lineup missing; pitch-type matchup missing,Confidence cap prevents a BET label.,rotowire_props_yes_only,CWS,0.0,,
,0 HR /  PA,6.46,unavailable/not used; BvP is supporting only,6.0,-3.11,0.048944,+1943,CWS@SD,,+1150,0.08,PASS,2026-05-01,,8,Expected Lineup,valid,2.189189,64F / 5 mph wind / 0% precip / open-air; roof not applicable,unavailable,0.1,0.475,Tristan Peters,unavailable,96,official lineup missing; pitch-type matchup missing,Confidence cap prevents a BET label.,rotowire_props_yes_only,CWS,0.0,,
,0 HR /  PA,6.46,unavailable/not used; BvP is supporting only,6.0,-3.27,0.048944,+1943,CWS@SD,,+1125,0.081633,PASS,2026-05-01,,6,Expected Lineup,valid,2.189189,64F / 5 mph wind / 0% precip / open-air; roof not applicable,unavailable,0.1,0.475,Sam Antonacci,unavailable,97,official lineup missing; pitch-type matchup missing,Confidence cap prevents a BET label.,rotowire_props_yes_only,CWS,0.0,,
,0 HR /  PA,6.46,unavailable/not used; BvP is supporting only,6.0,-9.09,0.048944,+1943,CWS@SD,,+615,0.13986,PASS,2026-05-01,,5,Expected Lineup,valid,2.189189,64F / 5 mph wind / 0% precip / open-air; roof not applicable,unavailable,0.1,0.475,Austin Hays,unavailable,98,official lineup missing; pitch-type matchup missing,Confidence cap prevents a BET label.,rotowire_props_yes_only,CWS,0.0,,
,0 HR /  PA,6.46,unavailable/not used; BvP is supporting only,6.0,-11.45,0.048944,+1943,CWS@SD,,+512,0.163399,PASS,2026-05-01,,1,Expected Lineup,valid,2.189189,64F / 5 mph wind / 0% precip / open-air; roof not applicable,unavailable,0.1,0.475,Andrew Benintendi,unavailable,99,official lineup missing; pitch-type matchup missing,Confidence cap prevents a BET label.,rotowire_props_yes_only,CWS,0.0,,
,0 HR /  PA,6.46,unavailable/not used; BvP is supporting only,6.0,-11.77,0.048944,+1943,CWS@SD,,+500,0.166667,PASS,2026-05-01,,3,Expected Lineup,valid,2.189189,64F / 5 mph wind / 0% precip / open-air; roof not applicable,unavailable,0.1,0.475,Miguel Vargas,unavailable,100,official lineup missing; pitch-type matchup missing,Confidence cap prevents a BET label.,rotowire_props_yes_only,CWS,0.0,,
,0 HR /  PA,6.46,unavailable/not used; BvP is supporting only,6.0,-15.77,0.048944,+1943,CWS@SD,,+384,0.206612,PASS,2026-05-01,,4,Expected Lineup,valid,2.189189,64F / 5 mph wind / 0% precip / open-air; roof not applicable,unavailable,0.1,0.475,Colson Montgomery,unavailable,101,official lineup missing; pitch-type matchup missing,Confidence cap prevents a BET label.,rotowire_props_yes_only,CWS,0.0,,
,0 HR /  PA,6.46,unavailable/not used; BvP is supporting only,6.0,-22.88,0.048944,+1943,CWS@SD,,+260,0.277778,PASS,2026-05-01,,2,Expected Lineup,valid,2.189189,64F / 5 mph wind / 0% precip / open-air; roof not applicable,unavailable,0.1,0.475,Munetaka Murakami,unavailable,102,official lineup missing; pitch-type matchup missing,Confidence cap prevents a BET label.,rotowire_props_yes_only,CWS,0.0,,
0.077,3 HR / 147 PA,10.0,unavailable/not used; BvP is supporting only,5.0,-5.98,0.048926,+1944,AZ@CHC,0.452,+820,0.108696,PASS,2026-05-01,15.5,3,official_mlb_schedule,valid,0.556701,44F / 10 mph wind / 5% precip / open-air; roof not applicable,neutral,0.094,0.458,Alex Bregman,unavailable,103,game already started or completed,Confidence cap prevents a BET label.,draftkings,CHC,0.0,0.413,0.334
,0 HR /  PA,10.0,unavailable/not used; BvP is supporting only,6.0,-3.08,0.04858,+1958,NYM@LAA,,+1160,0.079365,PASS,2026-05-01,,9,Expected Lineup,valid,0.0,68F / 7 mph wind / 0% precip / open-air; roof not applicable,unavailable,,,Adam Frazier,unavailable,104,official lineup missing; pitch-type matchup missing,Confidence cap prevents a BET label.,draftkings,LAA,0.0,,
,0 HR /  PA,10.0,unavailable/not used; BvP is supporting only,6.0,-5.67,0.04858,+1958,NYM@LAA,,+850,0.105263,PASS,2026-05-01,,5,Expected Lineup,valid,0.0,68F / 7 mph wind / 0% precip / open-air; roof not applicable,unavailable,,,Nolan Schanuel,unavailable,105,official lineup missing; pitch-type matchup missing,Confidence cap prevents a BET label.,draftkings,LAA,0.0,,
,0 HR /  PA,10.0,unavailable/not used; BvP is supporting only,6.0,-6.91,0.04858,+1958,NYM@LAA,,+750,0.117647,PASS,2026-05-01,,8,Expected Lineup,valid,0.0,68F / 7 mph wind / 0% precip / open-air; roof not applicable,unavailable,,,Travis d'Arnaud,unavailable,106,official lineup missing; pitch-type matchup missing,Confidence cap prevents a BET label.,draftkings,LAA,0.0,,
,0 HR /  PA,10.0,unavailable/not used; BvP is supporting only,6.0,-9.78,0.04858,+1958,NYM@LAA,,+583,0.146413,PASS,2026-05-01,,7,Expected Lineup,valid,0.0,68F / 7 mph wind / 0% precip / open-air; roof not applicable,unavailable,,,Josh Lowe,unavailable,107,official lineup missing; pitch-type matchup missing,Confidence cap prevents a BET label.,draftkings,LAA,0.0,,
,0 HR /  PA,10.0,unavailable/not used; BvP is supporting only,6.0,-11.75,0.04858,+1958,NYM@LAA,,+502,0.166113,PASS,2026-05-01,,3,Expected Lineup,valid,0.0,68F / 7 mph wind / 0% precip / open-air; roof not applicable,unavailable,,,Yoan Moncada,unavailable,108,official lineup missing; pitch-type matchup missing,Confidence cap prevents a BET label.,draftkings,LAA,0.0,,
,0 HR /  PA,10.0,unavailable/not used; BvP is supporting only,6.0,-12.75,0.04858,+1958,NYM@LAA,,+468,0.176056,PASS,2026-05-01,,6,Expected Lineup,valid,0.0,68F / 7 mph wind / 0% precip / open-air; roof not applicable,unavailable,,,Jo Adell,unavailable,109,official lineup missing; pitch-type matchup missing,Confidence cap prevents a BET label.,draftkings,LAA,0.0,,
,0 HR /  PA,10.0,unavailable/not used; BvP is supporting only,6.0,-12.9,0.04858,+1958,NYM@LAA,,+463,0.17762,PASS,2026-05-01,,1,Expected Lineup,valid,0.0,68F / 7 mph wind / 0% precip / open-air; roof not applicable,unavailable,,,Zach Neto,unavailable,110,official lineup missing; pitch-type matchup missing,Confidence cap prevents a BET label.,draftkings,LAA,0.0,,
,0 HR /  PA,10.0,unavailable/not used; BvP is supporting only,6.0,-13.1,0.04858,+1958,NYM@LAA,,+457,0.179533,PASS,2026-05-01,,4,Expected Lineup,valid,0.0,68F / 7 mph wind / 0% precip / open-air; roof not applicable,unavailable,,,Jorge Soler,unavailable,111,official lineup missing; pitch-type matchup missing,Confidence cap prevents a BET label.,draftkings,LAA,0.0,,
,0 HR /  PA,10.0,unavailable/not used; BvP is supporting only,6.0,-20.33,0.04858,+1958,NYM@LAA,,+297,0.251889,PASS,2026-05-01,,2,Expected Lineup,valid,0.0,68F / 7 mph wind / 0% precip / open-air; roof not applicable,unavailable,,,Mike Trout,unavailable,112,official lineup missing; pitch-type matchup missing,Confidence cap prevents a BET label.,draftkings,LAA,0.0,,
0.088,3 HR / 110 PA,9.74,unavailable/not used; BvP is supporting only,7.5,-6.58,0.048499,+1962,TEX@DET,0.382,+775,0.114286,PASS,2026-05-01,23.0,2,official_mlb_schedule,valid,1.421053,48F / 8 mph wind / 6% precip / open-air; roof not applicable,neutral,0.103,0.456,Evan Carter,unavailable,113,"price, lineup, starter, weather, bullpen",No clear model edge at the available price.,rotowire_props_yes_only,TEX,0.0,0.364,0.316
0.051,5 HR / 108 PA,10.0,unavailable/not used; BvP is supporting only,7.5,-5.47,0.048438,+1964,TOR@MIN,0.342,+870,0.103093,PASS,2026-05-01,16.5,8,official_mlb_schedule,valid,0.931034,53F / 8 mph wind / 0% precip / open-air; roof not applicable,unfavorable,0.091,0.418,Brooks Lee,unavailable,114,"price, lineup, starter, weather, bullpen",No clear model edge at the available price.,draftkings,MIN,0.0,0.333,0.274
0.076,5 HR / 109 PA,3.59,unavailable/not used; BvP is supporting only,5.0,-2.64,0.047146,+2021,AZ@CHC,0.253,+1260,0.073529,PASS,2026-05-01,21.3,7,official_mlb_schedule,valid,0.826531,44F / 10 mph wind / 5% precip / open-air; roof not applicable,neutral,0.072,0.47,Nolan Arenado,unavailable,115,game already started or completed,Confidence cap prevents a BET label.,draftkings,AZ,0.0,0.402,0.307
0.091,4 HR / 143 PA,4.66,unavailable/not used; BvP is supporting only,7.5,-8.14,0.046829,+2035,LAD@STL,0.466,+680,0.128205,PASS,2026-05-01,10.5,2,official_mlb_schedule,valid,1.367089,62F / 6 mph wind / 1% precip / open-air; roof not applicable,favorable,0.083,0.403,Iván Herrera,unavailable,116,"price, lineup, starter, weather, bullpen",No clear model edge at the available price.,draftkings,STL,0.0,0.453,0.392
0.14,1 HR / 99 PA,10.0,unavailable/not used; BvP is supporting only,7.5,-11.34,0.046647,+2044,MIL@WSH,0.488,+525,0.16,PASS,2026-05-01,6.4,1,official_mlb_schedule,valid,1.213483,67F / 10 mph wind / 1% precip / open-air; roof not applicable,favorable,0.125,0.512,Garrett Mitchell,unavailable,117,"price, lineup, starter, weather, bullpen",No clear model edge at the available price.,rotowire_props_yes_only,MIL,0.0,0.379,0.341
,0 HR / 35 PA,10.0,unavailable/not used; BvP is supporting only,7.5,-4.43,0.046624,+2045,SF@TB,,+1000,0.090909,PASS,2026-05-01,,3,official_mlb_schedule,valid,1.35,79F / 8 mph wind / 0% precip / fixed dome,unfavorable,0.128,0.349,Ryan Vilade,unavailable,118,"price, lineup, starter, weather, bullpen",No clear model edge at the available price.,draftkings,TB,0.0,,
0.091,2 HR / 67 PA,10.0,unavailable/not used; BvP is supporting only,5.8,,0.046434,+2054,SF@TB,0.25,,,WATCHLIST,,22.8,7,official_mlb_schedule,missing,1.35,79F / 8 mph wind / 0% precip / fixed dome,unfavorable,0.128,0.349,Jake Fraley,unavailable,119,prop price missing,Missing current/timestamped prop price; cannot be a bet.,,TB,0.0,0.387,0.303
0.095,5 HR / 129 PA,9.74,unavailable/not used; BvP is supporting only,7.5,-10.69,0.045992,+2074,TEX@DET,0.476,+554,0.152905,PASS,2026-05-01,9.6,6,official_mlb_schedule,valid,1.421053,48F / 8 mph wind / 6% precip / open-air; roof not applicable,unfavorable,0.103,0.456,Jake Burger,unavailable,120,"price, lineup, starter, weather, bullpen",No clear model edge at the available price.,rotowire_props_yes_only,TEX,0.0,0.376,0.269
0.114,9 HR / 145 PA,5.48,unavailable/not used; BvP is supporting only,7.5,-14.96,0.045718,+2087,BAL@NYY,0.466,+412,0.195312,PASS,2026-05-01,17.8,1,official_mlb_schedule,valid,0.861702,58F / 10 mph wind / 2% precip / open-air; roof not applicable,neutral,0.06,0.429,Gunnar Henderson,unavailable,121,"price, lineup, starter, weather, bullpen",No clear model edge at the available price.,rotowire_props_yes_only,BAL,0.0,0.411,0.312
0.137,4 HR / 114 PA,10.0,unavailable/not used; BvP is supporting only,5.8,,0.04457,+2144,BAL@NYY,0.521,,,WATCHLIST,,16.0,9,official_mlb_schedule,missing,0.72973,58F / 10 mph wind / 2% precip / open-air; roof not applicable,unfavorable,0.079,0.395,Trent Grisham,unavailable,122,prop price missing,Missing current/timestamped prop price; cannot be a bet.,,NYY,0.0,0.44,0.357
,1 HR / 32 PA,10.0,unavailable/not used; BvP is supporting only,7.5,-10.23,0.044299,+2157,ATL@COL,,+582,0.146628,PASS,2026-05-01,,9,official_mlb_schedule,valid,1.963636,60F / 7 mph wind / 1% precip / open-air; roof not applicable,favorable,0.113,0.339,Jorge Mateo,unavailable,123,"price, lineup, starter, weather, bullpen",No clear model edge at the available price.,rotowire_props_yes_only,ATL,0.0,,
0.091,3 HR / 142 PA,10.0,unavailable/not used; BvP is supporting only,7.5,-10.36,0.043886,+2179,CIN@PIT,0.442,+578,0.147493,PASS,2026-05-01,7.5,3,official_mlb_schedule,valid,1.551724,49F / 11 mph wind / 59% precip / open-air; roof not applicable,neutral,0.085,0.462,Bryan Reynolds,unavailable,124,"price, lineup, starter, weather, bullpen",No clear model edge at the available price.,draftkings,PIT,0.0,0.388,0.341
,0 HR / 13 PA,9.74,unavailable/not used; BvP is supporting only,7.5,-3.62,0.043786,+2184,TEX@DET,,+1150,0.08,PASS,2026-05-01,,7,official_mlb_schedule,valid,1.421053,48F / 8 mph wind / 6% precip / open-air; roof not applicable,favorable,0.103,0.456,Alejandro Osuna,unavailable,125,"price, lineup, starter, weather, bullpen",No clear model edge at the available price.,rotowire_props_yes_only,TEX,0.0,,
0.063,3 HR / 90 PA,3.59,unavailable/not used; BvP is supporting only,5.0,-2.45,0.04303,+2224,AZ@CHC,0.453,+1380,0.067568,PASS,2026-05-01,14.0,6,official_mlb_schedule,valid,0.826531,44F / 10 mph wind / 5% precip / open-air; roof not applicable,neutral,0.072,0.47,Jose Fernandez,unavailable,126,game already started or completed,Confidence cap prevents a BET label.,draftkings,AZ,0.0,0.411,0.306
,0 HR / 19 PA,10.0,unavailable/not used; BvP is supporting only,7.5,-4.97,0.042432,+2257,MIL@WSH,,+985,0.092166,PASS,2026-05-01,,6,official_mlb_schedule,valid,1.213483,67F / 10 mph wind / 1% precip / open-air; roof not applicable,unfavorable,0.125,0.512,Tyler Black,unavailable,127,"price, lineup, starter, weather, bullpen",No clear model edge at the available price.,rotowire_props_yes_only,MIL,0.0,,
,1 HR / 65 PA,10.0,unavailable/not used; BvP is supporting only,5.8,,0.041297,+2322,ATL@COL,,,,WATCHLIST,,,5,official_mlb_schedule,missing,1.391753,60F / 7 mph wind / 1% precip / open-air; roof not applicable,neutral,0.073,0.427,Tyler Freeman,unavailable,128,prop price missing,Missing current/timestamped prop price; cannot be a bet.,,COL,0.0,,
0.121,1 HR / 83 PA,10.0,unavailable/not used; BvP is supporting only,7.5,-2.49,0.040905,+2345,CIN@PIT,0.394,+1420,0.065789,PASS,2026-05-01,18.9,9,official_mlb_schedule,valid,0.264706,49F / 11 mph wind / 59% precip / open-air; roof not applicable,neutral,0.03,0.39,Ke'Bryan Hayes,unavailable,129,"price, lineup, starter, weather, bullpen",No clear model edge at the available price.,rotowire_props_yes_only,CIN,0.0,0.438,0.321
0.061,2 HR / 63 PA,10.0,unavailable/not used; BvP is supporting only,7.5,-6.56,0.040788,+2352,SF@TB,0.327,+840,0.106383,PASS,2026-05-01,14.4,6,official_mlb_schedule,valid,1.35,79F / 8 mph wind / 0% precip / fixed dome,unfavorable,0.128,0.349,Jonny DeLuca,unavailable,130,"price, lineup, starter, weather, bullpen",No clear model edge at the available price.,draftkings,TB,0.0,0.41,0.31
,0 HR / 66 PA,10.0,unavailable/not used; BvP is supporting only,7.5,-4.13,0.040716,+2356,ATL@COL,,+1120,0.081967,PASS,2026-05-01,,9,official_mlb_schedule,valid,1.391753,60F / 7 mph wind / 1% precip / open-air; roof not applicable,unfavorable,0.073,0.427,Jake McCarthy,unavailable,131,"price, lineup, starter, weather, bullpen",No clear model edge at the available price.,draftkings,COL,0.0,,
0.064,4 HR / 109 PA,9.49,unavailable/not used; BvP is supporting only,7.5,-13.79,0.040708,+2357,TOR@MIN,0.333,+460,0.178571,PASS,2026-05-01,16.2,5,official_mlb_schedule,valid,1.8,53F / 8 mph wind / 0% precip / open-air; roof not applicable,favorable,0.083,0.407,Daulton Varsho,unavailable,132,"price, lineup, starter, weather, bullpen",No clear model edge at the available price.,rotowire_props_yes_only,TOR,0.0,0.382,0.315
0.101,3 HR / 127 PA,10.0,unavailable/not used; BvP is supporting only,7.5,-8.75,0.040689,+2358,TOR@MIN,0.427,+680,0.128205,PASS,2026-05-01,17.0,4,official_mlb_schedule,valid,0.931034,53F / 8 mph wind / 0% precip / open-air; roof not applicable,neutral,0.091,0.418,Josh Bell,unavailable,133,"price, lineup, starter, weather, bullpen",No clear model edge at the available price.,draftkings,MIN,0.0,0.427,0.332
,0 HR / 41 PA,10.0,unavailable/not used; BvP is supporting only,7.5,-12.17,0.038587,+2492,KC@SEA,,+524,0.160256,PASS,2026-05-01,,6,official_mlb_schedule,valid,2.333333,64F / 7 mph wind / 3% precip / retractable roof; status unverified,neutral,0.172,0.406,Mitch Garver,unavailable,134,"price, lineup, starter, weather, bullpen",No clear model edge at the available price.,draftkings,SEA,0.0,,
0.067,2 HR / 117 PA,10.0,unavailable/not used; BvP is supporting only,7.5,-9.48,0.038558,+2493,ATL@COL,0.315,+650,0.133333,PASS,2026-05-01,17.1,5,official_mlb_schedule,valid,1.963636,60F / 7 mph wind / 1% precip / open-air; roof not applicable,neutral,0.113,0.339,Mauricio Dubón,unavailable,135,"price, lineup, starter, weather, bullpen",No clear model edge at the available price.,rotowire_props_yes_only,ATL,0.0,0.385,0.303
0.027,2 HR / 106 PA,10.0,unavailable/not used; BvP is supporting only,7.5,-8.98,0.03845,+2501,ATL@COL,0.413,+680,0.128205,PASS,2026-05-01,10.8,6,official_mlb_schedule,valid,1.391753,60F / 7 mph wind / 1% precip / open-air; roof not applicable,neutral,0.073,0.427,Troy Johnston,unavailable,136,"price, lineup, starter, weather, bullpen",No clear model edge at the available price.,draftkings,COL,0.0,0.398,0.321
,2 HR / 50 PA,3.4,unavailable/not used; BvP is supporting only,7.5,-7.68,0.038098,+2525,TEX@DET,,+770,0.114943,PASS,2026-05-01,,8,official_mlb_schedule,valid,1.451613,48F / 8 mph wind / 6% precip / open-air; roof not applicable,neutral,0.147,0.467,Wenceel Pérez,unavailable,137,"price, lineup, starter, weather, bullpen",No clear model edge at the available price.,draftkings,DET,0.0,,
,0 HR /  PA,5.45,unavailable/not used; BvP is supporting only,6.0,-3.91,0.03786,+2541,KC@SEA,,+1200,0.076923,PASS,2026-05-01,,9,Expected Lineup,valid,1.028571,64F / 7 mph wind / 3% precip / retractable roof; status unverified,unavailable,0.085,0.481,Kyle Isbel,unavailable,138,official lineup missing; pitch-type matchup missing,Confidence cap prevents a BET label.,rotowire_props_yes_only,KC,0.0,,
,0 HR /  PA,5.45,unavailable/not used; BvP is supporting only,6.0,-5.14,0.03786,+2541,KC@SEA,,+1020,0.089286,PASS,2026-05-01,,8,Expected Lineup,valid,1.028571,64F / 7 mph wind / 3% precip / retractable roof; status unverified,unavailable,0.085,0.481,Isaac Collins,unavailable,139,official lineup missing; pitch-type matchup missing,Confidence cap prevents a BET label.,rotowire_props_yes_only,KC,0.0,,
,0 HR /  PA,5.45,unavailable/not used; BvP is supporting only,6.0,-7.58,0.03786,+2541,KC@SEA,,+780,0.113636,PASS,2026-05-01,,1,Expected Lineup,valid,1.028571,64F / 7 mph wind / 3% precip / retractable roof; status unverified,unavailable,0.085,0.481,Maikel Garcia,unavailable,140,official lineup missing; pitch-type matchup missing,Confidence cap prevents a BET label.,rotowire_props_yes_only,KC,0.0,,
,0 HR /  PA,5.45,unavailable/not used; BvP is supporting only,6.0,-11.99,0.03786,+2541,KC@SEA,,+534,0.157729,PASS,2026-05-01,,4,Expected Lineup,valid,1.028571,64F / 7 mph wind / 3% precip / retractable roof; status unverified,unavailable,0.085,0.481,Salvador Perez,unavailable,141,official lineup missing; pitch-type matchup missing,Confidence cap prevents a BET label.,rotowire_props_yes_only,KC,0.0,,
,0 HR /  PA,5.45,unavailable/not used; BvP is supporting only,6.0,-12.88,0.03786,+2541,KC@SEA,,+500,0.166667,PASS,2026-05-01,,6,Expected Lineup,valid,1.028571,64F / 7 mph wind / 3% precip / retractable roof; status unverified,unavailable,0.085,0.481,Michael Massey,unavailable,142,official lineup missing; pitch-type matchup missing,Confidence cap prevents a BET label.,rotowire_props_yes_only,KC,0.0,,
,0 HR /  PA,5.45,unavailable/not used; BvP is supporting only,6.0,-13.61,0.03786,+2541,KC@SEA,,+475,0.173913,PASS,2026-05-01,,7,Expected Lineup,valid,1.028571,64F / 7 mph wind / 3% precip / retractable roof; status unverified,unavailable,0.085,0.481,Jac Caglianone,unavailable,143,official lineup missing; pitch-type matchup missing,Confidence cap prevents a BET label.,rotowire_props_yes_only,KC,0.0,,
,0 HR /  PA,5.45,unavailable/not used; BvP is supporting only,6.0,-13.88,0.03786,+2541,KC@SEA,,+466,0.176678,PASS,2026-05-01,,3,Expected Lineup,valid,1.028571,64F / 7 mph wind / 3% precip / retractable roof; status unverified,unavailable,0.085,0.481,Vinnie Pasquantino,unavailable,144,official lineup missing; pitch-type matchup missing,Confidence cap prevents a BET label.,rotowire_props_yes_only,KC,0.0,,
,0 HR /  PA,5.45,unavailable/not used; BvP is supporting only,6.0,-13.91,0.03786,+2541,KC@SEA,,+465,0.176991,PASS,2026-05-01,,2,Expected Lineup,valid,1.028571,64F / 7 mph wind / 3% precip / retractable roof; status unverified,unavailable,0.085,0.481,Bobby Witt,unavailable,145,official lineup missing; pitch-type matchup missing,Confidence cap prevents a BET label.,rotowire_props_yes_only,KC,0.0,,
,0 HR /  PA,5.45,unavailable/not used; BvP is supporting only,6.0,-14.07,0.03786,+2541,KC@SEA,,+460,0.178571,PASS,2026-05-01,,5,Expected Lineup,valid,1.028571,64F / 7 mph wind / 3% precip / retractable roof; status unverified,unavailable,0.085,0.481,Carter Jensen,unavailable,146,official lineup missing; pitch-type matchup missing,Confidence cap prevents a BET label.,rotowire_props_yes_only,KC,0.0,,
0.054,3 HR / 87 PA,10.0,unavailable/not used; BvP is supporting only,7.5,-7.58,0.03781,+2545,BAL@NYY,0.464,+780,0.113636,PASS,2026-05-01,14.4,8,official_mlb_schedule,valid,0.72973,58F / 10 mph wind / 2% precip / open-air; roof not applicable,neutral,0.079,0.395,Austin Wells,unavailable,147,"price, lineup, starter, weather, bullpen",No clear model edge at the available price.,draftkings,NYY,0.0,0.39,0.338
,0 HR / 7 PA,9.49,unavailable/not used; BvP is supporting only,7.5,-6.99,0.037005,+2602,TOR@MIN,,+835,0.106952,PASS,2026-05-01,,7,official_mlb_schedule,valid,1.8,53F / 8 mph wind / 0% precip / open-air; roof not applicable,favorable,0.083,0.407,Yohendrick Pinango,unavailable,148,"price, lineup, starter, weather, bullpen",No clear model edge at the available price.,rotowire_props_yes_only,TOR,0.0,,
0.097,2 HR / 100 PA,10.0,unavailable/not used; BvP is supporting only,7.5,-4.65,0.036843,+2614,CIN@PIT,0.306,+1100,0.083333,PASS,2026-05-01,7.4,8,official_mlb_schedule,valid,1.551724,49F / 11 mph wind / 59% precip / open-air; roof not applicable,favorable,0.085,0.462,Konnor Griffin,unavailable,149,"price, lineup, starter, weather, bullpen",No clear model edge at the available price.,draftkings,PIT,0.0,0.369,0.287
0.095,1 HR / 85 PA,10.0,unavailable/not used; BvP is supporting only,7.5,-6.61,0.035932,+2683,HOU@BOS,0.429,+880,0.102041,PASS,2026-05-01,9.5,6,official_mlb_schedule,valid,1.989474,59F / 7 mph wind / 0% precip / open-air; roof not applicable,neutral,0.072,0.371,Marcelo Mayer,unavailable,150,"price, lineup, starter, weather, bullpen",No clear model edge at the available price.,draftkings,BOS,0.0,0.346,0.295
,0 HR / 29 PA,10.0,unavailable/not used; BvP is supporting only,5.8,,0.034744,+2778,TOR@MIN,,,,WATCHLIST,,,9,official_mlb_schedule,missing,0.931034,53F / 8 mph wind / 0% precip / open-air; roof not applicable,favorable,0.091,0.418,James Outman,unavailable,151,prop price missing,Missing current/timestamped prop price; cannot be a bet.,,MIN,0.0,,
0.083,1 HR / 85 PA,10.0,unavailable/not used; BvP is supporting only,7.5,-8.14,0.033542,+2881,ATL@COL,0.438,+770,0.114943,PASS,2026-05-01,18.2,7,official_mlb_schedule,valid,1.391753,60F / 7 mph wind / 1% precip / open-air; roof not applicable,neutral,0.073,0.427,Willi Castro,unavailable,152,"price, lineup, starter, weather, bullpen",No clear model edge at the available price.,draftkings,COL,0.0,0.354,0.283
0.151,4 HR / 124 PA,5.88,unavailable/not used; BvP is supporting only,6.0,-8.89,0.032266,+2999,HOU@BOS,0.452,+725,0.121212,PASS,2026-05-01,9.8,7,official_mlb_schedule,valid,,59F / 7 mph wind / 0% precip / open-air; roof not applicable,unavailable,,,Cam Smith,unavailable,153,pitch-type matchup missing,Confidence cap prevents a BET label.,rotowire_props_yes_only,HOU,0.0,0.45,0.348
0.122,2 HR / 96 PA,10.0,unavailable/not used; BvP is supporting only,7.5,-6.89,0.03215,+3010,PHI@MIA,0.469,+890,0.10101,PASS,2026-05-01,14.4,7,official_mlb_schedule,valid,0.0,81F / 12 mph wind / 0% precip / retractable roof; status unverified,unfavorable,,,Owen Caissie,unavailable,154,"price, lineup, starter, weather, bullpen",No clear model edge at the available price.,draftkings,MIA,0.0,0.371,0.281
,1 HR / 44 PA,4.33,unavailable/not used; BvP is supporting only,7.5,-11.65,0.031697,+3055,PHI@MIA,,+575,0.148148,PASS,2026-05-01,,5,official_mlb_schedule,valid,1.723404,81F / 12 mph wind / 0% precip / retractable roof; status unverified,favorable,0.149,0.46,Edmundo Sosa,unavailable,155,"price, lineup, starter, weather, bullpen",No clear model edge at the available price.,rotowire_props_yes_only,PHI,0.0,,
0.051,1 HR / 133 PA,10.0,unavailable/not used; BvP is supporting only,7.5,-5.73,0.030452,+3184,PHI@MIA,0.414,+1040,0.087719,PASS,2026-05-01,10.5,4,official_mlb_schedule,valid,0.0,81F / 12 mph wind / 0% precip / retractable roof; status unverified,neutral,,,Xavier Edwards,unavailable,156,"price, lineup, starter, weather, bullpen",No clear model edge at the available price.,draftkings,MIA,0.0,0.426,0.367
0.093,2 HR / 122 PA,5.88,unavailable/not used; BvP is supporting only,6.0,-11.79,0.030249,+3206,HOU@BOS,0.419,+575,0.148148,PASS,2026-05-01,6.0,1,official_mlb_schedule,valid,,59F / 7 mph wind / 0% precip / open-air; roof not applicable,unavailable,,,Carlos Correa,unavailable,157,pitch-type matchup missing,Confidence cap prevents a BET label.,rotowire_props_yes_only,HOU,0.0,0.445,0.357
,2 HR / 64 PA,5.88,unavailable/not used; BvP is supporting only,6.0,-10.33,0.030029,+3230,HOU@BOS,,+650,0.133333,PASS,2026-05-01,,8,official_mlb_schedule,valid,,59F / 7 mph wind / 0% precip / open-air; roof not applicable,unavailable,,,Brice Matthews,unavailable,158,pitch-type matchup missing,Confidence cap prevents a BET label.,rotowire_props_yes_only,HOU,0.0,,
0.086,2 HR / 107 PA,10.0,unavailable/not used; BvP is supporting only,7.5,-8.29,0.029497,+3290,CIN@PIT,0.371,+790,0.11236,PASS,2026-05-01,24.0,6,official_mlb_schedule,valid,1.551724,49F / 11 mph wind / 59% precip / open-air; roof not applicable,neutral,0.085,0.462,Marcell Ozuna,unavailable,159,"price, lineup, starter, weather, bullpen",No clear model edge at the available price.,draftkings,PIT,0.0,0.388,0.292
0.084,4 HR / 134 PA,5.48,unavailable/not used; BvP is supporting only,7.5,-15.89,0.029033,+3344,BAL@NYY,0.554,+432,0.18797,PASS,2026-05-01,12.8,4,official_mlb_schedule,valid,0.861702,58F / 10 mph wind / 2% precip / open-air; roof not applicable,neutral,0.06,0.429,Pete Alonso,unavailable,160,"price, lineup, starter, weather, bullpen",No clear model edge at the available price.,rotowire_props_yes_only,BAL,0.0,0.409,0.326
0.038,3 HR / 109 PA,10.0,unavailable/not used; BvP is supporting only,7.5,-5.46,0.028762,+3377,MIL@WSH,0.266,+1100,0.083333,PASS,2026-05-01,10.3,7,official_mlb_schedule,valid,1.213483,67F / 10 mph wind / 1% precip / open-air; roof not applicable,neutral,0.125,0.512,Sal Frelick,unavailable,161,"price, lineup, starter, weather, bullpen",No clear model edge at the available price.,rotowire_props_yes_only,MIL,0.0,0.343,0.303
0.014,3 HR / 102 PA,10.0,unavailable/not used; BvP is supporting only,7.5,-5.21,0.02857,+3400,CIN@PIT,0.282,+1140,0.080645,PASS,2026-05-01,14.4,7,official_mlb_schedule,valid,1.551724,49F / 11 mph wind / 59% precip / open-air; roof not applicable,neutral,0.085,0.462,Spencer Horwitz,unavailable,162,"price, lineup, starter, weather, bullpen",No clear model edge at the available price.,draftkings,PIT,0.0,0.312,0.306
0.026,4 HR / 147 PA,10.0,unavailable/not used; BvP is supporting only,5.0,-2.49,0.02718,+3579,AZ@CHC,0.261,+1820,0.052083,PASS,2026-05-01,16.5,1,official_mlb_schedule,valid,0.556701,44F / 10 mph wind / 5% precip / open-air; roof not applicable,neutral,0.094,0.458,Nico Hoerner,unavailable,163,game already started or completed,Confidence cap prevents a BET label.,draftkings,CHC,0.0,0.396,0.344
,2 HR / 65 PA,3.59,unavailable/not used; BvP is supporting only,5.0,-6.91,0.027075,+3593,AZ@CHC,,+940,0.096154,PASS,2026-05-01,,4,official_mlb_schedule,valid,0.826531,44F / 10 mph wind / 5% precip / open-air; roof not applicable,neutral,0.072,0.47,Adrian Del Castillo,unavailable,164,game already started or completed,Confidence cap prevents a BET label.,draftkings,AZ,0.0,,
0.065,3 HR / 128 PA,10.0,unavailable/not used; BvP is supporting only,7.5,-13.54,0.02591,+3759,BAL@NYY,0.402,+520,0.16129,PASS,2026-05-01,19.2,4,official_mlb_schedule,valid,0.72973,58F / 10 mph wind / 2% precip / open-air; roof not applicable,neutral,0.079,0.395,Cody Bellinger,unavailable,165,"price, lineup, starter, weather, bullpen",No clear model edge at the available price.,draftkings,NYY,0.0,0.447,0.361
0.094,1 HR / 115 PA,10.0,unavailable/not used; BvP is supporting only,7.5,-9.92,0.025783,+3778,HOU@BOS,0.469,+700,0.125,PASS,2026-05-01,7.7,3,official_mlb_schedule,valid,1.989474,59F / 7 mph wind / 0% precip / open-air; roof not applicable,neutral,0.072,0.371,Roman Anthony,unavailable,166,"price, lineup, starter, weather, bullpen",No clear model edge at the available price.,draftkings,BOS,0.0,0.37,0.336
0.088,2 HR / 134 PA,10.0,unavailable/not used; BvP is supporting only,7.5,-6.6,0.025757,+3782,CIN@PIT,0.325,+990,0.091743,PASS,2026-05-01,22.2,2,official_mlb_schedule,valid,0.264706,49F / 11 mph wind / 59% precip / open-air; roof not applicable,neutral,0.03,0.39,Matt McLain,unavailable,167,"price, lineup, starter, weather, bullpen",No clear model edge at the available price.,rotowire_props_yes_only,CIN,0.0,0.373,0.325
0.038,1 HR / 86 PA,10.0,unavailable/not used; BvP is supporting only,7.5,-6.54,0.025503,+3821,TOR@MIN,0.365,+1000,0.090909,PASS,2026-05-01,10.1,2,official_mlb_schedule,valid,0.931034,53F / 8 mph wind / 0% precip / open-air; roof not applicable,neutral,0.091,0.418,Austin Martin,unavailable,168,"price, lineup, starter, weather, bullpen",No clear model edge at the available price.,draftkings,MIN,0.0,0.37,0.382
0.078,3 HR / 72 PA,4.66,unavailable/not used; BvP is supporting only,7.5,-6.11,0.025155,+3875,LAD@STL,0.314,+1060,0.086207,PASS,2026-05-01,10.9,8,official_mlb_schedule,valid,1.367089,62F / 6 mph wind / 1% precip / open-air; roof not applicable,neutral,0.083,0.403,Pedro Pagés,unavailable,169,"price, lineup, starter, weather, bullpen",No clear model edge at the available price.,draftkings,STL,0.0,0.396,0.298
0.033,3 HR / 111 PA,9.49,unavailable/not used; BvP is supporting only,7.5,-6.58,0.025074,+3888,TOR@MIN,0.278,+1000,0.090909,PASS,2026-05-01,10.9,8,official_mlb_schedule,valid,1.8,53F / 8 mph wind / 0% precip / open-air; roof not applicable,neutral,0.083,0.407,Andrés Giménez,unavailable,170,"price, lineup, starter, weather, bullpen",No clear model edge at the available price.,rotowire_props_yes_only,TOR,0.0,0.319,0.258
,0 HR / 63 PA,9.49,unavailable/not used; BvP is supporting only,5.8,,0.024175,+4037,TOR@MIN,,,,WATCHLIST,,,6,official_mlb_schedule,missing,1.8,53F / 8 mph wind / 0% precip / open-air; roof not applicable,neutral,0.083,0.407,Lenyn Sosa,unavailable,171,prop price missing,Missing current/timestamped prop price; cannot be a bet.,,TOR,0.0,,
0.07,1 HR / 105 PA,10.0,unavailable/not used; BvP is supporting only,7.5,-10.92,0.024135,+4043,HOU@BOS,0.408,+650,0.133333,PASS,2026-05-01,11.7,7,official_mlb_schedule,valid,1.989474,59F / 7 mph wind / 0% precip / open-air; roof not applicable,neutral,0.072,0.371,Ceddanne Rafaela,unavailable,172,"price, lineup, starter, weather, bullpen",No clear model edge at the available price.,draftkings,BOS,0.0,0.345,0.293
0.082,2 HR / 136 PA,10.0,unavailable/not used; BvP is supporting only,5.0,-11.92,0.023624,+4133,AZ@CHC,0.329,+600,0.142857,PASS,2026-05-01,13.2,6,official_mlb_schedule,valid,0.556701,44F / 10 mph wind / 5% precip / open-air; roof not applicable,unfavorable,0.094,0.458,Michael Busch,unavailable,173,game already started or completed,Confidence cap prevents a BET label.,draftkings,CHC,0.0,0.316,0.285
0.042,0 HR / 95 PA,4.33,unavailable/not used; BvP is supporting only,7.5,-8.46,0.023553,+4146,PHI@MIA,0.437,+825,0.108108,PASS,2026-05-01,12.1,6,official_mlb_schedule,valid,1.723404,81F / 12 mph wind / 0% precip / retractable roof; status unverified,neutral,0.149,0.46,Bryson Stott,unavailable,174,"price, lineup, starter, weather, bullpen",No clear model edge at the available price.,rotowire_props_yes_only,PHI,0.0,0.358,0.291
,0 HR /  PA,9.0,unavailable/not used; BvP is supporting only,6.0,-9.1,0.023317,+4189,NYM@LAA,,+775,0.114286,PASS,2026-05-01,,6,Expected Lineup,valid,0.794118,68F / 7 mph wind / 0% precip / open-air; roof not applicable,unavailable,0.054,0.27,Tyrone Taylor,unavailable,175,official lineup missing; pitch-type matchup missing,Confidence cap prevents a BET label.,rotowire_props_yes_only,NYM,0.0,,
,0 HR /  PA,9.0,unavailable/not used; BvP is supporting only,6.0,-10.17,0.023317,+4189,NYM@LAA,,+700,0.125,PASS,2026-05-01,,1,Expected Lineup,valid,0.794118,68F / 7 mph wind / 0% precip / open-air; roof not applicable,unavailable,0.054,0.27,Bo Bichette,unavailable,176,official lineup missing; pitch-type matchup missing,Confidence cap prevents a BET label.,rotowire_props_yes_only,NYM,0.0,,
,0 HR /  PA,9.0,unavailable/not used; BvP is supporting only,6.0,-10.17,0.023317,+4189,NYM@LAA,,+700,0.125,PASS,2026-05-01,,7,Expected Lineup,valid,0.794118,68F / 7 mph wind / 0% precip / open-air; roof not applicable,unavailable,0.054,0.27,Carson Benge,unavailable,177,official lineup missing; pitch-type matchup missing,Confidence cap prevents a BET label.,rotowire_props_yes_only,NYM,0.0,,
,0 HR /  PA,9.0,unavailable/not used; BvP is supporting only,6.0,-10.17,0.023317,+4189,NYM@LAA,,+700,0.125,PASS,2026-05-01,,9,Expected Lineup,valid,0.794118,68F / 7 mph wind / 0% precip / open-air; roof not applicable,unavailable,0.054,0.27,Ronny Mauricio,unavailable,178,official lineup missing; pitch-type matchup missing,Confidence cap prevents a BET label.,rotowire_props_yes_only,NYM,0.0,,
,0 HR /  PA,9.0,unavailable/not used; BvP is supporting only,6.0,-11.22,0.023317,+4189,NYM@LAA,,+638,0.135501,PASS,2026-05-01,,8,Expected Lineup,valid,0.794118,68F / 7 mph wind / 0% precip / open-air; roof not applicable,unavailable,0.054,0.27,Marcus Semien,unavailable,179,official lineup missing; pitch-type matchup missing,Confidence cap prevents a BET label.,rotowire_props_yes_only,NYM,0.0,,
,0 HR /  PA,9.0,unavailable/not used; BvP is supporting only,6.0,-11.65,0.023317,+4189,NYM@LAA,,+615,0.13986,PASS,2026-05-01,,5,Expected Lineup,valid,0.794118,68F / 7 mph wind / 0% precip / open-air; roof not applicable,unavailable,0.054,0.27,Brett Baty,unavailable,180,official lineup missing; pitch-type matchup missing,Confidence cap prevents a BET label.,rotowire_props_yes_only,NYM,0.0,,
,0 HR /  PA,9.0,unavailable/not used; BvP is supporting only,6.0,-13.8,0.023317,+4189,NYM@LAA,,+520,0.16129,PASS,2026-05-01,,4,Expected Lineup,valid,0.794118,68F / 7 mph wind / 0% precip / open-air; roof not applicable,unavailable,0.054,0.27,Francisco Alvarez,unavailable,181,official lineup missing; pitch-type matchup missing,Confidence cap prevents a BET label.,rotowire_props_yes_only,NYM,0.0,,
,0 HR /  PA,9.0,unavailable/not used; BvP is supporting only,6.0,-19.04,0.023317,+4189,NYM@LAA,,+368,0.213675,PASS,2026-05-01,,3,Expected Lineup,valid,0.794118,68F / 7 mph wind / 0% precip / open-air; roof not applicable,unavailable,0.054,0.27,MJ Melendez,unavailable,182,official lineup missing; pitch-type matchup missing,Confidence cap prevents a BET label.,rotowire_props_yes_only,NYM,0.0,,
,0 HR /  PA,9.0,unavailable/not used; BvP is supporting only,6.0,-24.62,0.023317,+4189,NYM@LAA,,+271,0.269542,PASS,2026-05-01,,2,Expected Lineup,valid,0.794118,68F / 7 mph wind / 0% precip / open-air; roof not applicable,unavailable,0.054,0.27,Juan Soto,unavailable,183,official lineup missing; pitch-type matchup missing,Confidence cap prevents a BET label.,rotowire_props_yes_only,NYM,0.0,,
0.038,1 HR / 70 PA,3.4,unavailable/not used; BvP is supporting only,7.5,-8.09,0.023282,+4195,TEX@DET,0.415,+860,0.104167,PASS,2026-05-01,10.3,6,official_mlb_schedule,valid,1.451613,48F / 8 mph wind / 6% precip / open-air; roof not applicable,neutral,0.147,0.467,Matt Vierling,unavailable,184,"price, lineup, starter, weather, bullpen",No clear model edge at the available price.,draftkings,DET,0.0,0.373,0.307
0.123,4 HR / 120 PA,10.0,unavailable/not used; BvP is supporting only,5.8,,0.023234,+4204,MIL@WSH,0.425,,,WATCHLIST,,3.4,6,official_mlb_schedule,missing,1.102041,67F / 10 mph wind / 1% precip / open-air; roof not applicable,neutral,0.044,0.368,Brady House,unavailable,185,prop price missing,Missing current/timestamped prop price; cannot be a bet.,,WSH,0.0,0.397,0.301
0.031,2 HR / 122 PA,3.93,unavailable/not used; BvP is supporting only,7.5,-5.0,0.023027,+4243,SF@TB,0.354,+1270,0.072993,PASS,2026-05-01,12.2,7,official_mlb_schedule,valid,0.391304,79F / 8 mph wind / 0% precip / fixed dome,neutral,0.129,0.435,Jung Hoo Lee,unavailable,186,"price, lineup, starter, weather, bullpen",No clear model edge at the available price.,rotowire_props_yes_only,SF,0.0,0.391,0.327
0.012,0 HR / 112 PA,10.0,unavailable/not used; BvP is supporting only,7.5,-4.94,0.022001,+4445,CIN@PIT,0.422,+1300,0.071429,PASS,2026-05-01,5.8,5,official_mlb_schedule,valid,1.551724,49F / 11 mph wind / 59% precip / open-air; roof not applicable,neutral,0.085,0.462,Nick Gonzales,unavailable,187,"price, lineup, starter, weather, bullpen",No clear model edge at the available price.,draftkings,PIT,0.0,0.392,0.333
,0 HR /  PA,10.0,unavailable/not used; BvP is supporting only,6.0,-5.93,0.021995,+4447,CLE@ATH,,+1130,0.081301,PASS,2026-05-01,,1,Expected Lineup,valid,1.44,74F / 10 mph wind / 0% precip / open-air; roof not applicable,unavailable,0.07,0.324,Steven Kwan,unavailable,188,official lineup missing; pitch-type matchup missing,Confidence cap prevents a BET label.,rotowire_props_yes_only,CLE,0.0,,
,0 HR /  PA,10.0,unavailable/not used; BvP is supporting only,6.0,-7.32,0.021995,+4447,CLE@ATH,,+950,0.095238,PASS,2026-05-01,,9,Expected Lineup,valid,1.44,74F / 10 mph wind / 0% precip / open-air; roof not applicable,unavailable,0.07,0.324,Brayan Rocchio,unavailable,189,official lineup missing; pitch-type matchup missing,Confidence cap prevents a BET label.,rotowire_props_yes_only,CLE,0.0,,
,0 HR /  PA,10.0,unavailable/not used; BvP is supporting only,6.0,-10.3,0.021995,+4447,CLE@ATH,,+700,0.125,PASS,2026-05-01,,7,Expected Lineup,valid,1.44,74F / 10 mph wind / 0% precip / open-air; roof not applicable,unavailable,0.07,0.324,Travis Bazzana,unavailable,190,official lineup missing; pitch-type matchup missing,Confidence cap prevents a BET label.,rotowire_props_yes_only,CLE,0.0,,
,0 HR /  PA,10.0,unavailable/not used; BvP is supporting only,6.0,-12.95,0.021995,+4447,CLE@ATH,,+560,0.151515,PASS,2026-05-01,,6,Expected Lineup,valid,1.44,74F / 10 mph wind / 0% precip / open-air; roof not applicable,unavailable,0.07,0.324,Angel Martinez,unavailable,191,official lineup missing; pitch-type matchup missing,Confidence cap prevents a BET label.,rotowire_props_yes_only,CLE,0.0,,
,0 HR /  PA,10.0,unavailable/not used; BvP is supporting only,6.0,-13.23,0.021995,+4447,CLE@ATH,,+548,0.154321,PASS,2026-05-01,,5,Expected Lineup,valid,1.44,74F / 10 mph wind / 0% precip / open-air; roof not applicable,unavailable,0.07,0.324,Daniel Schneemann,unavailable,192,official lineup missing; pitch-type matchup missing,Confidence cap prevents a BET label.,rotowire_props_yes_only,CLE,0.0,,
,0 HR /  PA,10.0,unavailable/not used; BvP is supporting only,6.0,-13.8,0.021995,+4447,CLE@ATH,,+525,0.16,PASS,2026-05-01,,8,Expected Lineup,valid,1.44,74F / 10 mph wind / 0% precip / open-air; roof not applicable,unavailable,0.07,0.324,Bo Naylor,unavailable,193,official lineup missing; pitch-type matchup missing,Confidence cap prevents a BET label.,rotowire_props_yes_only,CLE,0.0,,
,0 HR /  PA,10.0,unavailable/not used; BvP is supporting only,6.0,-15.66,0.021995,+4447,CLE@ATH,,+460,0.178571,PASS,2026-05-01,,2,Expected Lineup,valid,1.44,74F / 10 mph wind / 0% precip / open-air; roof not applicable,unavailable,0.07,0.324,Chase DeLauter,unavailable,194,official lineup missing; pitch-type matchup missing,Confidence cap prevents a BET label.,rotowire_props_yes_only,CLE,0.0,,
,0 HR /  PA,10.0,unavailable/not used; BvP is supporting only,6.0,-15.82,0.021995,+4447,CLE@ATH,,+455,0.18018,PASS,2026-05-01,,4,Expected Lineup,valid,1.44,74F / 10 mph wind / 0% precip / open-air; roof not applicable,unavailable,0.07,0.324,Kyle Manzardo,unavailable,195,official lineup missing; pitch-type matchup missing,Confidence cap prevents a BET label.,rotowire_props_yes_only,CLE,0.0,,
,0 HR /  PA,10.0,unavailable/not used; BvP is supporting only,6.0,-20.27,0.021995,+4447,CLE@ATH,,+345,0.224719,PASS,2026-05-01,,3,Expected Lineup,valid,1.44,74F / 10 mph wind / 0% precip / open-air; roof not applicable,unavailable,0.07,0.324,Jose Ramirez,unavailable,196,official lineup missing; pitch-type matchup missing,Confidence cap prevents a BET label.,rotowire_props_yes_only,CLE,0.0,,
0.068,3 HR / 121 PA,10.0,unavailable/not used; BvP is supporting only,7.5,-12.09,0.021951,+4456,BAL@NYY,0.419,+600,0.142857,PASS,2026-05-01,18.5,6,official_mlb_schedule,valid,0.72973,58F / 10 mph wind / 2% precip / open-air; roof not applicable,unfavorable,0.079,0.395,Jazz Chisholm Jr.,unavailable,197,"price, lineup, starter, weather, bullpen",No clear model edge at the available price.,draftkings,NYY,0.0,0.334,0.278
0.075,3 HR / 86 PA,5.48,unavailable/not used; BvP is supporting only,7.5,-10.81,0.020945,+4674,BAL@NYY,0.396,+675,0.129032,PASS,2026-05-01,19.5,8,official_mlb_schedule,valid,0.861702,58F / 10 mph wind / 2% precip / open-air; roof not applicable,neutral,0.06,0.429,Coby Mayo,unavailable,198,"price, lineup, starter, weather, bullpen",No clear model edge at the available price.,rotowire_props_yes_only,BAL,0.0,0.37,0.294
,0 HR / 50 PA,9.49,unavailable/not used; BvP is supporting only,7.5,-4.7,0.02058,+4759,TOR@MIN,,+1380,0.067568,PASS,2026-05-01,,9,official_mlb_schedule,valid,1.8,53F / 8 mph wind / 0% precip / open-air; roof not applicable,unfavorable,0.083,0.407,Tyler Heineman,unavailable,199,"price, lineup, starter, weather, bullpen",No clear model edge at the available price.,rotowire_props_yes_only,TOR,0.0,,
,0 HR / 49 PA,3.59,unavailable/not used; BvP is supporting only,5.0,-6.15,0.020503,+4777,AZ@CHC,,+1120,0.081967,PASS,2026-05-01,,5,official_mlb_schedule,valid,0.826531,44F / 10 mph wind / 5% precip / open-air; roof not applicable,neutral,0.072,0.47,Gabriel Moreno,unavailable,200,game already started or completed,Confidence cap prevents a BET label.,draftkings,AZ,0.0,,
0.097,1 HR / 108 PA,10.0,unavailable/not used; BvP is supporting only,7.5,-11.05,0.019361,+5065,HOU@BOS,0.417,+670,0.12987,PASS,2026-05-01,10.9,1,official_mlb_schedule,valid,1.989474,59F / 7 mph wind / 0% precip / open-air; roof not applicable,neutral,0.072,0.371,Jarren Duran,unavailable,201,"price, lineup, starter, weather, bullpen",No clear model edge at the available price.,draftkings,BOS,0.0,0.339,0.273
0.049,3 HR / 140 PA,10.0,unavailable/not used; BvP is supporting only,5.8,,0.019008,+5161,MIL@WSH,0.382,,,WATCHLIST,,16.3,5,official_mlb_schedule,missing,1.102041,67F / 10 mph wind / 1% precip / open-air; roof not applicable,neutral,0.044,0.368,Daylen Lile,unavailable,202,prop price missing,Missing current/timestamped prop price; cannot be a bet.,,WSH,0.0,0.43,0.339
,0 HR /  PA,3.22,unavailable/not used; BvP is supporting only,5.8,,0.017836,+5507,CLE@ATH,,,,WATCHLIST,,,1,Expected Lineup,missing,1.186813,74F / 10 mph wind / 0% precip / open-air; roof not applicable,unavailable,0.104,0.429,Jacob Wilson,unavailable,203,official lineup missing; prop price missing; pitch-type matchup missing,Missing current/timestamped prop price; cannot be a bet.,,ATH,0.0,,
,0 HR /  PA,3.22,unavailable/not used; BvP is supporting only,5.8,,0.017836,+5507,CLE@ATH,,,,WATCHLIST,,,2,Expected Lineup,missing,1.186813,74F / 10 mph wind / 0% precip / open-air; roof not applicable,unavailable,0.104,0.429,Shea Langeliers,unavailable,204,official lineup missing; prop price missing; pitch-type matchup missing,Missing current/timestamped prop price; cannot be a bet.,,ATH,0.0,,
,0 HR /  PA,3.22,unavailable/not used; BvP is supporting only,5.8,,0.017836,+5507,CLE@ATH,,,,WATCHLIST,,,3,Expected Lineup,missing,1.186813,74F / 10 mph wind / 0% precip / open-air; roof not applicable,unavailable,0.104,0.429,Nick Kurtz,unavailable,205,official lineup missing; prop price missing; pitch-type matchup missing,Missing current/timestamped prop price; cannot be a bet.,,ATH,0.0,,
,0 HR /  PA,3.22,unavailable/not used; BvP is supporting only,5.8,,0.017836,+5507,CLE@ATH,,,,WATCHLIST,,,4,Expected Lineup,missing,1.186813,74F / 10 mph wind / 0% precip / open-air; roof not applicable,unavailable,0.104,0.429,Brent Rooker,unavailable,206,official lineup missing; prop price missing; pitch-type matchup missing,Missing current/timestamped prop price; cannot be a bet.,,ATH,0.0,,
,0 HR /  PA,3.22,unavailable/not used; BvP is supporting only,5.8,,0.017836,+5507,CLE@ATH,,,,WATCHLIST,,,5,Expected Lineup,missing,1.186813,74F / 10 mph wind / 0% precip / open-air; roof not applicable,unavailable,0.104,0.429,Colby Thomas,unavailable,207,official lineup missing; prop price missing; pitch-type matchup missing,Missing current/timestamped prop price; cannot be a bet.,,ATH,0.0,,
,0 HR /  PA,3.22,unavailable/not used; BvP is supporting only,5.8,,0.017836,+5507,CLE@ATH,,,,WATCHLIST,,,6,Expected Lineup,missing,1.186813,74F / 10 mph wind / 0% precip / open-air; roof not applicable,unavailable,0.104,0.429,Tyler Soderstrom,unavailable,208,official lineup missing; prop price missing; pitch-type matchup missing,Missing current/timestamped prop price; cannot be a bet.,,ATH,0.0,,
,0 HR /  PA,3.22,unavailable/not used; BvP is supporting only,5.8,,0.017836,+5507,CLE@ATH,,,,WATCHLIST,,,7,Expected Lineup,missing,1.186813,74F / 10 mph wind / 0% precip / open-air; roof not applicable,unavailable,0.104,0.429,Zack Gelof,unavailable,209,official lineup missing; prop price missing; pitch-type matchup missing,Missing current/timestamped prop price; cannot be a bet.,,ATH,0.0,,
,0 HR /  PA,3.22,unavailable/not used; BvP is supporting only,5.8,,0.017836,+5507,CLE@ATH,,,,WATCHLIST,,,8,Expected Lineup,missing,1.186813,74F / 10 mph wind / 0% precip / open-air; roof not applicable,unavailable,0.104,0.429,Darell Hernaiz,unavailable,210,official lineup missing; prop price missing; pitch-type matchup missing,Missing current/timestamped prop price; cannot be a bet.,,ATH,0.0,,
,0 HR /  PA,3.22,unavailable/not used; BvP is supporting only,5.8,,0.017836,+5507,CLE@ATH,,,,WATCHLIST,,,9,Expected Lineup,missing,1.186813,74F / 10 mph wind / 0% precip / open-air; roof not applicable,unavailable,0.104,0.429,Jeff McNeil,unavailable,211,official lineup missing; prop price missing; pitch-type matchup missing,Missing current/timestamped prop price; cannot be a bet.,,ATH,0.0,,
0.059,2 HR / 79 PA,5.48,unavailable/not used; BvP is supporting only,7.5,-9.34,0.017669,+5559,BAL@NYY,0.373,+800,0.111111,PASS,2026-05-01,18.5,7,official_mlb_schedule,valid,0.861702,58F / 10 mph wind / 2% precip / open-air; roof not applicable,favorable,0.06,0.429,Leody Taveras,unavailable,212,"price, lineup, starter, weather, bullpen",No clear model edge at the available price.,rotowire_props_yes_only,BAL,0.0,0.453,0.373
,1 HR / 50 PA,4.33,unavailable/not used; BvP is supporting only,7.5,-6.62,0.01714,+5734,PHI@MIA,,+1100,0.083333,PASS,2026-05-01,,9,official_mlb_schedule,valid,1.723404,81F / 12 mph wind / 0% precip / retractable roof; status unverified,unfavorable,0.149,0.46,Rafael Marchán,unavailable,213,"price, lineup, starter, weather, bullpen",No clear model edge at the available price.,rotowire_props_yes_only,PHI,0.0,,
,1 HR / 33 PA,10.0,unavailable/not used; BvP is supporting only,7.5,-14.74,0.017062,+5761,BAL@NYY,,+508,0.164474,PASS,2026-05-01,,1,official_mlb_schedule,valid,0.72973,58F / 10 mph wind / 2% precip / open-air; roof not applicable,favorable,0.079,0.395,Paul Goldschmidt,unavailable,214,"price, lineup, starter, weather, bullpen",No clear model edge at the available price.,draftkings,NYY,0.0,,
0.045,1 HR / 74 PA,9.74,unavailable/not used; BvP is supporting only,7.5,-9.79,0.017046,+5767,TEX@DET,0.318,+770,0.114943,PASS,2026-05-01,22.1,9,official_mlb_schedule,valid,1.421053,48F / 8 mph wind / 6% precip / open-air; roof not applicable,unfavorable,0.103,0.456,Danny Jansen,unavailable,215,"price, lineup, starter, weather, bullpen",No clear model edge at the available price.,rotowire_props_yes_only,TEX,0.0,0.272,0.24
,0 HR / 41 PA,10.0,unavailable/not used; BvP is supporting only,7.5,-18.0,0.016047,+6132,PHI@MIA,,+410,0.196078,PASS,2026-05-01,,2,official_mlb_schedule,valid,0.0,81F / 12 mph wind / 0% precip / retractable roof; status unverified,neutral,,,Kyle Stowers,unavailable,216,"price, lineup, starter, weather, bullpen",No clear model edge at the available price.,draftkings,MIA,0.0,,
0.067,0 HR / 95 PA,10.0,unavailable/not used; BvP is supporting only,7.5,-12.25,0.015455,+6371,MIL@WSH,0.36,+625,0.137931,PASS,2026-05-01,5.4,5,official_mlb_schedule,valid,1.213483,67F / 10 mph wind / 1% precip / open-air; roof not applicable,neutral,0.125,0.512,Luis Rengifo,unavailable,217,"price, lineup, starter, weather, bullpen",No clear model edge at the available price.,rotowire_props_yes_only,MIL,0.0,0.337,0.283
0.055,1 HR / 81 PA,3.93,unavailable/not used; BvP is supporting only,7.5,-7.59,0.015046,+6546,SF@TB,0.455,+1000,0.090909,PASS,2026-05-01,11.7,9,official_mlb_schedule,valid,0.391304,79F / 8 mph wind / 0% precip / fixed dome,unfavorable,0.129,0.435,Patrick Bailey,unavailable,218,"price, lineup, starter, weather, bullpen",No clear model edge at the available price.,rotowire_props_yes_only,SF,0.0,0.368,0.296
0.055,4 HR / 117 PA,4.66,unavailable/not used; BvP is supporting only,7.5,-11.79,0.01365,+7226,LAD@STL,0.411,+660,0.131579,PASS,2026-05-01,19.2,5,official_mlb_schedule,valid,1.367089,62F / 6 mph wind / 1% precip / open-air; roof not applicable,favorable,0.083,0.403,Nolan Gorman,unavailable,219,"price, lineup, starter, weather, bullpen",No clear model edge at the available price.,draftkings,STL,0.0,0.364,0.279
0.05,2 HR / 117 PA,10.0,unavailable/not used; BvP is supporting only,7.5,-11.47,0.013529,+7292,PHI@MIA,0.388,+680,0.128205,PASS,2026-05-01,7.1,6,official_mlb_schedule,valid,0.0,81F / 12 mph wind / 0% precip / retractable roof; status unverified,unfavorable,,,Agustín Ramírez,unavailable,220,"price, lineup, starter, weather, bullpen",No clear model edge at the available price.,draftkings,MIA,0.0,0.326,0.284
0.06,1 HR / 104 PA,10.0,unavailable/not used; BvP is supporting only,5.8,,0.013508,+7303,MIL@WSH,0.464,,,WATCHLIST,,11.5,2,official_mlb_schedule,missing,1.102041,67F / 10 mph wind / 1% precip / open-air; roof not applicable,neutral,0.044,0.368,Luis García Jr.,unavailable,221,prop price missing,Missing current/timestamped prop price; cannot be a bet.,,WSH,0.0,0.438,0.324
0.015,1 HR / 81 PA,10.0,unavailable/not used; BvP is supporting only,7.5,-7.78,0.013119,+7522,SF@TB,0.424,+1000,0.090909,PASS,2026-05-01,5.4,8,official_mlb_schedule,valid,1.35,79F / 8 mph wind / 0% precip / fixed dome,neutral,0.128,0.349,Nick Fortes,unavailable,222,"price, lineup, starter, weather, bullpen",No clear model edge at the available price.,draftkings,TB,0.0,0.363,0.307
,0 HR / 48 PA,10.0,unavailable/not used; BvP is supporting only,7.5,-9.6,0.012666,+7795,MIL@WSH,,+820,0.108696,PASS,2026-05-01,,8,official_mlb_schedule,valid,1.213483,67F / 10 mph wind / 1% precip / open-air; roof not applicable,neutral,0.125,0.512,Blake Perkins,unavailable,223,"price, lineup, starter, weather, bullpen",No clear model edge at the available price.,rotowire_props_yes_only,MIL,0.0,,
0.025,3 HR / 112 PA,5.88,unavailable/not used; BvP is supporting only,6.0,-14.75,0.012465,+7922,HOU@BOS,0.259,+525,0.16,PASS,2026-05-01,24.3,3,official_mlb_schedule,valid,,59F / 7 mph wind / 0% precip / open-air; roof not applicable,unavailable,,,Isaac Paredes,unavailable,224,pitch-type matchup missing,Confidence cap prevents a BET label.,rotowire_props_yes_only,HOU,0.0,0.332,0.298
0.038,2 HR / 97 PA,5.88,unavailable/not used; BvP is supporting only,6.0,-10.13,0.009803,+10101,HOU@BOS,0.278,+800,0.111111,PASS,2026-05-01,6.5,6,official_mlb_schedule,valid,,59F / 7 mph wind / 0% precip / open-air; roof not applicable,unavailable,,,Yainer Diaz,unavailable,225,pitch-type matchup missing,Confidence cap prevents a BET label.,rotowire_props_yes_only,HOU,0.0,0.331,0.265
0.025,2 HR / 115 PA,3.59,unavailable/not used; BvP is supporting only,5.0,-5.02,0.00862,+11501,AZ@CHC,0.253,+1600,0.058824,PASS,2026-05-01,9.6,1,official_mlb_schedule,valid,0.826531,44F / 10 mph wind / 5% precip / open-air; roof not applicable,neutral,0.072,0.47,Geraldo Perdomo,unavailable,226,game already started or completed,Confidence cap prevents a BET label.,draftkings,AZ,0.0,0.308,0.321
0.076,1 HR / 121 PA,10.0,unavailable/not used; BvP is supporting only,7.5,-10.03,0.008349,+11878,ATL@COL,0.367,+820,0.108696,PASS,2026-05-01,14.9,8,official_mlb_schedule,valid,1.391753,60F / 7 mph wind / 1% precip / open-air; roof not applicable,unfavorable,0.073,0.427,Ezequiel Tovar,unavailable,227,"price, lineup, starter, weather, bullpen",No clear model edge at the available price.,draftkings,COL,0.0,0.368,0.284
0.098,3 HR / 129 PA,3.93,unavailable/not used; BvP is supporting only,7.5,-13.16,0.008286,+11969,SF@TB,0.402,+615,0.13986,PASS,2026-05-01,22.7,6,official_mlb_schedule,valid,0.391304,79F / 8 mph wind / 0% precip / fixed dome,unfavorable,0.129,0.435,Willy Adames,unavailable,228,"price, lineup, starter, weather, bullpen",No clear model edge at the available price.,rotowire_props_yes_only,SF,0.0,0.369,0.27
0.014,0 HR / 99 PA,4.33,unavailable/not used; BvP is supporting only,7.5,-8.0,0.007729,+12838,PHI@MIA,0.352,+1040,0.087719,PASS,2026-05-01,0.6,8,official_mlb_schedule,valid,1.723404,81F / 12 mph wind / 0% precip / retractable roof; status unverified,neutral,0.149,0.46,Justin Crawford,unavailable,229,"price, lineup, starter, weather, bullpen",No clear model edge at the available price.,rotowire_props_yes_only,PHI,0.0,0.308,0.282
0.045,1 HR / 93 PA,10.0,unavailable/not used; BvP is supporting only,7.5,-9.43,0.007704,+12880,TOR@MIN,0.318,+880,0.102041,PASS,2026-05-01,9.7,5,official_mlb_schedule,valid,0.931034,53F / 8 mph wind / 0% precip / open-air; roof not applicable,neutral,0.091,0.418,Victor Caratini,unavailable,230,"price, lineup, starter, weather, bullpen",No clear model edge at the available price.,draftkings,MIN,0.0,0.371,0.34
0.024,2 HR / 122 PA,10.0,unavailable/not used; BvP is supporting only,7.5,-8.2,0.007274,+13648,CIN@PIT,0.293,+1020,0.089286,PASS,2026-05-01,18.7,1,official_mlb_schedule,valid,0.264706,49F / 11 mph wind / 59% precip / open-air; roof not applicable,neutral,0.03,0.39,TJ Friedl,unavailable,231,"price, lineup, starter, weather, bullpen",No clear model edge at the available price.,rotowire_props_yes_only,CIN,0.0,0.253,0.246
0.036,2 HR / 131 PA,10.0,unavailable/not used; BvP is supporting only,7.5,-10.53,0.007022,+14141,HOU@BOS,0.429,+790,0.11236,PASS,2026-05-01,12.9,5,official_mlb_schedule,valid,1.989474,59F / 7 mph wind / 0% precip / open-air; roof not applicable,neutral,0.072,0.371,Trevor Story,unavailable,232,"price, lineup, starter, weather, bullpen",No clear model edge at the available price.,draftkings,BOS,0.0,0.311,0.251
0.055,2 HR / 137 PA,3.4,unavailable/not used; BvP is supporting only,7.5,-10.82,0.005407,+18394,TEX@DET,0.253,+780,0.113636,PASS,2026-05-01,4.9,1,official_mlb_schedule,valid,1.451613,48F / 8 mph wind / 6% precip / open-air; roof not applicable,favorable,0.147,0.467,Gleyber Torres,unavailable,233,"price, lineup, starter, weather, bullpen",No clear model edge at the available price.,draftkings,DET,0.0,0.354,0.342
0.0,0 HR / 129 PA,10.0,unavailable/not used; BvP is supporting only,7.5,-3.3,0.004,+24900,SF@TB,0.135,+2600,0.037037,PASS,2026-05-01,1.9,1,official_mlb_schedule,valid,1.35,79F / 8 mph wind / 0% precip / fixed dome,unfavorable,0.128,0.349,Chandler Simpson,unavailable,234,"price, lineup, starter, weather, bullpen",No clear model edge at the available price.,draftkings,TB,0.0,0.317,0.285
0.017,1 HR / 92 PA,4.66,unavailable/not used; BvP is supporting only,7.5,-5.62,0.004,+24900,LAD@STL,0.267,+1560,0.060241,PASS,2026-05-01,2.6,9,official_mlb_schedule,valid,1.367089,62F / 6 mph wind / 1% precip / open-air; roof not applicable,unfavorable,0.083,0.403,Victor Scott II,unavailable,235,"price, lineup, starter, weather, bullpen",No clear model edge at the available price.,draftkings,STL,0.0,0.288,0.257
0.075,1 HR / 69 PA,3.59,unavailable/not used; BvP is supporting only,5.0,-5.85,0.004,+24900,AZ@CHC,0.2,+1500,0.0625,PASS,2026-05-01,11.0,9,official_mlb_schedule,valid,0.826531,44F / 10 mph wind / 5% precip / open-air; roof not applicable,unfavorable,0.072,0.47,Jorge Barrosa,unavailable,236,game already started or completed,Confidence cap prevents a BET label.,draftkings,AZ,0.0,0.245,0.213
0.0,0 HR / 128 PA,3.93,unavailable/not used; BvP is supporting only,7.5,-6.16,0.004,+24900,SF@TB,0.19,+1425,0.065574,PASS,2026-05-01,13.9,3,official_mlb_schedule,valid,0.391304,79F / 8 mph wind / 0% precip / fixed dome,neutral,0.129,0.435,Luis Arraez,unavailable,237,"price, lineup, starter, weather, bullpen",No clear model edge at the available price.,rotowire_props_yes_only,SF,0.0,0.368,0.308
0.0,0 HR / 72 PA,10.0,unavailable/not used; BvP is supporting only,7.5,-6.45,0.004,+24900,SF@TB,0.19,+1360,0.068493,PASS,2026-05-01,16.6,9,official_mlb_schedule,valid,1.35,79F / 8 mph wind / 0% precip / fixed dome,neutral,0.128,0.349,Taylor Walls,unavailable,238,"price, lineup, starter, weather, bullpen",No clear model edge at the available price.,draftkings,TB,0.0,0.218,0.242
0.027,1 HR / 113 PA,4.66,unavailable/not used; BvP is supporting only,7.5,-6.74,0.004,+24900,LAD@STL,0.267,+1300,0.071429,PASS,2026-05-01,16.6,6,official_mlb_schedule,valid,1.367089,62F / 6 mph wind / 1% precip / open-air; roof not applicable,neutral,0.083,0.403,Masyn Winn,unavailable,239,"price, lineup, starter, weather, bullpen",No clear model edge at the available price.,draftkings,STL,0.0,0.321,0.3
0.0,0 HR / 89 PA,10.0,unavailable/not used; BvP is supporting only,7.5,-6.95,0.004,+24900,SF@TB,0.323,+1260,0.073529,PASS,2026-05-01,5.7,5,official_mlb_schedule,valid,1.35,79F / 8 mph wind / 0% precip / fixed dome,neutral,0.128,0.349,Ben Williamson,unavailable,240,"price, lineup, starter, weather, bullpen",No clear model edge at the available price.,draftkings,TB,0.0,0.317,0.287
0.012,1 HR / 111 PA,10.0,unavailable/not used; BvP is supporting only,7.5,-7.29,0.004,+24900,HOU@BOS,0.301,+1200,0.076923,PASS,2026-05-01,5.1,9,official_mlb_schedule,valid,1.989474,59F / 7 mph wind / 0% precip / open-air; roof not applicable,neutral,0.072,0.371,Caleb Durbin,unavailable,241,"price, lineup, starter, weather, bullpen",No clear model edge at the available price.,draftkings,BOS,0.0,0.286,0.272
0.02,0 HR / 88 PA,10.0,unavailable/not used; BvP is supporting only,7.5,-7.54,0.004,+24900,KC@SEA,0.122,+1160,0.079365,PASS,2026-05-01,18.4,9,official_mlb_schedule,valid,2.333333,64F / 7 mph wind / 3% precip / retractable roof; status unverified,unfavorable,0.172,0.406,Leo Rivas,unavailable,242,"price, lineup, starter, weather, bullpen",No clear model edge at the available price.,draftkings,SEA,0.0,0.236,0.245
0.011,1 HR / 119 PA,4.33,unavailable/not used; BvP is supporting only,7.5,-7.93,0.004,+24900,PHI@MIA,0.382,+1100,0.083333,PASS,2026-05-01,10.5,7,official_mlb_schedule,valid,1.723404,81F / 12 mph wind / 0% precip / retractable roof; status unverified,neutral,0.149,0.46,Alec Bohm,unavailable,243,"price, lineup, starter, weather, bullpen",No clear model edge at the available price.,rotowire_props_yes_only,PHI,0.0,0.299,0.271
,0 HR / 44 PA,5.88,unavailable/not used; BvP is supporting only,6.0,-8.15,0.004,+24900,HOU@BOS,,+1070,0.08547,PASS,2026-05-01,,9,official_mlb_schedule,valid,,59F / 7 mph wind / 0% precip / open-air; roof not applicable,unavailable,,,Dustin Harris,unavailable,244,pitch-type matchup missing,Confidence cap prevents a BET label.,rotowire_props_yes_only,HOU,0.0,,
0.03,1 HR / 131 PA,10.0,unavailable/not used; BvP is supporting only,7.5,-8.69,0.004,+24900,TOR@MIN,0.228,+1000,0.090909,PASS,2026-05-01,17.6,6,official_mlb_schedule,valid,0.931034,53F / 8 mph wind / 0% precip / open-air; roof not applicable,neutral,0.091,0.418,Luke Keaschall,unavailable,245,"price, lineup, starter, weather, bullpen",No clear model edge at the available price.,draftkings,MIN,0.0,0.322,0.268
0.032,0 HR / 91 PA,10.0,unavailable/not used; BvP is supporting only,7.5,-8.86,0.004,+24900,MIL@WSH,0.279,+980,0.092593,PASS,2026-05-01,9.4,9,official_mlb_schedule,valid,1.213483,67F / 10 mph wind / 1% precip / open-air; roof not applicable,favorable,0.125,0.512,David Hamilton,unavailable,246,"price, lineup, starter, weather, bullpen",No clear model edge at the available price.,rotowire_props_yes_only,MIL,0.0,0.313,0.3
0.023,1 HR / 141 PA,10.0,unavailable/not used; BvP is supporting only,7.5,-8.95,0.004,+24900,PHI@MIA,0.384,+970,0.093458,PASS,2026-05-01,18.0,1,official_mlb_schedule,valid,0.0,81F / 12 mph wind / 0% precip / retractable roof; status unverified,unfavorable,,,Jakob Marsee,unavailable,247,"price, lineup, starter, weather, bullpen",No clear model edge at the available price.,draftkings,MIA,0.0,0.272,0.276
0.023,0 HR / 70 PA,5.48,unavailable/not used; BvP is supporting only,7.5,-9.36,0.004,+24900,BAL@NYY,0.488,+925,0.097561,PASS,2026-05-01,11.0,9,official_mlb_schedule,valid,0.861702,58F / 10 mph wind / 2% precip / open-air; roof not applicable,neutral,0.06,0.429,Blaze Alexander,unavailable,248,"price, lineup, starter, weather, bullpen",No clear model edge at the available price.,rotowire_props_yes_only,BAL,0.0,0.354,0.314
,0 HR /  PA,4.52,unavailable/not used; BvP is supporting only,6.0,-9.8,0.004,+24900,CWS@SD,,+880,0.102041,PASS,2026-05-01,,5,Expected Lineup,valid,0.586957,64F / 5 mph wind / 0% precip / open-air; roof not applicable,unavailable,0.056,0.333,Miguel Andujar,unavailable,249,official lineup missing; pitch-type matchup missing,Confidence cap prevents a BET label.,draftkings,SD,0.0,,
0.039,0 HR / 74 PA,10.0,unavailable/not used; BvP is supporting only,7.5,-10.35,0.004,+24900,CIN@PIT,0.353,+830,0.107527,PASS,2026-05-01,16.4,9,official_mlb_schedule,valid,1.551724,49F / 11 mph wind / 59% precip / open-air; roof not applicable,neutral,0.085,0.462,Henry Davis,unavailable,250,"price, lineup, starter, weather, bullpen",No clear model edge at the available price.,draftkings,PIT,0.0,0.221,0.227
,0 HR /  PA,4.52,unavailable/not used; BvP is supporting only,6.0,-11.23,0.004,+24900,CWS@SD,,+760,0.116279,PASS,2026-05-01,,8,Expected Lineup,valid,0.586957,64F / 5 mph wind / 0% precip / open-air; roof not applicable,unavailable,0.056,0.333,Ty France,unavailable,251,official lineup missing; pitch-type matchup missing,Confidence cap prevents a BET label.,draftkings,SD,0.0,,
0.025,3 HR / 112 PA,10.0,unavailable/not used; BvP is supporting only,7.5,-11.5,0.004,+24900,BAL@NYY,0.275,+740,0.119048,PASS,2026-05-01,9.4,7,official_mlb_schedule,valid,0.72973,58F / 10 mph wind / 2% precip / open-air; roof not applicable,unfavorable,0.079,0.395,José Caballero,unavailable,252,"price, lineup, starter, weather, bullpen",No clear model edge at the available price.,draftkings,NYY,0.0,0.291,0.249
0.068,3 HR / 129 PA,5.88,unavailable/not used; BvP is supporting only,6.0,-12.1,0.004,+24900,HOU@BOS,0.364,+700,0.125,PASS,2026-05-01,5.9,5,official_mlb_schedule,valid,,59F / 7 mph wind / 0% precip / open-air; roof not applicable,unavailable,,,Jose Altuve,unavailable,253,pitch-type matchup missing,Confidence cap prevents a BET label.,rotowire_props_yes_only,HOU,0.0,0.374,0.324
0.067,2 HR / 90 PA,5.48,unavailable/not used; BvP is supporting only,7.5,-12.26,0.004,+24900,BAL@NYY,0.4,+690,0.126582,PASS,2026-05-01,17.3,6,official_mlb_schedule,valid,0.861702,58F / 10 mph wind / 2% precip / open-air; roof not applicable,neutral,0.06,0.429,Dylan Beavers,unavailable,254,"price, lineup, starter, weather, bullpen",No clear model edge at the available price.,rotowire_props_yes_only,BAL,0.0,0.379,0.303
,0 HR /  PA,4.52,unavailable/not used; BvP is supporting only,6.0,-12.42,0.004,+24900,CWS@SD,,+680,0.128205,PASS,2026-05-01,,6,Expected Lineup,valid,0.586957,64F / 5 mph wind / 0% precip / open-air; roof not applicable,unavailable,0.056,0.333,Xander Bogaerts,unavailable,255,official lineup missing; pitch-type matchup missing,Confidence cap prevents a BET label.,draftkings,SD,0.0,,
,0 HR /  PA,4.52,unavailable/not used; BvP is supporting only,6.0,-12.93,0.004,+24900,CWS@SD,,+650,0.133333,PASS,2026-05-01,,7,Expected Lineup,valid,0.586957,64F / 5 mph wind / 0% precip / open-air; roof not applicable,unavailable,0.056,0.333,Nick Castellanos,unavailable,256,official lineup missing; pitch-type matchup missing,Confidence cap prevents a BET label.,draftkings,SD,0.0,,
,0 HR / 31 PA,3.93,unavailable/not used; BvP is supporting only,7.5,-13.3,0.004,+24900,SF@TB,,+630,0.136986,PASS,2026-05-01,,8,official_mlb_schedule,valid,0.391304,79F / 8 mph wind / 0% precip / fixed dome,neutral,0.129,0.435,Jerar Encarnacion,unavailable,257,"price, lineup, starter, weather, bullpen",No clear model edge at the available price.,rotowire_props_yes_only,SF,0.0,,
,0 HR /  PA,4.52,unavailable/not used; BvP is supporting only,6.0,-13.49,0.004,+24900,CWS@SD,,+620,0.138889,PASS,2026-05-01,,3,Expected Lineup,valid,0.586957,64F / 5 mph wind / 0% precip / open-air; roof not applicable,unavailable,0.056,0.333,Jackson Merrill,unavailable,258,official lineup missing; pitch-type matchup missing,Confidence cap prevents a BET label.,draftkings,SD,0.0,,
0.053,1 HR / 144 PA,5.48,unavailable/not used; BvP is supporting only,7.5,-14.41,0.004,+24900,BAL@NYY,0.379,+575,0.148148,PASS,2026-05-01,14.8,2,official_mlb_schedule,valid,0.861702,58F / 10 mph wind / 2% precip / open-air; roof not applicable,favorable,0.06,0.429,Taylor Ward,unavailable,259,"price, lineup, starter, weather, bullpen",No clear model edge at the available price.,rotowire_props_yes_only,BAL,0.0,0.431,0.387
0.045,1 HR / 133 PA,3.93,unavailable/not used; BvP is supporting only,7.5,-14.41,0.004,+24900,SF@TB,0.337,+575,0.148148,PASS,2026-05-01,6.5,2,official_mlb_schedule,valid,0.391304,79F / 8 mph wind / 0% precip / fixed dome,favorable,0.129,0.435,Matt Chapman,unavailable,260,"price, lineup, starter, weather, bullpen",No clear model edge at the available price.,rotowire_props_yes_only,SF,0.0,0.299,0.284
,0 HR /  PA,4.52,unavailable/not used; BvP is supporting only,6.0,-15.86,0.004,+24900,CWS@SD,,+515,0.162602,PASS,2026-05-01,,1,Expected Lineup,valid,0.586957,64F / 5 mph wind / 0% precip / open-air; roof not applicable,unavailable,0.056,0.333,Ramon Laureano,unavailable,261,official lineup missing; pitch-type matchup missing,Confidence cap prevents a BET label.,draftkings,SD,0.0,,
0.073,2 HR / 129 PA,3.93,unavailable/not used; BvP is supporting only,7.5,-16.9,0.004,+24900,SF@TB,0.415,+478,0.17301,PASS,2026-05-01,10.2,5,official_mlb_schedule,valid,0.391304,79F / 8 mph wind / 0% precip / fixed dome,neutral,0.129,0.435,Rafael Devers,unavailable,262,"price, lineup, starter, weather, bullpen",No clear model edge at the available price.,rotowire_props_yes_only,SF,0.0,0.342,0.26
,0 HR /  PA,4.52,unavailable/not used; BvP is supporting only,6.0,-18.33,0.004,+24900,CWS@SD,,+434,0.187266,PASS,2026-05-01,,4,Expected Lineup,valid,0.586957,64F / 5 mph wind / 0% precip / open-air; roof not applicable,unavailable,0.056,0.333,Manny Machado,unavailable,263,official lineup missing; pitch-type matchup missing,Confidence cap prevents a BET label.,draftkings,SD,0.0,,
,0 HR /  PA,4.52,unavailable/not used; BvP is supporting only,6.0,-19.76,0.004,+24900,CWS@SD,,+396,0.201613,PASS,2026-05-01,,2,Expected Lineup,valid,0.586957,64F / 5 mph wind / 0% precip / open-air; roof not applicable,unavailable,0.056,0.333,Fernando Tatis,unavailable,264,official lineup missing; pitch-type matchup missing,Confidence cap prevents a BET label.,draftkings,SD,0.0,,
0.017,0 HR / 76 PA,10.0,unavailable/not used; BvP is supporting only,5.8,,0.004,+24900,MIL@WSH,0.241,,,WATCHLIST,,9.6,7,official_mlb_schedule,missing,1.102041,67F / 10 mph wind / 1% precip / open-air; roof not applicable,neutral,0.044,0.368,Jorbit Vivas,unavailable,265,prop price missing,Missing current/timestamped prop price; cannot be a bet.,,WSH,0.0,0.299,0.305
,0 HR / 58 PA,10.0,unavailable/not used; BvP is supporting only,5.8,,0.004,+24900,MIL@WSH,,,,WATCHLIST,,,8,official_mlb_schedule,missing,1.102041,67F / 10 mph wind / 1% precip / open-air; roof not applicable,neutral,0.044,0.368,Drew Millas,unavailable,266,prop price missing,Missing current/timestamped prop price; cannot be a bet.,,WSH,0.0,,
0.048,2 HR / 108 PA,10.0,unavailable/not used; BvP is supporting only,5.8,,0.004,+24900,MIL@WSH,0.349,,,WATCHLIST,,9.4,9,official_mlb_schedule,missing,1.102041,67F / 10 mph wind / 1% precip / open-air; roof not applicable,neutral,0.044,0.368,Jacob Young,unavailable,267,prop price missing,Missing current/timestamped prop price; cannot be a bet.,,WSH,0.0,0.386,0.31
,0 HR / 4 PA,10.0,unavailable/not used; BvP is supporting only,5.8,,0.004,+24900,PHI@MIA,,,,WATCHLIST,,,8,official_mlb_schedule,missing,0.0,81F / 12 mph wind / 0% precip / retractable roof; status unverified,neutral,,,Christopher Morel,unavailable,268,prop price missing,Missing current/timestamped prop price; cannot be a bet.,,MIA,0.0,,
0.018,0 HR / 68 PA,10.0,unavailable/not used; BvP is supporting only,5.8,,0.004,+24900,PHI@MIA,0.327,,,WATCHLIST,,11.3,9,official_mlb_schedule,missing,0.0,81F / 12 mph wind / 0% precip / retractable roof; status unverified,neutral,,,Javier Sanoja,unavailable,269,prop price missing,Missing current/timestamped prop price; cannot be a bet.,,MIA,0.0,0.284,0.269
,0 HR /  PA,4.52,unavailable/not used; BvP is supporting only,5.8,,0.004,+24900,CWS@SD,,,,WATCHLIST,,,9,Expected Lineup,missing,0.586957,64F / 5 mph wind / 0% precip / open-air; roof not applicable,unavailable,0.056,0.333,Luis Campusano,unavailable,270,official lineup missing; prop price missing; pitch-type matchup missing,Missing current/timestamped prop price; cannot be a bet.,,SD,0.0,,
