average_exit_velocity,avg,barrel_pct,bat_speed,bats,batter_vs_main_pitch_types,batter_vs_velocity_band,bb_pct,bvp_2b,bvp_3b,bvp_ab,bvp_avg,bvp_bb,bvp_h,bvp_hr,bvp_k,bvp_ops,bvp_pa,bvp_sample_warning,bvp_slg,confidence_cap_hr,confidence_cap_tb,current_streak,game,hard_hit_pct,hit_prop_line_odds,home_road_split,hr,hr_edge_pct,hr_fair_odds,hr_fair_probability,hr_implied_probability,hr_market_odds_status,hr_odds,iso,k_pct,last_14_days,last_30_days,last_7_days,launch_angle,lineup_spot,lineup_status,model_confidence,obp,opponent,opposing_pitcher_handedness,opposing_pitcher_pitch_mix,ops,pa,pitch_type_explanation,pitch_type_matchup,pitcher_whiff_chase_contact_allowed,player_id,player_name,position,recommendation_label_hr,recommendation_label_tb,slg,split_vs_lhp,split_vs_rhp,squared_up_rate,starter_opposing_pitcher,sweet_spot_pct,tb_edge_pct,tb_fair_odds,tb_fair_probability,tb_implied_probability,team,throws,total_bases_line,total_bases_market_odds_status,total_bases_odds,what_kills_the_prop,woba,wrc_plus,xba,xslg,xwoba
85.8,0.247,0.025,,S,"4-Seam Fastball: batter est_wOBA 0.432, est_SLG 0.496, pitcher allowed est_wOBA 0.362; Split-Finger: batter est_wOBA 0.195, est_SLG 0.149, pitcher allowed est_wOBA 0.259",unavailable,0.156522,,,,,,,,,,,BvP fetch not used in model; point-in-time safe history unavailable,,5.0,5.0,unavailable,AZ@CHC,0.253,unavailable,unavailable,2,-5.02,+11501,0.00862,0.058824,valid,+1600,0.162,0.121739,"{""avg"": 0.3333333333333333, ""games"": 8, ""hr_rate"": 0.0, ""ops"": 1.0631808278867103, ""pa"": 34, ""slg"": 0.5925925925925926, ""tb_rate"": 0.47058823529411764}","{""avg"": 0.22857142857142856, ""games"": 22, ""hr_rate"": 0.0, ""ops"": 0.6984126984126984, ""pa"": 90, ""slg"": 0.34285714285714286, ""tb_rate"": 0.26666666666666666}","{""avg"": 0.0, ""games"": 3, ""hr_rate"": 0.0, ""ops"": 0.3333333333333333, ""pa"": 12, ""slg"": 0.0, ""tb_rate"": 0.0}",9.6,1,official_mlb_schedule,High,0.363,CHC,R,4-Seam Fastball 39.4%; Split-Finger 18.3%; Slider 12.7%; Sinker 8.5%,0.772,115,"4-Seam Fastball: batter est_wOBA 0.432, est_SLG 0.496, pitcher allowed est_wOBA 0.362; Split-Finger: batter est_wOBA 0.195, est_SLG 0.149, pitcher allowed est_wOBA 0.259",neutral,"4-Seam Fastball: batter est_wOBA 0.432, est_SLG 0.496, pitcher allowed est_wOBA 0.362; Split-Finger: batter est_wOBA 0.195, est_SLG 0.149, pitcher allowed est_wOBA 0.259",672695,Geraldo Perdomo,SS,PASS,PASS,0.409,unavailable,unavailable,,Colin Rea,0.304,,+367,0.213907,,AZ,R,1.5,invalid_or_outlier_market_odds,+550,"lineup/starter change, price move through pass threshold, roof/weather change, or missing pitch-type/Statcast source conflict",,,0.234,0.308,0.321
87.2,0.404,0.063,,S,"4-Seam Fastball: batter est_wOBA 0.483, est_SLG 0.633, pitcher allowed est_wOBA 0.362; Split-Finger: batter est_wOBA 0.209, est_SLG 0.250, pitcher allowed est_wOBA 0.259",unavailable,0.030303,,,,,,,,,,,BvP fetch not used in model; point-in-time safe history unavailable,,5.0,5.0,unavailable,AZ@CHC,0.35,unavailable,unavailable,6,3.98,+988,0.091903,0.052083,valid,+1820,0.298,0.111111,"{""avg"": 0.37209302325581395, ""games"": 11, ""hr_rate"": 0.08695652173913043, ""ops"": 1.0904954499494437, ""pa"": 46, ""slg"": 0.7209302325581395, ""tb_rate"": 0.6739130434782609}","{""avg"": 0.37209302325581395, ""games"": 22, ""hr_rate"": 0.054945054945054944, ""ops"": 1.0474060822898033, ""pa"": 91, ""slg"": 0.6627906976744186, ""tb_rate"": 0.6263736263736264}","{""avg"": 0.45, ""games"": 5, ""hr_rate"": 0.045454545454545456, ""ops"": 1.2045454545454546, ""pa"": 22, ""slg"": 0.75, ""tb_rate"": 0.6818181818181818}",7.2,2,official_mlb_schedule,High,0.423,CHC,R,4-Seam Fastball 39.4%; Split-Finger 18.3%; Slider 12.7%; Sinker 8.5%,1.125,99,"4-Seam Fastball: batter est_wOBA 0.483, est_SLG 0.633, pitcher allowed est_wOBA 0.362; Split-Finger: batter est_wOBA 0.209, est_SLG 0.250, pitcher allowed est_wOBA 0.259",favorable,"4-Seam Fastball: batter est_wOBA 0.483, est_SLG 0.633, pitcher allowed est_wOBA 0.362; Split-Finger: batter est_wOBA 0.209, est_SLG 0.250, pitcher allowed est_wOBA 0.259",545121,Ildemaro Vargas,2B,LOTTERY,PASS,0.702,unavailable,unavailable,,Colin Rea,0.4,,+134,0.427066,,AZ,R,1.5,invalid_or_outlier_market_odds,+450,"lineup/starter change, price move through pass threshold, roof/weather change, or missing pitch-type/Statcast source conflict",,,0.351,0.52,0.384
89.8,0.284,0.134,,L,"4-Seam Fastball: batter est_wOBA 0.457, est_SLG 0.547, pitcher allowed est_wOBA 0.362; Split-Finger: batter est_wOBA 0.218, est_SLG 0.259, pitcher allowed est_wOBA 0.259",unavailable,0.133333,,,,,,,,,,,BvP fetch not used in model; point-in-time safe history unavailable,,5.0,5.0,unavailable,AZ@CHC,0.388,unavailable,unavailable,4,-5.74,+1313,0.070755,0.128205,valid,+680,0.265,0.283333,"{""avg"": 0.2702702702702703, ""games"": 11, ""hr_rate"": 0.044444444444444446, ""ops"": 0.8912912912912913, ""pa"": 45, ""slg"": 0.5135135135135135, ""tb_rate"": 0.4222222222222222}","{""avg"": 0.3, ""games"": 23, ""hr_rate"": 0.031578947368421054, ""ops"": 0.9625, ""pa"": 95, ""slg"": 0.5625, ""tb_rate"": 0.47368421052631576}","{""avg"": 0.29411764705882354, ""games"": 5, ""hr_rate"": 0.05, ""ops"": 0.8794117647058823, ""pa"": 20, ""slg"": 0.5294117647058824, ""tb_rate"": 0.45}",8.7,3,official_mlb_schedule,High,0.383,CHC,R,4-Seam Fastball 39.4%; Split-Finger 18.3%; Slider 12.7%; Sinker 8.5%,0.932,120,"4-Seam Fastball: batter est_wOBA 0.457, est_SLG 0.547, pitcher allowed est_wOBA 0.362; Split-Finger: batter est_wOBA 0.218, est_SLG 0.259, pitcher allowed est_wOBA 0.259",neutral,"4-Seam Fastball: batter est_wOBA 0.457, est_SLG 0.547, pitcher allowed est_wOBA 0.362; Split-Finger: batter est_wOBA 0.218, est_SLG 0.259, pitcher allowed est_wOBA 0.259",682998,Corbin Carroll,RF,PASS,PASS,0.549,unavailable,unavailable,,Colin Rea,0.358,,+190,0.34488,,AZ,L,1.5,invalid_or_outlier_market_odds,+750,"lineup/starter change, price move through pass threshold, roof/weather change, or missing pitch-type/Statcast source conflict",,,0.251,0.481,0.367
,0.21,,,L,"4-Seam Fastball: batter est_wOBA 0.368, est_SLG 0.587, pitcher allowed est_wOBA 0.362; Split-Finger: batter est_wOBA 0.148, est_SLG 0.226, pitcher allowed est_wOBA 0.259",unavailable,0.046154,,,,,,,,,,,BvP fetch not used in model; point-in-time safe history unavailable,,5.0,5.0,unavailable,AZ@CHC,,unavailable,unavailable,2,-6.91,+3593,0.027075,0.096154,valid,+940,0.145,0.323077,"{""avg"": 0.125, ""games"": 9, ""hr_rate"": 0.02857142857142857, ""ops"": 0.48125, ""pa"": 35, ""slg"": 0.28125, ""tb_rate"": 0.2571428571428571}","{""avg"": 0.20689655172413793, ""games"": 16, ""hr_rate"": 0.03278688524590164, ""ops"": 0.6079706048615037, ""pa"": 61, ""slg"": 0.3620689655172414, ""tb_rate"": 0.3442622950819672}","{""avg"": 0.0625, ""games"": 5, ""hr_rate"": 0.05555555555555555, ""ops"": 0.41666666666666663, ""pa"": 18, ""slg"": 0.25, ""tb_rate"": 0.2222222222222222}",,4,official_mlb_schedule,High,0.246,CHC,R,4-Seam Fastball 39.4%; Split-Finger 18.3%; Slider 12.7%; Sinker 8.5%,0.601,65,"4-Seam Fastball: batter est_wOBA 0.368, est_SLG 0.587, pitcher allowed est_wOBA 0.362; Split-Finger: batter est_wOBA 0.148, est_SLG 0.226, pitcher allowed est_wOBA 0.259",neutral,"4-Seam Fastball: batter est_wOBA 0.368, est_SLG 0.587, pitcher allowed est_wOBA 0.362; Split-Finger: batter est_wOBA 0.148, est_SLG 0.226, pitcher allowed est_wOBA 0.259",680728,Adrian Del Castillo,DH,PASS,PASS,0.355,unavailable,unavailable,,Colin Rea,,,+535,0.157523,,AZ,R,1.5,invalid_or_outlier_market_odds,+462,"lineup/starter change, price move through pass threshold, roof/weather change, or missing pitch-type/Statcast source conflict",,,,,
,0.25,,,R,"4-Seam Fastball: batter est_wOBA 0.345, est_SLG 0.451, pitcher allowed est_wOBA 0.362; Split-Finger: batter split unavailable",unavailable,0.061224,,,,,,,,,,,BvP fetch not used in model; point-in-time safe history unavailable,,5.0,5.0,unavailable,AZ@CHC,,unavailable,unavailable,0,-6.15,+4777,0.020503,0.081967,valid,+1120,0.114,0.204082,"{""avg"": null, ""games"": 0, ""hr_rate"": null, ""ops"": null, ""pa"": 0, ""slg"": null, ""tb_rate"": null}","{""avg"": 0.25, ""games"": 9, ""hr_rate"": 0.0, ""ops"": 0.6607142857142857, ""pa"": 28, ""slg"": 0.375, ""tb_rate"": 0.32142857142857145}","{""avg"": null, ""games"": 0, ""hr_rate"": null, ""ops"": null, ""pa"": 0, ""slg"": null, ""tb_rate"": null}",,5,official_mlb_schedule,Medium,0.306,CHC,R,4-Seam Fastball 39.4%; Split-Finger 18.3%; Slider 12.7%; Sinker 8.5%,0.67,49,"4-Seam Fastball: batter est_wOBA 0.345, est_SLG 0.451, pitcher allowed est_wOBA 0.362; Split-Finger: batter split unavailable",neutral,"4-Seam Fastball: batter est_wOBA 0.345, est_SLG 0.451, pitcher allowed est_wOBA 0.362; Split-Finger: batter split unavailable",672515,Gabriel Moreno,C,PASS,PASS,0.364,unavailable,unavailable,,Colin Rea,,,+482,0.171905,,AZ,R,1.5,invalid_or_outlier_market_odds,+50,"lineup/starter change, price move through pass threshold, roof/weather change, or missing pitch-type/Statcast source conflict",,,,,
89.3,0.322,0.063,,R,"4-Seam Fastball: batter est_wOBA 0.382, est_SLG 0.513, pitcher allowed est_wOBA 0.362; Split-Finger: batter est_wOBA 0.000, est_SLG unavailable, pitcher allowed est_wOBA 0.259",unavailable,0.033333,,,,,,,,,,,BvP fetch not used in model; point-in-time safe history unavailable,,5.0,5.0,unavailable,AZ@CHC,0.453,unavailable,unavailable,3,-2.45,+2224,0.04303,0.067568,valid,+1380,0.138,0.211111,"{""avg"": 0.35294117647058826, ""games"": 11, ""hr_rate"": 0.02702702702702703, ""ops"": 0.875993640699523, ""pa"": 37, ""slg"": 0.47058823529411764, ""tb_rate"": 0.43243243243243246}","{""avg"": 0.3037974683544304, ""games"": 24, ""hr_rate"": 0.012195121951219513, ""ops"": 0.7090151281259649, ""pa"": 82, ""slg"": 0.379746835443038, ""tb_rate"": 0.36585365853658536}","{""avg"": 0.4, ""games"": 5, ""hr_rate"": 0.0625, ""ops"": 1.1041666666666665, ""pa"": 16, ""slg"": 0.6666666666666666, ""tb_rate"": 0.625}",14.0,6,official_mlb_schedule,High,0.344,CHC,R,4-Seam Fastball 39.4%; Split-Finger 18.3%; Slider 12.7%; Sinker 8.5%,0.804,90,"4-Seam Fastball: batter est_wOBA 0.382, est_SLG 0.513, pitcher allowed est_wOBA 0.362; Split-Finger: batter est_wOBA 0.000, est_SLG unavailable, pitcher allowed est_wOBA 0.259",neutral,"4-Seam Fastball: batter est_wOBA 0.382, est_SLG 0.513, pitcher allowed est_wOBA 0.362; Split-Finger: batter est_wOBA 0.000, est_SLG unavailable, pitcher allowed est_wOBA 0.259",699912,Jose Fernandez,1B,PASS,PASS,0.46,unavailable,unavailable,,Colin Rea,0.297,-3.22,+251,0.285272,0.31746,AZ,R,1.5,valid,+215,"lineup/starter change, price move through pass threshold, roof/weather change, or missing pitch-type/Statcast source conflict",,,0.267,0.411,0.306
83.2,0.275,0.076,,R,"4-Seam Fastball: batter est_wOBA 0.406, est_SLG 0.608, pitcher allowed est_wOBA 0.362; Split-Finger: batter est_wOBA 0.000, est_SLG unavailable, pitcher allowed est_wOBA 0.259",unavailable,0.055046,,,,,,,,,,,BvP fetch not used in model; point-in-time safe history unavailable,,5.0,5.0,unavailable,AZ@CHC,0.253,unavailable,unavailable,5,-2.64,+2021,0.047146,0.073529,valid,+1260,0.166,0.201835,"{""avg"": 0.4, ""games"": 11, ""hr_rate"": 0.075, ""ops"": 1.1607142857142856, ""pa"": 40, ""slg"": 0.6857142857142857, ""tb_rate"": 0.6}","{""avg"": 0.3048780487804878, ""games"": 24, ""hr_rate"": 0.056179775280898875, ""ops"": 0.8605097286927925, ""pa"": 89, ""slg"": 0.5121951219512195, ""tb_rate"": 0.47191011235955055}","{""avg"": 0.35714285714285715, ""games"": 5, ""hr_rate"": 0.058823529411764705, ""ops"": 1.042016806722689, ""pa"": 17, ""slg"": 0.5714285714285714, ""tb_rate"": 0.47058823529411764}",21.3,7,official_mlb_schedule,High,0.312,CHC,R,4-Seam Fastball 39.4%; Split-Finger 18.3%; Slider 12.7%; Sinker 8.5%,0.753,109,"4-Seam Fastball: batter est_wOBA 0.406, est_SLG 0.608, pitcher allowed est_wOBA 0.362; Split-Finger: batter est_wOBA 0.000, est_SLG unavailable, pitcher allowed est_wOBA 0.259",neutral,"4-Seam Fastball: batter est_wOBA 0.406, est_SLG 0.608, pitcher allowed est_wOBA 0.362; Split-Finger: batter est_wOBA 0.000, est_SLG unavailable, pitcher allowed est_wOBA 0.259",571448,Nolan Arenado,3B,PASS,PASS,0.441,unavailable,unavailable,,Colin Rea,0.342,-1.89,+258,0.279567,0.298507,AZ,R,1.5,valid,+235,"lineup/starter change, price move through pass threshold, roof/weather change, or missing pitch-type/Statcast source conflict",,,0.261,0.402,0.307
89.4,0.184,0.075,,L,"4-Seam Fastball: batter est_wOBA 0.403, est_SLG 0.571, pitcher allowed est_wOBA 0.362; Split-Finger: batter est_wOBA 0.222, est_SLG 0.306, pitcher allowed est_wOBA 0.259",unavailable,0.032609,,,,,,,,,,,BvP fetch not used in model; point-in-time safe history unavailable,,5.0,5.0,unavailable,AZ@CHC,0.418,unavailable,unavailable,2,-1.97,+1873,0.050685,0.070423,valid,+1320,0.161,0.228261,"{""avg"": 0.2903225806451613, ""games"": 9, ""hr_rate"": 0.0625, ""ops"": 0.8931451612903226, ""pa"": 32, ""slg"": 0.5806451612903226, ""tb_rate"": 0.5625}","{""avg"": 0.19696969696969696, ""games"": 19, ""hr_rate"": 0.02857142857142857, ""ops"": 0.577922077922078, ""pa"": 70, ""slg"": 0.36363636363636365, ""tb_rate"": 0.34285714285714286}","{""avg"": 0.16666666666666666, ""games"": 5, ""hr_rate"": 0.05555555555555555, ""ops"": 0.5, ""pa"": 18, ""slg"": 0.3333333333333333, ""tb_rate"": 0.3333333333333333}",12.6,8,official_mlb_schedule,High,0.22,CHC,R,4-Seam Fastball 39.4%; Split-Finger 18.3%; Slider 12.7%; Sinker 8.5%,0.565,92,"4-Seam Fastball: batter est_wOBA 0.403, est_SLG 0.571, pitcher allowed est_wOBA 0.362; Split-Finger: batter est_wOBA 0.222, est_SLG 0.306, pitcher allowed est_wOBA 0.259",neutral,"4-Seam Fastball: batter est_wOBA 0.403, est_SLG 0.571, pitcher allowed est_wOBA 0.362; Split-Finger: batter est_wOBA 0.222, est_SLG 0.306, pitcher allowed est_wOBA 0.259",677950,Alek Thomas,CF,PASS,PASS,0.345,unavailable,unavailable,,Colin Rea,0.358,-22.48,+263,0.275207,0.5,AZ,L,1.5,valid,+100,"lineup/starter change, price move through pass threshold, roof/weather change, or missing pitch-type/Statcast source conflict",,,0.234,0.401,0.29
85.7,0.222,0.075,,S,"4-Seam Fastball: batter est_wOBA 0.213, est_SLG 0.236, pitcher allowed est_wOBA 0.362; Split-Finger: batter est_wOBA 0.173, est_SLG 0.197, pitcher allowed est_wOBA 0.259",unavailable,0.043478,,,,,,,,,,,BvP fetch not used in model; point-in-time safe history unavailable,,5.0,5.0,unavailable,AZ@CHC,0.2,unavailable,unavailable,1,-5.85,+24900,0.004,0.0625,valid,+1500,0.222,0.318841,"{""avg"": 0.06666666666666667, ""games"": 10, ""hr_rate"": 0.058823529411764705, ""ops"": 0.38431372549019605, ""pa"": 17, ""slg"": 0.26666666666666666, ""tb_rate"": 0.23529411764705882}","{""avg"": 0.19298245614035087, ""games"": 22, ""hr_rate"": 0.015873015873015872, ""ops"": 0.6081871345029239, ""pa"": 63, ""slg"": 0.38596491228070173, ""tb_rate"": 0.3492063492063492}","{""avg"": 0.0, ""games"": 5, ""hr_rate"": 0.0, ""ops"": 0.0, ""pa"": 3, ""slg"": 0.0, ""tb_rate"": 0.0}",11.0,9,official_mlb_schedule,High,0.269,CHC,R,4-Seam Fastball 39.4%; Split-Finger 18.3%; Slider 12.7%; Sinker 8.5%,0.713,69,"4-Seam Fastball: batter est_wOBA 0.213, est_SLG 0.236, pitcher allowed est_wOBA 0.362; Split-Finger: batter est_wOBA 0.173, est_SLG 0.197, pitcher allowed est_wOBA 0.259",unfavorable,"4-Seam Fastball: batter est_wOBA 0.213, est_SLG 0.236, pitcher allowed est_wOBA 0.362; Split-Finger: batter est_wOBA 0.173, est_SLG 0.197, pitcher allowed est_wOBA 0.259",678489,Jorge Barrosa,LF,PASS,PASS,0.444,unavailable,unavailable,,Colin Rea,0.375,,+1567,0.06,,AZ,L,1.5,invalid_or_outlier_market_odds,+350,"lineup/starter change, price move through pass threshold, roof/weather change, or missing pitch-type/Statcast source conflict",,,0.171,0.245,0.213
86.3,0.297,0.026,,R,"4-Seam Fastball: batter est_wOBA 0.389, est_SLG 0.458, pitcher allowed est_wOBA 0.362; Slider: batter est_wOBA 0.360, est_SLG 0.423, pitcher allowed est_wOBA 0.283",unavailable,0.088435,,,,,,,,,,,BvP fetch not used in model; point-in-time safe history unavailable,,5.0,5.0,unavailable,AZ@CHC,0.261,unavailable,unavailable,4,-2.49,+3579,0.02718,0.052083,valid,+1820,0.164,0.095238,"{""avg"": 0.25, ""games"": 13, ""hr_rate"": 0.031746031746031744, ""ops"": 0.6607142857142857, ""pa"": 63, ""slg"": 0.375, ""tb_rate"": 0.3333333333333333}","{""avg"": 0.3, ""games"": 26, ""hr_rate"": 0.032, ""ops"": 0.8076363636363636, ""pa"": 125, ""slg"": 0.4636363636363636, ""tb_rate"": 0.408}","{""avg"": 0.24, ""games"": 6, ""hr_rate"": 0.0, ""ops"": 0.5657142857142857, ""pa"": 28, ""slg"": 0.28, ""tb_rate"": 0.25}",16.5,1,official_mlb_schedule,High,0.374,AZ,R,4-Seam Fastball 38.3%; Slider 24.8%; Curveball 19.4%; Changeup 12.9%,0.835,147,"4-Seam Fastball: batter est_wOBA 0.389, est_SLG 0.458, pitcher allowed est_wOBA 0.362; Slider: batter est_wOBA 0.360, est_SLG 0.423, pitcher allowed est_wOBA 0.283",neutral,"4-Seam Fastball: batter est_wOBA 0.389, est_SLG 0.458, pitcher allowed est_wOBA 0.362; Slider: batter est_wOBA 0.360, est_SLG 0.423, pitcher allowed est_wOBA 0.283",663538,Nico Hoerner,2B,PASS,PASS,0.461,unavailable,unavailable,,Zac Gallen,0.391,-7.01,+364,0.21566,0.285714,CHC,R,1.5,valid,+250,"lineup/starter change, price move through pass threshold, roof/weather change, or missing pitch-type/Statcast source conflict",,,0.298,0.396,0.344
91.8,0.324,0.117,,L,"4-Seam Fastball: batter est_wOBA 0.495, est_SLG 0.773, pitcher allowed est_wOBA 0.362; Slider: batter est_wOBA 0.277, est_SLG 0.231, pitcher allowed est_wOBA 0.283",unavailable,0.096386,,,,,,,,,,,BvP fetch not used in model; point-in-time safe history unavailable,,5.0,5.0,unavailable,AZ@CHC,0.533,unavailable,unavailable,5,0.36,+696,0.125597,0.121951,valid,+720,0.271,0.156627,"{""avg"": 0.3333333333333333, ""games"": 12, ""hr_rate"": 0.08108108108108109, ""ops"": 1.1326781326781328, ""pa"": 37, ""slg"": 0.7272727272727273, ""tb_rate"": 0.6486486486486487}","{""avg"": 0.38181818181818183, ""games"": 22, ""hr_rate"": 0.08196721311475409, ""ops"": 1.1716840536512667, ""pa"": 61, ""slg"": 0.7454545454545455, ""tb_rate"": 0.6721311475409836}","{""avg"": 0.2, ""games"": 5, ""hr_rate"": 0.09090909090909091, ""ops"": 0.8227272727272728, ""pa"": 22, ""slg"": 0.55, ""tb_rate"": 0.5}",11.8,2,official_mlb_schedule,High,0.386,AZ,R,4-Seam Fastball 38.3%; Slider 24.8%; Curveball 19.4%; Changeup 12.9%,0.981,83,"4-Seam Fastball: batter est_wOBA 0.495, est_SLG 0.773, pitcher allowed est_wOBA 0.362; Slider: batter est_wOBA 0.277, est_SLG 0.231, pitcher allowed est_wOBA 0.283",favorable,"4-Seam Fastball: batter est_wOBA 0.495, est_SLG 0.773, pitcher allowed est_wOBA 0.362; Slider: batter est_wOBA 0.277, est_SLG 0.231, pitcher allowed est_wOBA 0.283",694208,Moisés Ballesteros,DH,PASS,PASS,0.595,unavailable,unavailable,,Zac Gallen,0.4,,+108,0.481428,,CHC,R,0.5,invalid_or_outlier_market_odds,+525,"lineup/starter change, price move through pass threshold, roof/weather change, or missing pitch-type/Statcast source conflict",,,0.287,0.5,0.364
90.4,0.258,0.077,,R,"4-Seam Fastball: batter est_wOBA 0.427, est_SLG 0.549, pitcher allowed est_wOBA 0.362; Slider: batter est_wOBA 0.267, est_SLG 0.267, pitcher allowed est_wOBA 0.283",unavailable,0.115646,,,,,,,,,,,BvP fetch not used in model; point-in-time safe history unavailable,,5.0,5.0,unavailable,AZ@CHC,0.452,unavailable,unavailable,3,-5.98,+1944,0.048926,0.108696,valid,+820,0.117,0.142857,"{""avg"": 0.28, ""games"": 13, ""hr_rate"": 0.01694915254237288, ""ops"": 0.7928813559322034, ""pa"": 59, ""slg"": 0.42, ""tb_rate"": 0.3559322033898305}","{""avg"": 0.27184466019417475, ""games"": 26, ""hr_rate"": 0.008333333333333333, ""ops"": 0.7078478964401295, ""pa"": 120, ""slg"": 0.34951456310679613, ""tb_rate"": 0.3}","{""avg"": 0.25, ""games"": 6, ""hr_rate"": 0.04, ""ops"": 0.76, ""pa"": 25, ""slg"": 0.4, ""tb_rate"": 0.32}",15.5,3,official_mlb_schedule,High,0.347,AZ,R,4-Seam Fastball 38.3%; Slider 24.8%; Curveball 19.4%; Changeup 12.9%,0.722,147,"4-Seam Fastball: batter est_wOBA 0.427, est_SLG 0.549, pitcher allowed est_wOBA 0.362; Slider: batter est_wOBA 0.267, est_SLG 0.267, pitcher allowed est_wOBA 0.283",neutral,"4-Seam Fastball: batter est_wOBA 0.427, est_SLG 0.549, pitcher allowed est_wOBA 0.362; Slider: batter est_wOBA 0.267, est_SLG 0.267, pitcher allowed est_wOBA 0.283",608324,Alex Bregman,3B,PASS,LEAN,0.375,unavailable,unavailable,,Zac Gallen,0.269,12.48,+251,0.284823,0.16,CHC,R,2.5,valid,+525,"lineup/starter change, price move through pass threshold, roof/weather change, or missing pitch-type/Statcast source conflict",,,0.254,0.413,0.334
88.4,0.226,0.135,,S,"4-Seam Fastball: batter est_wOBA 0.330, est_SLG 0.443, pitcher allowed est_wOBA 0.362; Slider: batter est_wOBA 0.456, est_SLG 0.790, pitcher allowed est_wOBA 0.283",unavailable,0.152174,,,,,,,,,,,BvP fetch not used in model; point-in-time safe history unavailable,,5.0,5.0,unavailable,AZ@CHC,0.378,unavailable,unavailable,7,-6.26,+1210,0.076318,0.138889,valid,+620,0.226,0.289855,"{""avg"": 0.2553191489361702, ""games"": 13, ""hr_rate"": 0.05084745762711865, ""ops"": 0.8579156148575551, ""pa"": 59, ""slg"": 0.46808510638297873, ""tb_rate"": 0.3728813559322034}","{""avg"": 0.23404255319148937, ""games"": 24, ""hr_rate"": 0.036036036036036036, ""ops"": 0.74822695035461, ""pa"": 111, ""slg"": 0.4148936170212766, ""tb_rate"": 0.35135135135135137}","{""avg"": 0.14285714285714285, ""games"": 6, ""hr_rate"": 0.0, ""ops"": 0.4597069597069597, ""pa"": 26, ""slg"": 0.19047619047619047, ""tb_rate"": 0.15384615384615385}",11.5,4,official_mlb_schedule,High,0.355,AZ,R,4-Seam Fastball 38.3%; Slider 24.8%; Curveball 19.4%; Changeup 12.9%,0.807,138,"4-Seam Fastball: batter est_wOBA 0.330, est_SLG 0.443, pitcher allowed est_wOBA 0.362; Slider: batter est_wOBA 0.456, est_SLG 0.790, pitcher allowed est_wOBA 0.283",neutral,"4-Seam Fastball: batter est_wOBA 0.330, est_SLG 0.443, pitcher allowed est_wOBA 0.362; Slider: batter est_wOBA 0.456, est_SLG 0.790, pitcher allowed est_wOBA 0.283",664023,Ian Happ,LF,PASS,PASS,0.452,unavailable,unavailable,,Zac Gallen,0.284,,+228,0.305202,,CHC,R,1.5,invalid_or_outlier_market_odds,+500,"lineup/starter change, price move through pass threshold, roof/weather change, or missing pitch-type/Statcast source conflict",,,0.2,0.419,0.328
89.8,0.314,0.104,,R,"4-Seam Fastball: batter est_wOBA 0.341, est_SLG 0.436, pitcher allowed est_wOBA 0.362; Slider: batter est_wOBA 0.509, est_SLG 0.759, pitcher allowed est_wOBA 0.283",unavailable,0.13253,,,,,,,,,,,BvP fetch not used in model; point-in-time safe history unavailable,,5.0,5.0,unavailable,AZ@CHC,0.479,unavailable,unavailable,5,-4.26,+769,0.11508,0.157729,valid,+534,0.229,0.240964,"{""avg"": 0.36363636363636365, ""games"": 12, ""hr_rate"": 0.09803921568627451, ""ops"": 1.1390374331550803, ""pa"": 51, ""slg"": 0.7272727272727273, ""tb_rate"": 0.6274509803921569}","{""avg"": 0.3283582089552239, ""games"": 18, ""hr_rate"": 0.06329113924050633, ""ops"": 0.9722274702437181, ""pa"": 79, ""slg"": 0.5671641791044776, ""tb_rate"": 0.4810126582278481}","{""avg"": 0.35, ""games"": 5, ""hr_rate"": 0.09523809523809523, ""ops"": 1.0309523809523808, ""pa"": 21, ""slg"": 0.65, ""tb_rate"": 0.6190476190476191}",19.2,5,official_mlb_schedule,High,0.422,AZ,R,4-Seam Fastball 38.3%; Slider 24.8%; Curveball 19.4%; Changeup 12.9%,0.965,83,"4-Seam Fastball: batter est_wOBA 0.341, est_SLG 0.436, pitcher allowed est_wOBA 0.362; Slider: batter est_wOBA 0.509, est_SLG 0.759, pitcher allowed est_wOBA 0.283",favorable,"4-Seam Fastball: batter est_wOBA 0.341, est_SLG 0.436, pitcher allowed est_wOBA 0.362; Slider: batter est_wOBA 0.509, est_SLG 0.759, pitcher allowed est_wOBA 0.283",673548,Seiya Suzuki,RF,PASS,PASS,0.543,unavailable,unavailable,,Zac Gallen,0.479,,+122,0.449858,,CHC,R,1.5,invalid_or_outlier_market_odds,+500,"lineup/starter change, price move through pass threshold, roof/weather change, or missing pitch-type/Statcast source conflict",,,0.298,0.504,0.394
85.2,0.203,0.082,,L,"4-Seam Fastball: batter est_wOBA 0.255, est_SLG 0.326, pitcher allowed est_wOBA 0.362; Slider: batter est_wOBA 0.212, est_SLG 0.231, pitcher allowed est_wOBA 0.283",unavailable,0.110294,,,,,,,,,,,BvP fetch not used in model; point-in-time safe history unavailable,,5.0,5.0,unavailable,AZ@CHC,0.329,unavailable,unavailable,2,-11.92,+4133,0.023624,0.142857,valid,+600,0.094,0.227941,"{""avg"": 0.24528301886792453, ""games"": 13, ""hr_rate"": 0.03278688524590164, ""ops"": 0.7077018249304052, ""pa"": 61, ""slg"": 0.39622641509433965, ""tb_rate"": 0.3442622950819672}","{""avg"": 0.1875, ""games"": 25, ""hr_rate"": 0.01818181818181818, ""ops"": 0.5344696969696969, ""pa"": 110, ""slg"": 0.2708333333333333, ""tb_rate"": 0.23636363636363636}","{""avg"": 0.17391304347826086, ""games"": 6, ""hr_rate"": 0.0, ""ops"": 0.5367316341829085, ""pa"": 29, ""slg"": 0.2608695652173913, ""tb_rate"": 0.20689655172413793}",13.2,6,official_mlb_schedule,High,0.301,AZ,R,4-Seam Fastball 38.3%; Slider 24.8%; Curveball 19.4%; Changeup 12.9%,0.598,136,"4-Seam Fastball: batter est_wOBA 0.255, est_SLG 0.326, pitcher allowed est_wOBA 0.362; Slider: batter est_wOBA 0.212, est_SLG 0.231, pitcher allowed est_wOBA 0.283",unfavorable,"4-Seam Fastball: batter est_wOBA 0.255, est_SLG 0.326, pitcher allowed est_wOBA 0.362; Slider: batter est_wOBA 0.212, est_SLG 0.231, pitcher allowed est_wOBA 0.283",683737,Michael Busch,1B,PASS,PASS,0.297,unavailable,unavailable,,Zac Gallen,0.282,-9.37,+478,0.172967,0.266667,CHC,R,3.5,valid,+275,"lineup/starter change, price move through pass threshold, roof/weather change, or missing pitch-type/Statcast source conflict",,,0.204,0.316,0.285
91.1,0.321,0.117,,R,"4-Seam Fastball: batter est_wOBA 0.350, est_SLG 0.456, pitcher allowed est_wOBA 0.362; Slider: batter est_wOBA 0.376, est_SLG 0.388, pitcher allowed est_wOBA 0.283",unavailable,0.131868,,,,,,,,,,,BvP fetch not used in model; point-in-time safe history unavailable,,5.0,5.0,unavailable,AZ@CHC,0.5,unavailable,unavailable,2,-1.48,+1389,0.067169,0.081967,valid,+1120,0.128,0.164835,"{""avg"": 0.26666666666666666, ""games"": 8, ""hr_rate"": 0.030303030303030304, ""ops"": 0.7030303030303031, ""pa"": 33, ""slg"": 0.4, ""tb_rate"": 0.36363636363636365}","{""avg"": 0.31746031746031744, ""games"": 18, ""hr_rate"": 0.02702702702702703, ""ops"": 0.8815958815958815, ""pa"": 74, ""slg"": 0.47619047619047616, ""tb_rate"": 0.40540540540540543}","{""avg"": 0.16666666666666666, ""games"": 3, ""hr_rate"": 0.0, ""ops"": 0.39743589743589747, ""pa"": 13, ""slg"": 0.16666666666666666, ""tb_rate"": 0.15384615384615385}",13.9,7,official_mlb_schedule,High,0.418,AZ,R,4-Seam Fastball 38.3%; Slider 24.8%; Curveball 19.4%; Changeup 12.9%,0.867,91,"4-Seam Fastball: batter est_wOBA 0.350, est_SLG 0.456, pitcher allowed est_wOBA 0.362; Slider: batter est_wOBA 0.376, est_SLG 0.388, pitcher allowed est_wOBA 0.283",neutral,"4-Seam Fastball: batter est_wOBA 0.350, est_SLG 0.456, pitcher allowed est_wOBA 0.362; Slider: batter est_wOBA 0.376, est_SLG 0.388, pitcher allowed est_wOBA 0.283",608348,Carson Kelly,C,PASS,LEAN,0.449,unavailable,unavailable,,Zac Gallen,0.3,9.24,+208,0.324995,0.232558,CHC,R,2.5,valid,+330,"lineup/starter change, price move through pass threshold, roof/weather change, or missing pitch-type/Statcast source conflict",,,0.273,0.454,0.369
91.2,0.244,0.076,,L,"4-Seam Fastball: batter est_wOBA 0.285, est_SLG 0.375, pitcher allowed est_wOBA 0.362; Slider: batter est_wOBA 0.293, est_SLG 0.368, pitcher allowed est_wOBA 0.283",unavailable,0.068702,,,,,,,,,,,BvP fetch not used in model; point-in-time safe history unavailable,,5.0,5.0,unavailable,AZ@CHC,0.468,unavailable,unavailable,3,-4.58,+1678,0.056239,0.102041,valid,+880,0.117,0.290076,"{""avg"": 0.25, ""games"": 13, ""hr_rate"": 0.0392156862745098, ""ops"": 0.7878787878787878, ""pa"": 51, ""slg"": 0.45454545454545453, ""tb_rate"": 0.39215686274509803}","{""avg"": 0.23711340206185566, ""games"": 26, ""hr_rate"": 0.02830188679245283, ""ops"": 0.6644621668936004, ""pa"": 106, ""slg"": 0.38144329896907214, ""tb_rate"": 0.3490566037735849}","{""avg"": 0.23809523809523808, ""games"": 6, ""hr_rate"": 0.08, ""ops"": 0.8838095238095238, ""pa"": 25, ""slg"": 0.5238095238095238, ""tb_rate"": 0.44}",20.1,8,official_mlb_schedule,High,0.308,AZ,R,4-Seam Fastball 38.3%; Slider 24.8%; Curveball 19.4%; Changeup 12.9%,0.669,131,"4-Seam Fastball: batter est_wOBA 0.285, est_SLG 0.375, pitcher allowed est_wOBA 0.362; Slider: batter est_wOBA 0.293, est_SLG 0.368, pitcher allowed est_wOBA 0.283",neutral,"4-Seam Fastball: batter est_wOBA 0.285, est_SLG 0.375, pitcher allowed est_wOBA 0.362; Slider: batter est_wOBA 0.293, est_SLG 0.368, pitcher allowed est_wOBA 0.283",691718,Pete Crow-Armstrong,CF,PASS,PASS,0.361,unavailable,unavailable,,Zac Gallen,0.228,1.41,+265,0.273829,0.25974,CHC,L,1.5,valid,+285,"lineup/starter change, price move through pass threshold, roof/weather change, or missing pitch-type/Statcast source conflict",,,0.221,0.364,0.287
90.5,0.218,0.123,,R,"4-Seam Fastball: batter est_wOBA 0.395, est_SLG 0.479, pitcher allowed est_wOBA 0.362; Slider: batter est_wOBA 0.207, est_SLG 0.098, pitcher allowed est_wOBA 0.283",unavailable,0.16,,,,,,,,,,,BvP fetch not used in model; point-in-time safe history unavailable,,5.0,5.0,unavailable,AZ@CHC,0.479,unavailable,unavailable,6,-0.78,+1152,0.079898,0.087719,valid,+1040,0.218,0.224,"{""avg"": 0.23684210526315788, ""games"": 12, ""hr_rate"": 0.0425531914893617, ""ops"": 0.7928331466965286, ""pa"": 47, ""slg"": 0.47368421052631576, ""tb_rate"": 0.3829787234042553}","{""avg"": 0.21428571428571427, ""games"": 25, ""hr_rate"": 0.05825242718446602, ""ops"": 0.7965788257050392, ""pa"": 103, ""slg"": 0.47619047619047616, ""tb_rate"": 0.3883495145631068}","{""avg"": 0.3333333333333333, ""games"": 5, ""hr_rate"": 0.058823529411764705, ""ops"": 1.0862745098039215, ""pa"": 17, ""slg"": 0.7333333333333333, ""tb_rate"": 0.6470588235294118}",13.7,9,official_mlb_schedule,High,0.344,AZ,R,4-Seam Fastball 38.3%; Slider 24.8%; Curveball 19.4%; Changeup 12.9%,0.78,125,"4-Seam Fastball: batter est_wOBA 0.395, est_SLG 0.479, pitcher allowed est_wOBA 0.362; Slider: batter est_wOBA 0.207, est_SLG 0.098, pitcher allowed est_wOBA 0.283",neutral,"4-Seam Fastball: batter est_wOBA 0.395, est_SLG 0.479, pitcher allowed est_wOBA 0.362; Slider: batter est_wOBA 0.207, est_SLG 0.098, pitcher allowed est_wOBA 0.283",621020,Dansby Swanson,SS,PASS,PASS,0.436,unavailable,unavailable,,Zac Gallen,0.356,,+204,0.328567,,CHC,R,1.5,invalid_or_outlier_market_odds,+310,"lineup/starter change, price move through pass threshold, roof/weather change, or missing pitch-type/Statcast source conflict",,,0.225,0.442,0.352
90.8,0.29,0.102,,L,"4-Seam Fastball: batter est_wOBA 0.385, est_SLG 0.471, pitcher allowed est_wOBA 0.352; Slider: batter est_wOBA 0.306, est_SLG 0.434, pitcher allowed est_wOBA 0.385",unavailable,0.085714,,,,,,,,,,,BvP fetch not used in model; point-in-time safe history unavailable,,7.5,7.5,unavailable,TEX@DET,0.469,unavailable,unavailable,4,-7.45,+1142,0.080544,0.155039,valid,+545,0.17,0.192857,"{""avg"": 0.25, ""games"": 12, ""hr_rate"": 0.018518518518518517, ""ops"": 0.6712962962962963, ""pa"": 54, ""slg"": 0.375, ""tb_rate"": 0.3333333333333333}","{""avg"": 0.2647058823529412, ""games"": 26, ""hr_rate"": 0.02586206896551724, ""ops"": 0.768762677484787, ""pa"": 116, ""slg"": 0.4411764705882353, ""tb_rate"": 0.3879310344827586}","{""avg"": 0.22727272727272727, ""games"": 6, ""hr_rate"": 0.0, ""ops"": 0.4672727272727273, ""pa"": 25, ""slg"": 0.22727272727272727, ""tb_rate"": 0.2}",11.2,1,official_mlb_schedule,High,0.364,DET,R,4-Seam Fastball 45.2%; Slider 24.5%; Curveball 20.5%; Sinker 6.6%,0.824,140,"4-Seam Fastball: batter est_wOBA 0.385, est_SLG 0.471, pitcher allowed est_wOBA 0.352; Slider: batter est_wOBA 0.306, est_SLG 0.434, pitcher allowed est_wOBA 0.385",neutral,"4-Seam Fastball: batter est_wOBA 0.385, est_SLG 0.471, pitcher allowed est_wOBA 0.352; Slider: batter est_wOBA 0.306, est_SLG 0.434, pitcher allowed est_wOBA 0.385",607043,Brandon Nimmo,RF,PASS,PASS,0.46,unavailable,unavailable,,Jack Flaherty,0.337,-8.7,+191,0.344042,0.431034,TEX,R,1.5,valid,+132,"lineup/starter change, price move through pass threshold, roof/weather change, or missing pitch-type/Statcast source conflict",,,0.293,0.481,0.37
88.3,0.189,0.088,,L,"4-Seam Fastball: batter est_wOBA 0.373, est_SLG 0.506, pitcher allowed est_wOBA 0.352; Slider: batter est_wOBA 0.209, est_SLG 0.296, pitcher allowed est_wOBA 0.385",unavailable,0.136364,,,,,,,,,,,BvP fetch not used in model; point-in-time safe history unavailable,,7.5,7.5,unavailable,TEX@DET,0.382,unavailable,unavailable,3,-6.58,+1962,0.048499,0.114286,valid,+775,0.144,0.236364,"{""avg"": 0.1891891891891892, ""games"": 12, ""hr_rate"": 0.022222222222222223, ""ops"": 0.5417417417417417, ""pa"": 45, ""slg"": 0.2972972972972973, ""tb_rate"": 0.24444444444444444}","{""avg"": 0.17105263157894737, ""games"": 26, ""hr_rate"": 0.03225806451612903, ""ops"": 0.5846066779852858, ""pa"": 93, ""slg"": 0.3157894736842105, ""tb_rate"": 0.25806451612903225}","{""avg"": 0.0625, ""games"": 6, ""hr_rate"": 0.0, ""ops"": 0.16776315789473684, ""pa"": 19, ""slg"": 0.0625, ""tb_rate"": 0.05263157894736842}",23.0,2,official_mlb_schedule,High,0.308,DET,R,4-Seam Fastball 45.2%; Slider 24.5%; Curveball 20.5%; Sinker 6.6%,0.641,110,"4-Seam Fastball: batter est_wOBA 0.373, est_SLG 0.506, pitcher allowed est_wOBA 0.352; Slider: batter est_wOBA 0.209, est_SLG 0.296, pitcher allowed est_wOBA 0.385",neutral,"4-Seam Fastball: batter est_wOBA 0.373, est_SLG 0.506, pitcher allowed est_wOBA 0.352; Slider: batter est_wOBA 0.209, est_SLG 0.296, pitcher allowed est_wOBA 0.385",694497,Evan Carter,CF,PASS,PASS,0.333,unavailable,unavailable,,Jack Flaherty,0.368,-17.57,+436,0.186662,0.362319,TEX,R,1.5,valid,+176,"lineup/starter change, price move through pass threshold, roof/weather change, or missing pitch-type/Statcast source conflict",,,0.221,0.364,0.316
90.3,0.207,0.139,,L,"4-Seam Fastball: batter est_wOBA 0.271, est_SLG 0.347, pitcher allowed est_wOBA 0.352; Slider: batter est_wOBA 0.139, est_SLG 0.104, pitcher allowed est_wOBA 0.385",unavailable,0.123077,,,,,,,,,,,BvP fetch not used in model; point-in-time safe history unavailable,,7.5,7.5,unavailable,TEX@DET,0.43,unavailable,unavailable,6,-12.09,+1102,0.083218,0.204082,valid,+390,0.207,0.261538,"{""avg"": 0.2127659574468085, ""games"": 12, ""hr_rate"": 0.019230769230769232, ""ops"": 0.6309328968903437, ""pa"": 52, ""slg"": 0.3617021276595745, ""tb_rate"": 0.3269230769230769}","{""avg"": 0.1827956989247312, ""games"": 25, ""hr_rate"": 0.03773584905660377, ""ops"": 0.6297423412456888, ""pa"": 106, ""slg"": 0.3655913978494624, ""tb_rate"": 0.32075471698113206}","{""avg"": 0.20833333333333334, ""games"": 6, ""hr_rate"": 0.0, ""ops"": 0.5608974358974359, ""pa"": 26, ""slg"": 0.2916666666666667, ""tb_rate"": 0.2692307692307692}",12.7,3,official_mlb_schedule,High,0.308,DET,R,4-Seam Fastball 45.2%; Slider 24.5%; Curveball 20.5%; Sinker 6.6%,0.722,130,"4-Seam Fastball: batter est_wOBA 0.271, est_SLG 0.347, pitcher allowed est_wOBA 0.352; Slider: batter est_wOBA 0.139, est_SLG 0.104, pitcher allowed est_wOBA 0.385",unfavorable,"4-Seam Fastball: batter est_wOBA 0.271, est_SLG 0.347, pitcher allowed est_wOBA 0.352; Slider: batter est_wOBA 0.139, est_SLG 0.104, pitcher allowed est_wOBA 0.385",608369,Corey Seager,SS,PASS,PASS,0.414,unavailable,unavailable,,Jack Flaherty,0.367,-14.03,+229,0.304134,0.444444,TEX,R,1.5,valid,+125,"lineup/starter change, price move through pass threshold, roof/weather change, or missing pitch-type/Statcast source conflict",,,0.238,0.443,0.335
91.9,0.317,0.06,,R,"4-Seam Fastball: batter est_wOBA 0.365, est_SLG 0.442, pitcher allowed est_wOBA 0.352; Slider: batter est_wOBA 0.415, est_SLG 0.569, pitcher allowed est_wOBA 0.385",unavailable,0.088496,,,,,,,,,,,BvP fetch not used in model; point-in-time safe history unavailable,,7.5,7.5,unavailable,TEX@DET,0.53,unavailable,unavailable,4,-2.51,+809,0.110014,0.135135,valid,+640,0.228,0.168142,"{""avg"": 0.38636363636363635, ""games"": 12, ""hr_rate"": 0.058823529411764705, ""ops"": 1.1813725490196079, ""pa"": 51, ""slg"": 0.75, ""tb_rate"": 0.6470588235294118}","{""avg"": 0.38095238095238093, ""games"": 24, ""hr_rate"": 0.041666666666666664, ""ops"": 1.0922619047619047, ""pa"": 96, ""slg"": 0.6547619047619048, ""tb_rate"": 0.5729166666666666}","{""avg"": 0.36363636363636365, ""games"": 6, ""hr_rate"": 0.04, ""ops"": 1.0763636363636364, ""pa"": 25, ""slg"": 0.6363636363636364, ""tb_rate"": 0.56}",11.5,4,official_mlb_schedule,High,0.381,DET,R,4-Seam Fastball 45.2%; Slider 24.5%; Curveball 20.5%; Sinker 6.6%,0.926,113,"4-Seam Fastball: batter est_wOBA 0.365, est_SLG 0.442, pitcher allowed est_wOBA 0.352; Slider: batter est_wOBA 0.415, est_SLG 0.569, pitcher allowed est_wOBA 0.385",favorable,"4-Seam Fastball: batter est_wOBA 0.365, est_SLG 0.442, pitcher allowed est_wOBA 0.352; Slider: batter est_wOBA 0.415, est_SLG 0.569, pitcher allowed est_wOBA 0.385",673962,Josh Jung,3B,PASS,LEAN,0.545,unavailable,unavailable,,Jack Flaherty,0.41,2.34,+116,0.461992,0.438596,TEX,R,1.5,valid,+128,"lineup/starter change, price move through pass threshold, roof/weather change, or missing pitch-type/Statcast source conflict",,,0.303,0.47,0.368
92.9,0.225,0.039,,L,"4-Seam Fastball: batter est_wOBA 0.360, est_SLG 0.402, pitcher allowed est_wOBA 0.352; Slider: batter est_wOBA 0.343, est_SLG 0.492, pitcher allowed est_wOBA 0.385",unavailable,0.141176,,,,,,,,,,,BvP fetch not used in model; point-in-time safe history unavailable,,7.5,7.5,unavailable,TEX@DET,0.529,unavailable,unavailable,2,-10.89,+1630,0.057801,0.166667,valid,+500,0.099,0.247059,"{""avg"": 0.23333333333333334, ""games"": 12, ""hr_rate"": 0.02702702702702703, ""ops"": 0.6846846846846847, ""pa"": 37, ""slg"": 0.3333333333333333, ""tb_rate"": 0.2702702702702703}","{""avg"": 0.25396825396825395, ""games"": 25, ""hr_rate"": 0.02702702702702703, ""ops"": 0.7164307164307164, ""pa"": 74, ""slg"": 0.36507936507936506, ""tb_rate"": 0.3108108108108108}","{""avg"": 0.1875, ""games"": 6, ""hr_rate"": 0.058823529411764705, ""ops"": 0.6102941176470589, ""pa"": 17, ""slg"": 0.375, ""tb_rate"": 0.35294117647058826}",19.4,5,official_mlb_schedule,High,0.341,DET,R,4-Seam Fastball 45.2%; Slider 24.5%; Curveball 20.5%; Sinker 6.6%,0.665,85,"4-Seam Fastball: batter est_wOBA 0.360, est_SLG 0.402, pitcher allowed est_wOBA 0.352; Slider: batter est_wOBA 0.343, est_SLG 0.492, pitcher allowed est_wOBA 0.385",neutral,"4-Seam Fastball: batter est_wOBA 0.360, est_SLG 0.402, pitcher allowed est_wOBA 0.352; Slider: batter est_wOBA 0.343, est_SLG 0.492, pitcher allowed est_wOBA 0.385",592626,Joc Pederson,DH,PASS,PASS,0.324,unavailable,unavailable,,Jack Flaherty,0.294,-9.96,+316,0.240564,0.340136,TEX,L,1.5,valid,+194,"lineup/starter change, price move through pass threshold, roof/weather change, or missing pitch-type/Statcast source conflict",,,0.218,0.351,0.317
89.1,0.213,0.095,,R,"4-Seam Fastball: batter est_wOBA 0.234, est_SLG 0.265, pitcher allowed est_wOBA 0.352; Slider: batter est_wOBA 0.212, est_SLG 0.202, pitcher allowed est_wOBA 0.385",unavailable,0.03876,,,,,,,,,,,BvP fetch not used in model; point-in-time safe history unavailable,,7.5,7.5,unavailable,TEX@DET,0.476,unavailable,unavailable,5,-10.69,+2074,0.045992,0.152905,valid,+554,0.156,0.302326,"{""avg"": 0.14893617021276595, ""games"": 12, ""hr_rate"": 0.0, ""ops"": 0.34893617021276596, ""pa"": 50, ""slg"": 0.14893617021276595, ""tb_rate"": 0.14}","{""avg"": 0.17, ""games"": 26, ""hr_rate"": 0.02830188679245283, ""ops"": 0.49754716981132074, ""pa"": 106, ""slg"": 0.29, ""tb_rate"": 0.27358490566037735}","{""avg"": 0.09090909090909091, ""games"": 6, ""hr_rate"": 0.0, ""ops"": 0.25757575757575757, ""pa"": 24, ""slg"": 0.09090909090909091, ""tb_rate"": 0.08333333333333333}",9.6,6,official_mlb_schedule,High,0.248,DET,R,4-Seam Fastball 45.2%; Slider 24.5%; Curveball 20.5%; Sinker 6.6%,0.617,129,"4-Seam Fastball: batter est_wOBA 0.234, est_SLG 0.265, pitcher allowed est_wOBA 0.352; Slider: batter est_wOBA 0.212, est_SLG 0.202, pitcher allowed est_wOBA 0.385",unfavorable,"4-Seam Fastball: batter est_wOBA 0.234, est_SLG 0.265, pitcher allowed est_wOBA 0.352; Slider: batter est_wOBA 0.212, est_SLG 0.202, pitcher allowed est_wOBA 0.385",669394,Jake Burger,1B,PASS,PASS,0.369,unavailable,unavailable,,Jack Flaherty,0.298,-21.92,+499,0.166908,0.3861,TEX,R,1.5,valid,+159,"lineup/starter change, price move through pass threshold, roof/weather change, or missing pitch-type/Statcast source conflict",,,0.211,0.376,0.269
,0.375,,,L,"4-Seam Fastball: batter est_wOBA 0.579, est_SLG 0.403, pitcher allowed est_wOBA 0.352; Slider: batter est_wOBA 0.459, est_SLG 0.696, pitcher allowed est_wOBA 0.385",unavailable,0.307692,,,,,,,,,,,BvP fetch not used in model; point-in-time safe history unavailable,,7.5,7.5,unavailable,TEX@DET,,unavailable,unavailable,0,-3.62,+2184,0.043786,0.08,valid,+1150,0.0,0.076923,"{""avg"": 0.375, ""games"": 6, ""hr_rate"": 0.0, ""ops"": 0.9134615384615384, ""pa"": 13, ""slg"": 0.375, ""tb_rate"": 0.23076923076923078}","{""avg"": 0.375, ""games"": 6, ""hr_rate"": 0.0, ""ops"": 0.9134615384615384, ""pa"": 13, ""slg"": 0.375, ""tb_rate"": 0.23076923076923078}","{""avg"": 0.3333333333333333, ""games"": 5, ""hr_rate"": 0.0, ""ops"": 0.7777777777777777, ""pa"": 9, ""slg"": 0.3333333333333333, ""tb_rate"": 0.2222222222222222}",,7,official_mlb_schedule,High,0.615,DET,R,4-Seam Fastball 45.2%; Slider 24.5%; Curveball 20.5%; Sinker 6.6%,0.99,13,"4-Seam Fastball: batter est_wOBA 0.579, est_SLG 0.403, pitcher allowed est_wOBA 0.352; Slider: batter est_wOBA 0.459, est_SLG 0.696, pitcher allowed est_wOBA 0.385",favorable,"4-Seam Fastball: batter est_wOBA 0.579, est_SLG 0.403, pitcher allowed est_wOBA 0.352; Slider: batter est_wOBA 0.459, est_SLG 0.696, pitcher allowed est_wOBA 0.385",696030,Alejandro Osuna,LF,PASS,PASS,0.375,unavailable,unavailable,,Jack Flaherty,,-5.58,+293,0.25476,0.310559,TEX,L,1.5,valid,+222,"lineup/starter change, price move through pass threshold, roof/weather change, or missing pitch-type/Statcast source conflict",,,,,
,0.288,,,R,"4-Seam Fastball: batter est_wOBA 0.184, est_SLG 0.211, pitcher allowed est_wOBA 0.352; Slider: batter est_wOBA 0.286, est_SLG 0.276, pitcher allowed est_wOBA 0.385",unavailable,0.092308,,,,,,,,,,,BvP fetch not used in model; point-in-time safe history unavailable,,7.5,7.5,unavailable,TEX@DET,,unavailable,unavailable,1,-4.25,+1671,0.056464,0.09901,valid,+910,0.136,0.2,"{""avg"": 0.3684210526315789, ""games"": 7, ""hr_rate"": 0.0, ""ops"": 0.9548872180451127, ""pa"": 21, ""slg"": 0.5263157894736842, ""tb_rate"": 0.47619047619047616}","{""avg"": 0.3, ""games"": 20, ""hr_rate"": 0.0, ""ops"": 0.755, ""pa"": 56, ""slg"": 0.38, ""tb_rate"": 0.3392857142857143}","{""avg"": 0.3333333333333333, ""games"": 4, ""hr_rate"": 0.0, ""ops"": 0.898989898989899, ""pa"": 11, ""slg"": 0.4444444444444444, ""tb_rate"": 0.36363636363636365}",,8,official_mlb_schedule,High,0.354,DET,R,4-Seam Fastball 45.2%; Slider 24.5%; Curveball 20.5%; Sinker 6.6%,0.778,65,"4-Seam Fastball: batter est_wOBA 0.184, est_SLG 0.211, pitcher allowed est_wOBA 0.352; Slider: batter est_wOBA 0.286, est_SLG 0.276, pitcher allowed est_wOBA 0.385",unfavorable,"4-Seam Fastball: batter est_wOBA 0.184, est_SLG 0.211, pitcher allowed est_wOBA 0.352; Slider: batter est_wOBA 0.286, est_SLG 0.276, pitcher allowed est_wOBA 0.385",677649,Ezequiel Duran,2B,PASS,PASS,0.424,unavailable,unavailable,,Jack Flaherty,,-1.98,+214,0.31803,0.337838,TEX,R,1.5,valid,+196,"lineup/starter change, price move through pass threshold, roof/weather change, or missing pitch-type/Statcast source conflict",,,,,
86.9,0.209,0.045,,R,"4-Seam Fastball: batter est_wOBA 0.342, est_SLG 0.371, pitcher allowed est_wOBA 0.352; Slider: batter est_wOBA 0.000, est_SLG 0.000, pitcher allowed est_wOBA 0.385",unavailable,0.081081,,,,,,,,,,,BvP fetch not used in model; point-in-time safe history unavailable,,7.5,7.5,unavailable,TEX@DET,0.318,unavailable,unavailable,1,-9.79,+5767,0.017046,0.114943,valid,+770,0.134,0.310811,"{""avg"": 0.16666666666666666, ""games"": 8, ""hr_rate"": 0.0, ""ops"": 0.5555555555555556, ""pa"": 27, ""slg"": 0.3333333333333333, ""tb_rate"": 0.2962962962962963}","{""avg"": 0.18518518518518517, ""games"": 18, ""hr_rate"": 0.0, ""ops"": 0.5400728597449909, ""pa"": 61, ""slg"": 0.2777777777777778, ""tb_rate"": 0.2459016393442623}","{""avg"": 0.2222222222222222, ""games"": 4, ""hr_rate"": 0.0, ""ops"": 0.7777777777777777, ""pa"": 12, ""slg"": 0.4444444444444444, ""tb_rate"": 0.3333333333333333}",22.1,9,official_mlb_schedule,High,0.284,DET,R,4-Seam Fastball 45.2%; Slider 24.5%; Curveball 20.5%; Sinker 6.6%,0.627,74,"4-Seam Fastball: batter est_wOBA 0.342, est_SLG 0.371, pitcher allowed est_wOBA 0.352; Slider: batter est_wOBA 0.000, est_SLG 0.000, pitcher allowed est_wOBA 0.385",unfavorable,"4-Seam Fastball: batter est_wOBA 0.342, est_SLG 0.371, pitcher allowed est_wOBA 0.352; Slider: batter est_wOBA 0.000, est_SLG 0.000, pitcher allowed est_wOBA 0.385",643376,Danny Jansen,C,PASS,PASS,0.343,unavailable,unavailable,,Jack Flaherty,0.273,-16.38,+657,0.132066,0.295858,TEX,R,1.5,valid,+238,"lineup/starter change, price move through pass threshold, roof/weather change, or missing pitch-type/Statcast source conflict",,,0.175,0.272,0.24
82.9,0.255,0.055,,R,"4-Seam Fastball: batter est_wOBA 0.402, est_SLG 0.484, pitcher allowed est_wOBA 0.363; Curveball: batter est_wOBA 0.324, est_SLG 0.377, pitcher allowed est_wOBA 0.318",unavailable,0.175182,,,,,,,,,,,BvP fetch not used in model; point-in-time safe history unavailable,,7.5,7.5,unavailable,TEX@DET,0.253,unavailable,unavailable,2,-10.82,+18394,0.005407,0.113636,valid,+780,0.072,0.153285,"{""avg"": 0.2619047619047619, ""games"": 12, ""hr_rate"": 0.01818181818181818, ""ops"": 0.7333333333333334, ""pa"": 55, ""slg"": 0.3333333333333333, ""tb_rate"": 0.2545454545454545}","{""avg"": 0.26595744680851063, ""games"": 25, ""hr_rate"": 0.017543859649122806, ""ops"": 0.7194848824188129, ""pa"": 114, ""slg"": 0.35106382978723405, ""tb_rate"": 0.2894736842105263}","{""avg"": 0.35294117647058826, ""games"": 5, ""hr_rate"": 0.041666666666666664, ""ops"": 1.0294117647058822, ""pa"": 24, ""slg"": 0.5294117647058824, ""tb_rate"": 0.375}",4.9,1,official_mlb_schedule,High,0.387,TEX,L,4-Seam Fastball 42.9%; Curveball 22.7%; Changeup 12.7%; Slider 8.4%,0.714,137,"4-Seam Fastball: batter est_wOBA 0.402, est_SLG 0.484, pitcher allowed est_wOBA 0.363; Curveball: batter est_wOBA 0.324, est_SLG 0.377, pitcher allowed est_wOBA 0.318",favorable,"4-Seam Fastball: batter est_wOBA 0.402, est_SLG 0.484, pitcher allowed est_wOBA 0.363; Curveball: batter est_wOBA 0.324, est_SLG 0.377, pitcher allowed est_wOBA 0.318",650402,Gleyber Torres,2B,PASS,PASS,0.327,unavailable,unavailable,,MacKenzie Gore,0.374,-24.84,+650,0.133323,0.381679,DET,R,1.5,valid,+162,"lineup/starter change, price move through pass threshold, roof/weather change, or missing pitch-type/Statcast source conflict",,,0.255,0.354,0.342
88.7,0.328,0.131,,L,"4-Seam Fastball: batter est_wOBA 0.515, est_SLG 0.745, pitcher allowed est_wOBA 0.363; Curveball: batter est_wOBA 0.204, est_SLG 0.285, pitcher allowed est_wOBA 0.318",unavailable,0.139706,,,,,,,,,,,BvP fetch not used in model; point-in-time safe history unavailable,,7.5,7.5,unavailable,TEX@DET,0.404,unavailable,unavailable,2,-5.17,+1324,0.070215,0.121951,valid,+720,0.181,0.125,"{""avg"": 0.3541666666666667, ""games"": 12, ""hr_rate"": 0.01818181818181818, ""ops"": 0.9390151515151515, ""pa"": 55, ""slg"": 0.5208333333333334, ""tb_rate"": 0.45454545454545453}","{""avg"": 0.32653061224489793, ""games"": 26, ""hr_rate"": 0.017391304347826087, ""ops"": 0.9377994676131323, ""pa"": 115, ""slg"": 0.5204081632653061, ""tb_rate"": 0.4434782608695652}","{""avg"": 0.36363636363636365, ""games"": 6, ""hr_rate"": 0.03571428571428571, ""ops"": 1.0097402597402598, ""pa"": 28, ""slg"": 0.5454545454545454, ""tb_rate"": 0.42857142857142855}",19.5,2,official_mlb_schedule,High,0.426,TEX,L,4-Seam Fastball 42.9%; Curveball 22.7%; Changeup 12.7%; Slider 8.4%,0.935,136,"4-Seam Fastball: batter est_wOBA 0.515, est_SLG 0.745, pitcher allowed est_wOBA 0.363; Curveball: batter est_wOBA 0.204, est_SLG 0.285, pitcher allowed est_wOBA 0.318",favorable,"4-Seam Fastball: batter est_wOBA 0.515, est_SLG 0.745, pitcher allowed est_wOBA 0.363; Curveball: batter est_wOBA 0.204, est_SLG 0.285, pitcher allowed est_wOBA 0.318",805808,Kevin McGonigle,SS,PASS,PASS,0.509,unavailable,unavailable,,MacKenzie Gore,0.455,-2.76,+157,0.389095,0.416667,DET,R,1.5,valid,+140,"lineup/starter change, price move through pass threshold, roof/weather change, or missing pitch-type/Statcast source conflict",,,0.304,0.555,0.415
,0.194,,,R,"4-Seam Fastball: batter est_wOBA 0.456, est_SLG 0.673, pitcher allowed est_wOBA 0.363; Curveball: batter est_wOBA 0.000, est_SLG unavailable, pitcher allowed est_wOBA 0.318",unavailable,0.027027,,,,,,,,,,,BvP fetch not used in model; point-in-time safe history unavailable,,7.5,7.5,unavailable,TEX@DET,,unavailable,unavailable,2,-9.4,+1271,0.072927,0.166945,valid,+499,0.195,0.351351,"{""avg"": 0.2608695652173913, ""games"": 12, ""hr_rate"": 0.08333333333333333, ""ops"": 0.8568840579710144, ""pa"": 24, ""slg"": 0.5652173913043478, ""tb_rate"": 0.5416666666666666}","{""avg"": 0.20588235294117646, ""games"": 18, ""hr_rate"": 0.05714285714285714, ""ops"": 0.6403361344537815, ""pa"": 35, ""slg"": 0.4117647058823529, ""tb_rate"": 0.4}","{""avg"": 0.09090909090909091, ""games"": 6, ""hr_rate"": 0.0, ""ops"": 0.25757575757575757, ""pa"": 12, ""slg"": 0.09090909090909091, ""tb_rate"": 0.08333333333333333}",,3,official_mlb_schedule,High,0.216,TEX,L,4-Seam Fastball 42.9%; Curveball 22.7%; Changeup 12.7%; Slider 8.4%,0.605,37,"4-Seam Fastball: batter est_wOBA 0.456, est_SLG 0.673, pitcher allowed est_wOBA 0.363; Curveball: batter est_wOBA 0.000, est_SLG unavailable, pitcher allowed est_wOBA 0.318",neutral,"4-Seam Fastball: batter est_wOBA 0.456, est_SLG 0.673, pitcher allowed est_wOBA 0.363; Curveball: batter est_wOBA 0.000, est_SLG unavailable, pitcher allowed est_wOBA 0.318",663330,Jahmai Jones,LF,PASS,PASS,0.389,unavailable,unavailable,,MacKenzie Gore,,-5.84,+246,0.288809,0.347222,DET,R,1.5,valid,+188,"lineup/starter change, price move through pass threshold, roof/weather change, or missing pitch-type/Statcast source conflict",,,,,
91.4,0.247,0.176,,R,"4-Seam Fastball: batter est_wOBA 0.608, est_SLG 1.001, pitcher allowed est_wOBA 0.363; Curveball: batter est_wOBA 0.182, est_SLG 0.223, pitcher allowed est_wOBA 0.318",unavailable,0.066038,,,,,,,,,,,BvP fetch not used in model; point-in-time safe history unavailable,,7.5,7.5,unavailable,TEX@DET,0.541,unavailable,unavailable,5,-4.77,+917,0.098285,0.145985,valid,+585,0.226,0.179245,"{""avg"": 0.2, ""games"": 11, ""hr_rate"": 0.022727272727272728, ""ops"": 0.6227272727272727, ""pa"": 44, ""slg"": 0.35, ""tb_rate"": 0.3181818181818182}","{""avg"": 0.2345679012345679, ""games"": 23, ""hr_rate"": 0.043478260869565216, ""ops"": 0.716183574879227, ""pa"": 92, ""slg"": 0.4444444444444444, ""tb_rate"": 0.391304347826087}","{""avg"": 0.17647058823529413, ""games"": 5, ""hr_rate"": 0.0, ""ops"": 0.5572755417956656, ""pa"": 19, ""slg"": 0.29411764705882354, ""tb_rate"": 0.2631578947368421}",8.7,4,official_mlb_schedule,High,0.327,TEX,L,4-Seam Fastball 42.9%; Curveball 22.7%; Changeup 12.7%; Slider 8.4%,0.8,106,"4-Seam Fastball: batter est_wOBA 0.608, est_SLG 1.001, pitcher allowed est_wOBA 0.363; Curveball: batter est_wOBA 0.182, est_SLG 0.223, pitcher allowed est_wOBA 0.318",favorable,"4-Seam Fastball: batter est_wOBA 0.608, est_SLG 1.001, pitcher allowed est_wOBA 0.363; Curveball: batter est_wOBA 0.182, est_SLG 0.223, pitcher allowed est_wOBA 0.318",693307,Dillon Dingler,C,PASS,PASS,0.473,unavailable,unavailable,,MacKenzie Gore,0.459,-3.1,+157,0.389215,0.420168,DET,R,1.5,valid,+138,"lineup/starter change, price move through pass threshold, roof/weather change, or missing pitch-type/Statcast source conflict",,,0.31,0.604,0.422
90.4,0.283,0.154,,L,"4-Seam Fastball: batter est_wOBA 0.419, est_SLG 0.549, pitcher allowed est_wOBA 0.363; Curveball: batter est_wOBA 0.571, est_SLG 1.024, pitcher allowed est_wOBA 0.318",unavailable,0.150376,,,,,,,,,,,BvP fetch not used in model; point-in-time safe history unavailable,,7.5,7.5,unavailable,TEX@DET,0.5,unavailable,unavailable,4,-4.21,+954,0.094879,0.136986,valid,+630,0.177,0.263158,"{""avg"": 0.32558139534883723, ""games"": 13, ""hr_rate"": 0.05660377358490566, ""ops"": 1.0342255375164546, ""pa"": 53, ""slg"": 0.5813953488372093, ""tb_rate"": 0.4716981132075472}","{""avg"": 0.30434782608695654, ""games"": 27, ""hr_rate"": 0.03636363636363636, ""ops"": 0.9290513833992096, ""pa"": 110, ""slg"": 0.5108695652173914, ""tb_rate"": 0.42727272727272725}","{""avg"": 0.2608695652173913, ""games"": 6, ""hr_rate"": 0.07407407407407407, ""ops"": 0.8921095008051529, ""pa"": 27, ""slg"": 0.5217391304347826, ""tb_rate"": 0.4444444444444444}",13.8,5,official_mlb_schedule,High,0.391,TEX,L,4-Seam Fastball 42.9%; Curveball 22.7%; Changeup 12.7%; Slider 8.4%,0.851,133,"4-Seam Fastball: batter est_wOBA 0.419, est_SLG 0.549, pitcher allowed est_wOBA 0.363; Curveball: batter est_wOBA 0.571, est_SLG 1.024, pitcher allowed est_wOBA 0.318",favorable,"4-Seam Fastball: batter est_wOBA 0.419, est_SLG 0.549, pitcher allowed est_wOBA 0.363; Curveball: batter est_wOBA 0.571, est_SLG 1.024, pitcher allowed est_wOBA 0.318",682985,Riley Greene,DH,PASS,LEAN,0.46,unavailable,unavailable,,MacKenzie Gore,0.436,5.13,+137,0.421703,0.37037,DET,L,1.5,valid,+170,"lineup/starter change, price move through pass threshold, roof/weather change, or missing pitch-type/Statcast source conflict",,,0.284,0.543,0.404
88.2,0.226,0.038,,R,"4-Seam Fastball: batter est_wOBA 0.358, est_SLG 0.367, pitcher allowed est_wOBA 0.363; Curveball: batter est_wOBA 0.211, est_SLG 0.127, pitcher allowed est_wOBA 0.318",unavailable,0.085714,,,,,,,,,,,BvP fetch not used in model; point-in-time safe history unavailable,,7.5,7.5,unavailable,TEX@DET,0.415,unavailable,unavailable,1,-8.09,+4195,0.023282,0.104167,valid,+860,0.145,0.157143,"{""avg"": 0.2222222222222222, ""games"": 12, ""hr_rate"": 0.0, ""ops"": 0.6706349206349207, ""pa"": 42, ""slg"": 0.3611111111111111, ""tb_rate"": 0.30952380952380953}","{""avg"": 0.24561403508771928, ""games"": 22, ""hr_rate"": 0.015384615384615385, ""ops"": 0.7112010796221322, ""pa"": 65, ""slg"": 0.40350877192982454, ""tb_rate"": 0.35384615384615387}","{""avg"": 0.21052631578947367, ""games"": 6, ""hr_rate"": 0.0, ""ops"": 0.620137299771167, ""pa"": 23, ""slg"": 0.3157894736842105, ""tb_rate"": 0.2608695652173913}",10.3,6,official_mlb_schedule,High,0.286,TEX,L,4-Seam Fastball 42.9%; Curveball 22.7%; Changeup 12.7%; Slider 8.4%,0.657,70,"4-Seam Fastball: batter est_wOBA 0.358, est_SLG 0.367, pitcher allowed est_wOBA 0.363; Curveball: batter est_wOBA 0.211, est_SLG 0.127, pitcher allowed est_wOBA 0.318",neutral,"4-Seam Fastball: batter est_wOBA 0.358, est_SLG 0.367, pitcher allowed est_wOBA 0.363; Curveball: batter est_wOBA 0.211, est_SLG 0.127, pitcher allowed est_wOBA 0.318",663837,Matt Vierling,CF,PASS,PASS,0.371,unavailable,unavailable,,MacKenzie Gore,0.377,-16.7,+379,0.208971,0.37594,DET,R,1.5,valid,+166,"lineup/starter change, price move through pass threshold, roof/weather change, or missing pitch-type/Statcast source conflict",,,0.263,0.373,0.307
91.4,0.228,0.149,,R,"4-Seam Fastball: batter est_wOBA 0.557, est_SLG 0.877, pitcher allowed est_wOBA 0.363; Curveball: batter est_wOBA 0.129, est_SLG 0.150, pitcher allowed est_wOBA 0.318",unavailable,0.15,,,,,,,,,,,BvP fetch not used in model; point-in-time safe history unavailable,,7.5,7.5,unavailable,TEX@DET,0.478,unavailable,unavailable,5,-5.27,+832,0.107346,0.16,valid,+525,0.208,0.283333,"{""avg"": 0.2391304347826087, ""games"": 13, ""hr_rate"": 0.09803921568627451, ""ops"": 0.9441602728047741, ""pa"": 51, ""slg"": 0.6304347826086957, ""tb_rate"": 0.5686274509803921}","{""avg"": 0.24691358024691357, ""games"": 26, ""hr_rate"": 0.05102040816326531, ""ops"": 0.8611740992693373, ""pa"": 98, ""slg"": 0.49382716049382713, ""tb_rate"": 0.40816326530612246}","{""avg"": 0.34782608695652173, ""games"": 6, ""hr_rate"": 0.11538461538461539, ""ops"": 1.2926421404682273, ""pa"": 26, ""slg"": 0.8695652173913043, ""tb_rate"": 0.7692307692307693}",16.2,7,official_mlb_schedule,High,0.35,TEX,L,4-Seam Fastball 42.9%; Curveball 22.7%; Changeup 12.7%; Slider 8.4%,0.786,120,"4-Seam Fastball: batter est_wOBA 0.557, est_SLG 0.877, pitcher allowed est_wOBA 0.363; Curveball: batter est_wOBA 0.129, est_SLG 0.150, pitcher allowed est_wOBA 0.318",favorable,"4-Seam Fastball: batter est_wOBA 0.557, est_SLG 0.877, pitcher allowed est_wOBA 0.363; Curveball: batter est_wOBA 0.129, est_SLG 0.150, pitcher allowed est_wOBA 0.318",679529,Spencer Torkelson,1B,PASS,LEAN,0.436,unavailable,unavailable,,MacKenzie Gore,0.448,2.63,+152,0.396712,0.37037,DET,R,1.5,valid,+170,"lineup/starter change, price move through pass threshold, roof/weather change, or missing pitch-type/Statcast source conflict",,,0.248,0.495,0.376
,0.13,,,S,"4-Seam Fastball: batter est_wOBA 0.351, est_SLG 0.483, pitcher allowed est_wOBA 0.363; Curveball: batter est_wOBA 0.140, est_SLG 0.219, pitcher allowed est_wOBA 0.318",unavailable,0.08,,,,,,,,,,,BvP fetch not used in model; point-in-time safe history unavailable,,7.5,7.5,unavailable,TEX@DET,,unavailable,unavailable,2,-7.68,+2525,0.038098,0.114943,valid,+770,0.153,0.1,"{""avg"": 0.16129032258064516, ""games"": 12, ""hr_rate"": 0.029411764705882353, ""ops"": 0.5256166982922201, ""pa"": 34, ""slg"": 0.2903225806451613, ""tb_rate"": 0.2647058823529412}","{""avg"": 0.13043478260869565, ""games"": 17, ""hr_rate"": 0.04, ""ops"": 0.4826086956521739, ""pa"": 50, ""slg"": 0.2826086956521739, ""tb_rate"": 0.26}","{""avg"": 0.36363636363636365, ""games"": 5, ""hr_rate"": 0.07692307692307693, ""ops"": 1.1888111888111887, ""pa"": 13, ""slg"": 0.7272727272727273, ""tb_rate"": 0.6153846153846154}",,8,official_mlb_schedule,High,0.2,TEX,L,4-Seam Fastball 42.9%; Curveball 22.7%; Changeup 12.7%; Slider 8.4%,0.483,50,"4-Seam Fastball: batter est_wOBA 0.351, est_SLG 0.483, pitcher allowed est_wOBA 0.363; Curveball: batter est_wOBA 0.140, est_SLG 0.219, pitcher allowed est_wOBA 0.318",neutral,"4-Seam Fastball: batter est_wOBA 0.351, est_SLG 0.483, pitcher allowed est_wOBA 0.363; Curveball: batter est_wOBA 0.140, est_SLG 0.219, pitcher allowed est_wOBA 0.318",672761,Wenceel Pérez,RF,PASS,PASS,0.283,unavailable,unavailable,,MacKenzie Gore,,-18.85,+489,0.16989,0.358423,DET,R,1.5,valid,+179,"lineup/starter change, price move through pass threshold, roof/weather change, or missing pitch-type/Statcast source conflict",,,,,
,0.208,,,R,"4-Seam Fastball: batter est_wOBA 0.580, est_SLG 0.989, pitcher allowed est_wOBA 0.363; Curveball: batter split unavailable",unavailable,0.111111,,,,,,,,,,,BvP fetch not used in model; point-in-time safe history unavailable,,7.5,7.5,unavailable,TEX@DET,,unavailable,unavailable,1,-6.17,+1872,0.050705,0.11236,valid,+790,0.209,0.296296,"{""avg"": 0.20833333333333334, ""games"": 9, ""hr_rate"": 0.037037037037037035, ""ops"": 0.712962962962963, ""pa"": 27, ""slg"": 0.4166666666666667, ""tb_rate"": 0.37037037037037035}","{""avg"": 0.20833333333333334, ""games"": 9, ""hr_rate"": 0.037037037037037035, ""ops"": 0.712962962962963, ""pa"": 27, ""slg"": 0.4166666666666667, ""tb_rate"": 0.37037037037037035}","{""avg"": 0.2, ""games"": 5, ""hr_rate"": 0.08333333333333333, ""ops"": 0.9333333333333333, ""pa"": 12, ""slg"": 0.6, ""tb_rate"": 0.5}",,9,official_mlb_schedule,High,0.296,TEX,L,4-Seam Fastball 42.9%; Curveball 22.7%; Changeup 12.7%; Slider 8.4%,0.713,27,"4-Seam Fastball: batter est_wOBA 0.580, est_SLG 0.989, pitcher allowed est_wOBA 0.363; Curveball: batter split unavailable",favorable,"4-Seam Fastball: batter est_wOBA 0.580, est_SLG 0.989, pitcher allowed est_wOBA 0.363; Curveball: batter split unavailable",701678,Hao-Yu  Lee,3B,PASS,PASS,0.417,unavailable,unavailable,,MacKenzie Gore,,-4.01,+294,0.253987,0.294118,DET,R,1.5,valid,+240,"lineup/starter change, price move through pass threshold, roof/weather change, or missing pitch-type/Statcast source conflict",,,,,
87.2,0.187,0.024,,L,"4-Seam Fastball: batter est_wOBA 0.233, est_SLG 0.242, pitcher allowed est_wOBA 0.354; Sweeper: batter est_wOBA 0.365, est_SLG 0.323, pitcher allowed est_wOBA 0.246",unavailable,0.081967,,,,,,,,,,,BvP fetch not used in model; point-in-time safe history unavailable,,7.5,7.5,unavailable,CIN@PIT,0.293,unavailable,unavailable,2,-8.2,+13648,0.007274,0.089286,valid,+1020,0.093,0.229508,"{""avg"": 0.23809523809523808, ""games"": 11, ""hr_rate"": 0.045454545454545456, ""ops"": 0.7034632034632035, ""pa"": 44, ""slg"": 0.47619047619047616, ""tb_rate"": 0.45454545454545453}","{""avg"": 0.20689655172413793, ""games"": 24, ""hr_rate"": 0.020202020202020204, ""ops"": 0.5743643329850227, ""pa"": 99, ""slg"": 0.3218390804597701, ""tb_rate"": 0.2828282828282828}","{""avg"": 0.3, ""games"": 6, ""hr_rate"": 0.09523809523809523, ""ops"": 0.9857142857142857, ""pa"": 21, ""slg"": 0.7, ""tb_rate"": 0.6666666666666666}",18.7,1,official_mlb_schedule,High,0.269,PIT,R,4-Seam Fastball 34.2%; Sweeper 19.7%; Sinker 18.2%; Changeup 11.7%,0.549,122,"4-Seam Fastball: batter est_wOBA 0.233, est_SLG 0.242, pitcher allowed est_wOBA 0.354; Sweeper: batter est_wOBA 0.365, est_SLG 0.323, pitcher allowed est_wOBA 0.246",neutral,"4-Seam Fastball: batter est_wOBA 0.233, est_SLG 0.242, pitcher allowed est_wOBA 0.354; Sweeper: batter est_wOBA 0.365, est_SLG 0.323, pitcher allowed est_wOBA 0.246",670770,TJ Friedl,CF,PASS,PASS,0.28,unavailable,unavailable,,Mitch Keller,0.256,-27.93,+707,0.123952,0.403226,CIN,L,1.5,valid,+148,"lineup/starter change, price move through pass threshold, roof/weather change, or missing pitch-type/Statcast source conflict",,,0.189,0.253,0.246
88.3,0.211,0.088,,R,"4-Seam Fastball: batter est_wOBA 0.357, est_SLG 0.418, pitcher allowed est_wOBA 0.354; Sweeper: batter est_wOBA 0.388, est_SLG 0.579, pitcher allowed est_wOBA 0.246",unavailable,0.134328,,,,,,,,,,,BvP fetch not used in model; point-in-time safe history unavailable,,7.5,7.5,unavailable,CIN@PIT,0.325,unavailable,unavailable,2,-6.6,+3782,0.025757,0.091743,valid,+990,0.105,0.253731,"{""avg"": 0.23404255319148937, ""games"": 12, ""hr_rate"": 0.0392156862745098, ""ops"": 0.7196495619524406, ""pa"": 51, ""slg"": 0.425531914893617, ""tb_rate"": 0.39215686274509803}","{""avg"": 0.20618556701030927, ""games"": 26, ""hr_rate"": 0.018018018018018018, ""ops"": 0.6168849261632767, ""pa"": 111, ""slg"": 0.31958762886597936, ""tb_rate"": 0.27927927927927926}","{""avg"": 0.20833333333333334, ""games"": 6, ""hr_rate"": 0.07407407407407407, ""ops"": 0.7962962962962963, ""pa"": 27, ""slg"": 0.5, ""tb_rate"": 0.4444444444444444}",22.2,2,official_mlb_schedule,High,0.328,PIT,R,4-Seam Fastball 34.2%; Sweeper 19.7%; Sinker 18.2%; Changeup 11.7%,0.644,134,"4-Seam Fastball: batter est_wOBA 0.357, est_SLG 0.418, pitcher allowed est_wOBA 0.354; Sweeper: batter est_wOBA 0.388, est_SLG 0.579, pitcher allowed est_wOBA 0.246",neutral,"4-Seam Fastball: batter est_wOBA 0.357, est_SLG 0.418, pitcher allowed est_wOBA 0.354; Sweeper: batter est_wOBA 0.388, est_SLG 0.579, pitcher allowed est_wOBA 0.246",680574,Matt McLain,2B,PASS,PASS,0.316,unavailable,unavailable,,Mitch Keller,0.325,-18.89,+411,0.195748,0.384615,CIN,R,1.5,valid,+160,"lineup/starter change, price move through pass threshold, roof/weather change, or missing pitch-type/Statcast source conflict",,,0.228,0.373,0.325
95.2,0.282,0.167,,S,"4-Seam Fastball: batter est_wOBA 0.434, est_SLG 0.678, pitcher allowed est_wOBA 0.354; Sweeper: batter est_wOBA 0.160, est_SLG 0.041, pitcher allowed est_wOBA 0.246",unavailable,0.101449,,,,,,,,,,,BvP fetch not used in model; point-in-time safe history unavailable,,7.5,7.5,unavailable,CIN@PIT,0.548,unavailable,unavailable,10,-4.59,+683,0.127664,0.173611,valid,+476,0.283,0.289855,"{""avg"": 0.30612244897959184, ""games"": 12, ""hr_rate"": 0.07407407407407407, ""ops"": 0.9622071050642479, ""pa"": 54, ""slg"": 0.5918367346938775, ""tb_rate"": 0.5370370370370371}","{""avg"": 0.2980769230769231, ""games"": 26, ""hr_rate"": 0.06956521739130435, ""ops"": 0.9421404682274247, ""pa"": 115, ""slg"": 0.5769230769230769, ""tb_rate"": 0.5217391304347826}","{""avg"": 0.36363636363636365, ""games"": 6, ""hr_rate"": 0.07692307692307693, ""ops"": 1.097902097902098, ""pa"": 26, ""slg"": 0.6363636363636364, ""tb_rate"": 0.5384615384615384}",15.9,3,official_mlb_schedule,High,0.355,PIT,R,4-Seam Fastball 34.2%; Sweeper 19.7%; Sinker 18.2%; Changeup 11.7%,0.92,138,"4-Seam Fastball: batter est_wOBA 0.434, est_SLG 0.678, pitcher allowed est_wOBA 0.354; Sweeper: batter est_wOBA 0.160, est_SLG 0.041, pitcher allowed est_wOBA 0.246",neutral,"4-Seam Fastball: batter est_wOBA 0.434, est_SLG 0.678, pitcher allowed est_wOBA 0.354; Sweeper: batter est_wOBA 0.160, est_SLG 0.041, pitcher allowed est_wOBA 0.246",682829,Elly De La Cruz,SS,PASS,PASS,0.565,unavailable,unavailable,,Mitch Keller,0.321,-1.69,+118,0.459336,0.47619,CIN,R,1.5,valid,+110,"lineup/starter change, price move through pass threshold, roof/weather change, or missing pitch-type/Statcast source conflict",,,0.274,0.538,0.381
91.2,0.281,0.207,,R,"4-Seam Fastball: batter est_wOBA 0.421, est_SLG 0.550, pitcher allowed est_wOBA 0.354; Sweeper: batter est_wOBA 0.163, est_SLG 0.167, pitcher allowed est_wOBA 0.246",unavailable,0.134328,,,,,,,,,,,BvP fetch not used in model; point-in-time safe history unavailable,,7.5,7.5,unavailable,CIN@PIT,0.446,unavailable,unavailable,9,-6.31,+894,0.100607,0.163666,valid,+511,0.289,0.179104,"{""avg"": 0.25, ""games"": 12, ""hr_rate"": 0.037037037037037035, ""ops"": 0.7314814814814815, ""pa"": 54, ""slg"": 0.4166666666666667, ""tb_rate"": 0.37037037037037035}","{""avg"": 0.23469387755102042, ""games"": 26, ""hr_rate"": 0.0625, ""ops"": 0.7920918367346939, ""pa"": 112, ""slg"": 0.47959183673469385, ""tb_rate"": 0.41964285714285715}","{""avg"": 0.21739130434782608, ""games"": 6, ""hr_rate"": 0.038461538461538464, ""ops"": 0.6989966555183946, ""pa"": 26, ""slg"": 0.391304347826087, ""tb_rate"": 0.34615384615384615}",14.4,4,official_mlb_schedule,High,0.373,PIT,R,4-Seam Fastball 34.2%; Sweeper 19.7%; Sinker 18.2%; Changeup 11.7%,0.943,134,"4-Seam Fastball: batter est_wOBA 0.421, est_SLG 0.550, pitcher allowed est_wOBA 0.354; Sweeper: batter est_wOBA 0.163, est_SLG 0.167, pitcher allowed est_wOBA 0.246",neutral,"4-Seam Fastball: batter est_wOBA 0.421, est_SLG 0.550, pitcher allowed est_wOBA 0.354; Sweeper: batter est_wOBA 0.163, est_SLG 0.167, pitcher allowed est_wOBA 0.246",701398,Sal Stewart,1B,PASS,PASS,0.57,unavailable,unavailable,,Mitch Keller,0.391,-6.7,+158,0.387557,0.454545,CIN,R,1.5,valid,+120,"lineup/starter change, price move through pass threshold, roof/weather change, or missing pitch-type/Statcast source conflict",,,0.28,0.562,0.403
,0.288,,,L,"4-Seam Fastball: batter est_wOBA 0.337, est_SLG 0.295, pitcher allowed est_wOBA 0.354; Sweeper: batter est_wOBA 0.700, est_SLG unavailable, pitcher allowed est_wOBA 0.246",unavailable,0.118644,,,,,,,,,,,BvP fetch not used in model; point-in-time safe history unavailable,,7.5,7.5,unavailable,CIN@PIT,,unavailable,unavailable,5,-0.54,+796,0.111584,0.116959,valid,+755,0.366,0.135593,"{""avg"": 0.3333333333333333, ""games"": 10, ""hr_rate"": 0.1388888888888889, ""ops"": 1.2373737373737375, ""pa"": 36, ""slg"": 0.8484848484848485, ""tb_rate"": 0.7777777777777778}","{""avg"": 0.3, ""games"": 18, ""hr_rate"": 0.08771929824561403, ""ops"": 1.0659649122807018, ""pa"": 57, ""slg"": 0.68, ""tb_rate"": 0.5964912280701754}","{""avg"": 0.36363636363636365, ""games"": 6, ""hr_rate"": 0.2, ""ops"": 1.5309090909090908, ""pa"": 25, ""slg"": 1.0909090909090908, ""tb_rate"": 0.96}",,5,official_mlb_schedule,High,0.373,PIT,R,4-Seam Fastball 34.2%; Sweeper 19.7%; Sinker 18.2%; Changeup 11.7%,1.027,59,"4-Seam Fastball: batter est_wOBA 0.337, est_SLG 0.295, pitcher allowed est_wOBA 0.354; Sweeper: batter est_wOBA 0.700, est_SLG unavailable, pitcher allowed est_wOBA 0.246",favorable,"4-Seam Fastball: batter est_wOBA 0.337, est_SLG 0.295, pitcher allowed est_wOBA 0.354; Sweeper: batter est_wOBA 0.700, est_SLG unavailable, pitcher allowed est_wOBA 0.246",663993,Nathaniel Lowe,DH,PASS,PASS,0.654,unavailable,unavailable,,Mitch Keller,,-3.41,+165,0.37739,0.411523,CIN,R,1.5,valid,+143,"lineup/starter change, price move through pass threshold, roof/weather change, or missing pitch-type/Statcast source conflict",,,,,
89.8,0.237,0.157,,R,"4-Seam Fastball: batter est_wOBA 0.445, est_SLG 0.620, pitcher allowed est_wOBA 0.354; Sweeper: batter est_wOBA 0.232, est_SLG 0.379, pitcher allowed est_wOBA 0.246",unavailable,0.081818,,,,,,,,,,,BvP fetch not used in model; point-in-time safe history unavailable,,7.5,7.5,unavailable,CIN@PIT,0.386,unavailable,unavailable,5,-2.62,+1174,0.078514,0.104712,valid,+855,0.217,0.254545,"{""avg"": 0.2972972972972973, ""games"": 12, ""hr_rate"": 0.044444444444444446, ""ops"": 0.9183183183183183, ""pa"": 45, ""slg"": 0.5405405405405406, ""tb_rate"": 0.4444444444444444}","{""avg"": 0.2619047619047619, ""games"": 25, ""hr_rate"": 0.05319148936170213, ""ops"": 0.8204154002026343, ""pa"": 94, ""slg"": 0.5119047619047619, ""tb_rate"": 0.4574468085106383}","{""avg"": 0.3, ""games"": 6, ""hr_rate"": 0.041666666666666664, ""ops"": 0.875, ""pa"": 24, ""slg"": 0.5, ""tb_rate"": 0.4166666666666667}",19.0,6,official_mlb_schedule,High,0.318,PIT,R,4-Seam Fastball 34.2%; Sweeper 19.7%; Sinker 18.2%; Changeup 11.7%,0.772,110,"4-Seam Fastball: batter est_wOBA 0.445, est_SLG 0.620, pitcher allowed est_wOBA 0.354; Sweeper: batter est_wOBA 0.232, est_SLG 0.379, pitcher allowed est_wOBA 0.246",neutral,"4-Seam Fastball: batter est_wOBA 0.445, est_SLG 0.620, pitcher allowed est_wOBA 0.354; Sweeper: batter est_wOBA 0.232, est_SLG 0.379, pitcher allowed est_wOBA 0.246",668715,Spencer Steer,RF,PASS,PASS,0.454,unavailable,unavailable,,Mitch Keller,0.4,-1.91,+187,0.348529,0.367647,CIN,R,1.5,valid,+172,"lineup/starter change, price move through pass threshold, roof/weather change, or missing pitch-type/Statcast source conflict",,,0.252,0.503,0.365
,0.333,,,L,"4-Seam Fastball: batter est_wOBA 1.147, est_SLG 3.089, pitcher allowed est_wOBA 0.354; Sweeper: batter split unavailable",unavailable,0.333333,,,,,,,,,,,BvP fetch not used in model; point-in-time safe history unavailable,,7.5,7.5,unavailable,CIN@PIT,,unavailable,unavailable,1,-1.34,+719,0.122077,0.135501,valid,+638,0.5,0.111111,"{""avg"": 0.3333333333333333, ""games"": 3, ""hr_rate"": 0.1111111111111111, ""ops"": 1.3888888888888888, ""pa"": 9, ""slg"": 0.8333333333333334, ""tb_rate"": 0.5555555555555556}","{""avg"": 0.3333333333333333, ""games"": 3, ""hr_rate"": 0.1111111111111111, ""ops"": 1.3888888888888888, ""pa"": 9, ""slg"": 0.8333333333333334, ""tb_rate"": 0.5555555555555556}","{""avg"": 0.3333333333333333, ""games"": 3, ""hr_rate"": 0.1111111111111111, ""ops"": 1.3888888888888888, ""pa"": 9, ""slg"": 0.8333333333333334, ""tb_rate"": 0.5555555555555556}",,7,official_mlb_schedule,High,0.556,PIT,R,4-Seam Fastball 34.2%; Sweeper 19.7%; Sinker 18.2%; Changeup 11.7%,1.389,9,"4-Seam Fastball: batter est_wOBA 1.147, est_SLG 3.089, pitcher allowed est_wOBA 0.354; Sweeper: batter split unavailable",favorable,"4-Seam Fastball: batter est_wOBA 1.147, est_SLG 3.089, pitcher allowed est_wOBA 0.354; Sweeper: batter split unavailable",668709,JJ Bleday,LF,PASS,LEAN,0.833,unavailable,unavailable,,Mitch Keller,,6.01,+143,0.412246,0.352113,CIN,L,1.5,valid,+184,"lineup/starter change, price move through pass threshold, roof/weather change, or missing pitch-type/Statcast source conflict",,,,,
94.7,0.178,0.143,,R,"4-Seam Fastball: batter est_wOBA 0.359, est_SLG 0.462, pitcher allowed est_wOBA 0.354; Sweeper: batter est_wOBA 0.131, est_SLG 0.091, pitcher allowed est_wOBA 0.246",unavailable,0.139535,,,,,,,,,,,BvP fetch not used in model; point-in-time safe history unavailable,,7.5,7.5,unavailable,CIN@PIT,0.571,unavailable,unavailable,2,-4.97,+1843,0.051471,0.101215,valid,+888,0.123,0.290698,"{""avg"": 0.18181818181818182, ""games"": 11, ""hr_rate"": 0.0, ""ops"": 0.5358851674641147, ""pa"": 38, ""slg"": 0.2727272727272727, ""tb_rate"": 0.23684210526315788}","{""avg"": 0.203125, ""games"": 21, ""hr_rate"": 0.02631578947368421, ""ops"": 0.6595394736842105, ""pa"": 76, ""slg"": 0.34375, ""tb_rate"": 0.2894736842105263}","{""avg"": 0.25, ""games"": 6, ""hr_rate"": 0.0, ""ops"": 0.7708333333333333, ""pa"": 18, ""slg"": 0.4375, ""tb_rate"": 0.3888888888888889}",25.0,8,official_mlb_schedule,High,0.291,PIT,R,4-Seam Fastball 34.2%; Sweeper 19.7%; Sinker 18.2%; Changeup 11.7%,0.592,86,"4-Seam Fastball: batter est_wOBA 0.359, est_SLG 0.462, pitcher allowed est_wOBA 0.354; Sweeper: batter est_wOBA 0.131, est_SLG 0.091, pitcher allowed est_wOBA 0.246",neutral,"4-Seam Fastball: batter est_wOBA 0.359, est_SLG 0.462, pitcher allowed est_wOBA 0.354; Sweeper: batter est_wOBA 0.131, est_SLG 0.091, pitcher allowed est_wOBA 0.246",663886,Tyler Stephenson,C,PASS,PASS,0.301,unavailable,unavailable,,Mitch Keller,0.367,-12.39,+341,0.227006,0.350877,CIN,R,1.5,valid,+185,"lineup/starter change, price move through pass threshold, roof/weather change, or missing pitch-type/Statcast source conflict",,,0.219,0.435,0.34
91.3,0.13,0.121,,R,"4-Seam Fastball: batter est_wOBA 0.349, est_SLG 0.432, pitcher allowed est_wOBA 0.354; Sweeper: batter est_wOBA 0.108, est_SLG 0.166, pitcher allowed est_wOBA 0.246",unavailable,0.072289,,,,,,,,,,,BvP fetch not used in model; point-in-time safe history unavailable,,7.5,7.5,unavailable,CIN@PIT,0.394,unavailable,unavailable,1,-2.49,+2345,0.040905,0.065789,valid,+1420,0.078,0.13253,"{""avg"": 0.23333333333333334, ""games"": 11, ""hr_rate"": 0.03125, ""ops"": 0.7145833333333333, ""pa"": 32, ""slg"": 0.43333333333333335, ""tb_rate"": 0.40625}","{""avg"": 0.13846153846153847, ""games"": 23, ""hr_rate"": 0.014492753623188406, ""ops"": 0.41917502787068006, ""pa"": 69, ""slg"": 0.23076923076923078, ""tb_rate"": 0.21739130434782608}","{""avg"": 0.2777777777777778, ""games"": 6, ""hr_rate"": 0.0, ""ops"": 0.7222222222222222, ""pa"": 18, ""slg"": 0.4444444444444444, ""tb_rate"": 0.4444444444444444}",18.9,9,official_mlb_schedule,High,0.193,PIT,R,4-Seam Fastball 34.2%; Sweeper 19.7%; Sinker 18.2%; Changeup 11.7%,0.401,83,"4-Seam Fastball: batter est_wOBA 0.349, est_SLG 0.432, pitcher allowed est_wOBA 0.354; Sweeper: batter est_wOBA 0.108, est_SLG 0.166, pitcher allowed est_wOBA 0.246",neutral,"4-Seam Fastball: batter est_wOBA 0.349, est_SLG 0.432, pitcher allowed est_wOBA 0.354; Sweeper: batter est_wOBA 0.108, est_SLG 0.166, pitcher allowed est_wOBA 0.246",663647,Ke'Bryan Hayes,3B,PASS,PASS,0.208,unavailable,unavailable,,Mitch Keller,0.379,-7.6,+323,0.236502,0.3125,CIN,R,1.5,valid,+220,"lineup/starter change, price move through pass threshold, roof/weather change, or missing pitch-type/Statcast source conflict",,,0.245,0.438,0.321
96.2,0.256,0.221,,L,"Sinker: batter est_wOBA 0.389, est_SLG 0.582, pitcher allowed est_wOBA 0.395; Slider: batter est_wOBA 0.116, est_SLG 0.176, pitcher allowed est_wOBA 0.268",unavailable,0.080292,,,,,,,,,,,BvP fetch not used in model; point-in-time safe history unavailable,,7.5,7.5,unavailable,CIN@PIT,0.623,unavailable,unavailable,9,-6.32,+610,0.140906,0.204082,valid,+390,0.256,0.350365,"{""avg"": 0.16326530612244897, ""games"": 11, ""hr_rate"": 0.07547169811320754, ""ops"": 0.6549865229110512, ""pa"": 53, ""slg"": 0.42857142857142855, ""tb_rate"": 0.39622641509433965}","{""avg"": 0.2523364485981308, ""games"": 25, ""hr_rate"": 0.059322033898305086, ""ops"": 0.8088864248376366, ""pa"": 118, ""slg"": 0.4953271028037383, ""tb_rate"": 0.4491525423728814}","{""avg"": 0.13043478260869565, ""games"": 5, ""hr_rate"": 0.04, ""ops"": 0.4608695652173913, ""pa"": 25, ""slg"": 0.2608695652173913, ""tb_rate"": 0.24}",8.8,1,official_mlb_schedule,High,0.321,CIN,R,Sinker 48.7%; Slider 31.4%; Sweeper 12.0%; 4-Seam Fastball 4.1%,0.833,137,"Sinker: batter est_wOBA 0.389, est_SLG 0.582, pitcher allowed est_wOBA 0.395; Slider: batter est_wOBA 0.116, est_SLG 0.176, pitcher allowed est_wOBA 0.268",neutral,"Sinker: batter est_wOBA 0.389, est_SLG 0.582, pitcher allowed est_wOBA 0.395; Slider: batter est_wOBA 0.116, est_SLG 0.176, pitcher allowed est_wOBA 0.268",665833,Oneil Cruz,CF,PASS,PASS,0.512,unavailable,unavailable,,Brady Singer,0.364,-3.81,+124,0.447308,0.485437,PIT,R,1.5,valid,+106,"lineup/starter change, price move through pass threshold, roof/weather change, or missing pitch-type/Statcast source conflict",,,0.263,0.539,0.366
88.4,0.252,0.128,,L,"Sinker: batter est_wOBA 0.298, est_SLG 0.410, pitcher allowed est_wOBA 0.395; Slider: batter est_wOBA 0.270, est_SLG 0.257, pitcher allowed est_wOBA 0.268",unavailable,0.107438,,,,,,,,,,,BvP fetch not used in model; point-in-time safe history unavailable,,7.5,7.5,unavailable,CIN@PIT,0.449,unavailable,unavailable,8,-9.04,+1010,0.090103,0.180505,valid,+454,0.299,0.239669,"{""avg"": 0.23809523809523808, ""games"": 10, ""hr_rate"": 0.022727272727272728, ""ops"": 0.725108225108225, ""pa"": 44, ""slg"": 0.4523809523809524, ""tb_rate"": 0.4318181818181818}","{""avg"": 0.23595505617977527, ""games"": 22, ""hr_rate"": 0.050505050505050504, ""ops"": 0.7861763704460334, ""pa"": 99, ""slg"": 0.48314606741573035, ""tb_rate"": 0.43434343434343436}","{""avg"": 0.2608695652173913, ""games"": 6, ""hr_rate"": 0.041666666666666664, ""ops"": 0.8568840579710144, ""pa"": 24, ""slg"": 0.5652173913043478, ""tb_rate"": 0.5416666666666666}",16.4,2,official_mlb_schedule,High,0.339,CIN,R,Sinker 48.7%; Slider 31.4%; Sweeper 12.0%; 4-Seam Fastball 4.1%,0.89,121,"Sinker: batter est_wOBA 0.298, est_SLG 0.410, pitcher allowed est_wOBA 0.395; Slider: batter est_wOBA 0.270, est_SLG 0.257, pitcher allowed est_wOBA 0.268",neutral,"Sinker: batter est_wOBA 0.298, est_SLG 0.410, pitcher allowed est_wOBA 0.395; Slider: batter est_wOBA 0.270, est_SLG 0.257, pitcher allowed est_wOBA 0.268",664040,Brandon Lowe,2B,PASS,PASS,0.551,unavailable,unavailable,,Brady Singer,0.359,-8.61,+179,0.358312,0.444444,PIT,R,1.5,valid,+125,"lineup/starter change, price move through pass threshold, roof/weather change, or missing pitch-type/Statcast source conflict",,,0.252,0.479,0.356
91.5,0.246,0.091,,S,"Sinker: batter est_wOBA 0.412, est_SLG 0.259, pitcher allowed est_wOBA 0.395; Slider: batter est_wOBA 0.081, est_SLG 0.101, pitcher allowed est_wOBA 0.268",unavailable,0.176056,,,,,,,,,,,BvP fetch not used in model; point-in-time safe history unavailable,,7.5,7.5,unavailable,CIN@PIT,0.442,unavailable,unavailable,3,-10.36,+2179,0.043886,0.147493,valid,+578,0.131,0.267606,"{""avg"": 0.1956521739130435, ""games"": 13, ""hr_rate"": 0.0, ""ops"": 0.6275362318840579, ""pa"": 60, ""slg"": 0.2608695652173913, ""tb_rate"": 0.2}","{""avg"": 0.2608695652173913, ""games"": 27, ""hr_rate"": 0.01680672268907563, ""ops"": 0.7946656923639022, ""pa"": 119, ""slg"": 0.391304347826087, ""tb_rate"": 0.3025210084033613}","{""avg"": 0.21739130434782608, ""games"": 7, ""hr_rate"": 0.0, ""ops"": 0.7105978260869565, ""pa"": 32, ""slg"": 0.30434782608695654, ""tb_rate"": 0.21875}",7.5,3,official_mlb_schedule,High,0.387,CIN,R,Sinker 48.7%; Slider 31.4%; Sweeper 12.0%; 4-Seam Fastball 4.1%,0.764,142,"Sinker: batter est_wOBA 0.412, est_SLG 0.259, pitcher allowed est_wOBA 0.395; Slider: batter est_wOBA 0.081, est_SLG 0.101, pitcher allowed est_wOBA 0.268",neutral,"Sinker: batter est_wOBA 0.412, est_SLG 0.259, pitcher allowed est_wOBA 0.395; Slider: batter est_wOBA 0.081, est_SLG 0.101, pitcher allowed est_wOBA 0.268",668804,Bryan Reynolds,LF,PASS,PASS,0.377,unavailable,unavailable,,Brady Singer,0.312,-22.65,+380,0.208254,0.434783,PIT,R,1.5,valid,+130,"lineup/starter change, price move through pass threshold, roof/weather change, or missing pitch-type/Statcast source conflict",,,0.229,0.388,0.341
90.3,0.306,0.08,,L,"Sinker: batter est_wOBA 0.497, est_SLG 0.716, pitcher allowed est_wOBA 0.395; Slider: batter est_wOBA 0.372, est_SLG 0.392, pitcher allowed est_wOBA 0.268",unavailable,0.11811,,,,,,,,,,,BvP fetch not used in model; point-in-time safe history unavailable,,7.5,7.5,unavailable,CIN@PIT,0.471,unavailable,unavailable,5,-5.62,+1167,0.078951,0.135135,valid,+640,0.175,0.181102,"{""avg"": 0.26666666666666666, ""games"": 12, ""hr_rate"": 0.0392156862745098, ""ops"": 0.7555555555555555, ""pa"": 51, ""slg"": 0.4222222222222222, ""tb_rate"": 0.37254901960784315}","{""avg"": 0.2808988764044944, ""games"": 25, ""hr_rate"": 0.028846153846153848, ""ops"": 0.7731201382886776, ""pa"": 104, ""slg"": 0.42696629213483145, ""tb_rate"": 0.36538461538461536}","{""avg"": 0.25, ""games"": 7, ""hr_rate"": 0.03225806451612903, ""ops"": 0.6831797235023042, ""pa"": 31, ""slg"": 0.39285714285714285, ""tb_rate"": 0.3548387096774194}",11.0,4,official_mlb_schedule,High,0.394,CIN,R,Sinker 48.7%; Slider 31.4%; Sweeper 12.0%; 4-Seam Fastball 4.1%,0.875,127,"Sinker: batter est_wOBA 0.497, est_SLG 0.716, pitcher allowed est_wOBA 0.395; Slider: batter est_wOBA 0.372, est_SLG 0.392, pitcher allowed est_wOBA 0.268",favorable,"Sinker: batter est_wOBA 0.497, est_SLG 0.716, pitcher allowed est_wOBA 0.395; Slider: batter est_wOBA 0.372, est_SLG 0.392, pitcher allowed est_wOBA 0.268",656811,Ryan O'Hearn,RF,PASS,PASS,0.481,unavailable,unavailable,,Brady Singer,0.356,-8.85,+179,0.357936,0.446429,PIT,L,1.5,valid,+124,"lineup/starter change, price move through pass threshold, roof/weather change, or missing pitch-type/Statcast source conflict",,,0.299,0.497,0.389
87.5,0.317,0.012,,R,"Sinker: batter est_wOBA 0.293, est_SLG 0.301, pitcher allowed est_wOBA 0.395; Slider: batter est_wOBA 0.363, est_SLG 0.438, pitcher allowed est_wOBA 0.268",unavailable,0.053571,,,,,,,,,,,BvP fetch not used in model; point-in-time safe history unavailable,,7.5,7.5,unavailable,CIN@PIT,0.422,unavailable,unavailable,0,-4.94,+4445,0.022001,0.071429,valid,+1300,0.048,0.1875,"{""avg"": 0.3829787234042553, ""games"": 13, ""hr_rate"": 0.0, ""ops"": 0.8176887776387151, ""pa"": 51, ""slg"": 0.425531914893617, ""tb_rate"": 0.39215686274509803}","{""avg"": 0.3170731707317073, ""games"": 24, ""hr_rate"": 0.0, ""ops"": 0.7141682652781585, ""pa"": 89, ""slg"": 0.36585365853658536, ""tb_rate"": 0.33707865168539325}","{""avg"": 0.4074074074074074, ""games"": 7, ""hr_rate"": 0.0, ""ops"": 0.9148148148148147, ""pa"": 30, ""slg"": 0.48148148148148145, ""tb_rate"": 0.43333333333333335}",5.8,5,official_mlb_schedule,High,0.366,CIN,R,Sinker 48.7%; Slider 31.4%; Sweeper 12.0%; 4-Seam Fastball 4.1%,0.731,112,"Sinker: batter est_wOBA 0.293, est_SLG 0.301, pitcher allowed est_wOBA 0.395; Slider: batter est_wOBA 0.363, est_SLG 0.438, pitcher allowed est_wOBA 0.268",neutral,"Sinker: batter est_wOBA 0.293, est_SLG 0.301, pitcher allowed est_wOBA 0.395; Slider: batter est_wOBA 0.363, est_SLG 0.438, pitcher allowed est_wOBA 0.268",693304,Nick Gonzales,3B,PASS,PASS,0.365,unavailable,unavailable,,Brady Singer,0.349,-16.36,+284,0.260112,0.423729,PIT,R,1.5,valid,+136,"lineup/starter change, price move through pass threshold, roof/weather change, or missing pitch-type/Statcast source conflict",,,0.306,0.392,0.333
88.0,0.162,0.086,,R,"Sinker: batter est_wOBA 0.297, est_SLG 0.373, pitcher allowed est_wOBA 0.395; Slider: batter est_wOBA 0.275, est_SLG 0.460, pitcher allowed est_wOBA 0.268",unavailable,0.065421,,,,,,,,,,,BvP fetch not used in model; point-in-time safe history unavailable,,7.5,7.5,unavailable,CIN@PIT,0.371,unavailable,unavailable,2,-8.29,+3290,0.029497,0.11236,valid,+790,0.08,0.271028,"{""avg"": 0.20454545454545456, ""games"": 12, ""hr_rate"": 0.021739130434782608, ""ops"": 0.5128458498023716, ""pa"": 46, ""slg"": 0.29545454545454547, ""tb_rate"": 0.2826086956521739}","{""avg"": 0.18072289156626506, ""games"": 22, ""hr_rate"": 0.02247191011235955, ""ops"": 0.5018275348585353, ""pa"": 89, ""slg"": 0.27710843373493976, ""tb_rate"": 0.25842696629213485}","{""avg"": 0.10526315789473684, ""games"": 6, ""hr_rate"": 0.0, ""ops"": 0.25526315789473686, ""pa"": 20, ""slg"": 0.10526315789473684, ""tb_rate"": 0.1}",24.0,6,official_mlb_schedule,High,0.224,CIN,R,Sinker 48.7%; Slider 31.4%; Sweeper 12.0%; 4-Seam Fastball 4.1%,0.466,107,"Sinker: batter est_wOBA 0.297, est_SLG 0.373, pitcher allowed est_wOBA 0.395; Slider: batter est_wOBA 0.275, est_SLG 0.460, pitcher allowed est_wOBA 0.268",neutral,"Sinker: batter est_wOBA 0.297, est_SLG 0.373, pitcher allowed est_wOBA 0.395; Slider: batter est_wOBA 0.275, est_SLG 0.460, pitcher allowed est_wOBA 0.268",542303,Marcell Ozuna,DH,PASS,PASS,0.242,unavailable,unavailable,,Brady Singer,0.357,-21.79,+511,0.163797,0.381679,PIT,R,1.5,valid,+162,"lineup/starter change, price move through pass threshold, roof/weather change, or missing pitch-type/Statcast source conflict",,,0.219,0.388,0.292
85.6,0.25,0.014,,L,"Sinker: batter est_wOBA 0.335, est_SLG 0.235, pitcher allowed est_wOBA 0.395; Slider: batter est_wOBA 0.344, est_SLG 0.511, pitcher allowed est_wOBA 0.268",unavailable,0.147059,,,,,,,,,,,BvP fetch not used in model; point-in-time safe history unavailable,,7.5,7.5,unavailable,CIN@PIT,0.282,unavailable,unavailable,3,-5.21,+3400,0.02857,0.080645,valid,+1140,0.131,0.147059,"{""avg"": 0.2894736842105263, ""games"": 12, ""hr_rate"": 0.043478260869565216, ""ops"": 0.8649885583524027, ""pa"": 46, ""slg"": 0.47368421052631576, ""tb_rate"": 0.391304347826087}","{""avg"": 0.2777777777777778, ""games"": 25, ""hr_rate"": 0.03333333333333333, ""ops"": 0.8194444444444444, ""pa"": 90, ""slg"": 0.4305555555555556, ""tb_rate"": 0.34444444444444444}","{""avg"": 0.22727272727272727, ""games"": 7, ""hr_rate"": 0.038461538461538464, ""ops"": 0.6713286713286714, ""pa"": 26, ""slg"": 0.36363636363636365, ""tb_rate"": 0.3076923076923077}",14.4,7,official_mlb_schedule,High,0.363,CIN,R,Sinker 48.7%; Slider 31.4%; Sweeper 12.0%; 4-Seam Fastball 4.1%,0.744,102,"Sinker: batter est_wOBA 0.335, est_SLG 0.235, pitcher allowed est_wOBA 0.395; Slider: batter est_wOBA 0.344, est_SLG 0.511, pitcher allowed est_wOBA 0.268",neutral,"Sinker: batter est_wOBA 0.335, est_SLG 0.235, pitcher allowed est_wOBA 0.395; Slider: batter est_wOBA 0.344, est_SLG 0.511, pitcher allowed est_wOBA 0.268",687462,Spencer Horwitz,1B,PASS,PASS,0.381,unavailable,unavailable,,Brady Singer,0.239,-14.85,+385,0.206098,0.35461,PIT,R,1.5,valid,+182,"lineup/starter change, price move through pass threshold, roof/weather change, or missing pitch-type/Statcast source conflict",,,0.224,0.312,0.306
87.8,0.231,0.097,,R,"Sinker: batter est_wOBA 0.426, est_SLG 0.539, pitcher allowed est_wOBA 0.395; Slider: batter est_wOBA 0.265, est_SLG 0.375, pitcher allowed est_wOBA 0.268",unavailable,0.06,,,,,,,,,,,BvP fetch not used in model; point-in-time safe history unavailable,,7.5,7.5,unavailable,CIN@PIT,0.306,unavailable,unavailable,2,-4.65,+2614,0.036843,0.083333,valid,+1100,0.11,0.3,"{""avg"": 0.24489795918367346, ""games"": 13, ""hr_rate"": 0.038461538461538464, ""ops"": 0.6558084772370487, ""pa"": 52, ""slg"": 0.3673469387755102, ""tb_rate"": 0.34615384615384615}","{""avg"": 0.23076923076923078, ""games"": 26, ""hr_rate"": 0.02, ""ops"": 0.6106593406593407, ""pa"": 100, ""slg"": 0.34065934065934067, ""tb_rate"": 0.31}","{""avg"": 0.36, ""games"": 7, ""hr_rate"": 0.07407407407407407, ""ops"": 1.0074074074074073, ""pa"": 27, ""slg"": 0.6, ""tb_rate"": 0.5555555555555556}",7.4,8,official_mlb_schedule,High,0.29,CIN,R,Sinker 48.7%; Slider 31.4%; Sweeper 12.0%; 4-Seam Fastball 4.1%,0.631,100,"Sinker: batter est_wOBA 0.426, est_SLG 0.539, pitcher allowed est_wOBA 0.395; Slider: batter est_wOBA 0.265, est_SLG 0.375, pitcher allowed est_wOBA 0.268",favorable,"Sinker: batter est_wOBA 0.426, est_SLG 0.539, pitcher allowed est_wOBA 0.395; Slider: batter est_wOBA 0.265, est_SLG 0.375, pitcher allowed est_wOBA 0.268",804606,Konnor Griffin,SS,PASS,PASS,0.341,unavailable,unavailable,,Brady Singer,0.323,-15.83,+387,0.205373,0.363636,PIT,R,1.5,valid,+175,"lineup/starter change, price move through pass threshold, roof/weather change, or missing pitch-type/Statcast source conflict",,,0.218,0.369,0.287
89.3,0.154,0.039,,R,"Sinker: batter est_wOBA 0.326, est_SLG 0.339, pitcher allowed est_wOBA 0.395; Slider: batter est_wOBA 0.280, est_SLG 0.316, pitcher allowed est_wOBA 0.268",unavailable,0.081081,,,,,,,,,,,BvP fetch not used in model; point-in-time safe history unavailable,,7.5,7.5,unavailable,CIN@PIT,0.353,unavailable,unavailable,0,-10.35,+24900,0.004,0.107527,valid,+830,0.046,0.202703,"{""avg"": 0.07142857142857142, ""games"": 10, ""hr_rate"": 0.0, ""ops"": 0.20046082949308755, ""pa"": 31, ""slg"": 0.07142857142857142, ""tb_rate"": 0.06451612903225806}","{""avg"": 0.14814814814814814, ""games"": 20, ""hr_rate"": 0.0, ""ops"": 0.381906496660595, ""pa"": 61, ""slg"": 0.18518518518518517, ""tb_rate"": 0.16393442622950818}","{""avg"": 0.11764705882352941, ""games"": 6, ""hr_rate"": 0.0, ""ops"": 0.23529411764705882, ""pa"": 17, ""slg"": 0.11764705882352941, ""tb_rate"": 0.11764705882352941}",16.4,9,official_mlb_schedule,High,0.247,CIN,R,Sinker 48.7%; Slider 31.4%; Sweeper 12.0%; 4-Seam Fastball 4.1%,0.447,74,"Sinker: batter est_wOBA 0.326, est_SLG 0.339, pitcher allowed est_wOBA 0.395; Slider: batter est_wOBA 0.280, est_SLG 0.316, pitcher allowed est_wOBA 0.268",neutral,"Sinker: batter est_wOBA 0.326, est_SLG 0.339, pitcher allowed est_wOBA 0.395; Slider: batter est_wOBA 0.280, est_SLG 0.316, pitcher allowed est_wOBA 0.268",680779,Henry Davis,C,PASS,PASS,0.2,unavailable,unavailable,,Brady Singer,0.196,-26.57,+1567,0.06,0.325733,PIT,R,1.5,valid,+207,"lineup/starter change, price move through pass threshold, roof/weather change, or missing pitch-type/Statcast source conflict",,,0.165,0.221,0.227
90.2,0.244,0.14,,L,"4-Seam Fastball: batter est_wOBA 0.330, est_SLG 0.335, pitcher allowed est_wOBA 0.321; Sinker: batter est_wOBA 0.505, est_SLG 0.622, pitcher allowed est_wOBA 0.405",unavailable,0.191919,,,,,,,,,,,BvP fetch not used in model; point-in-time safe history unavailable,,7.5,7.5,unavailable,MIL@WSH,0.488,unavailable,unavailable,1,-11.34,+2044,0.046647,0.16,valid,+525,0.128,0.363636,"{""avg"": 0.21621621621621623, ""games"": 12, ""hr_rate"": 0.0, ""ops"": 0.6721504112808461, ""pa"": 46, ""slg"": 0.32432432432432434, ""tb_rate"": 0.2608695652173913}","{""avg"": 0.25, ""games"": 24, ""hr_rate"": 0.011764705882352941, ""ops"": 0.7852941176470588, ""pa"": 85, ""slg"": 0.39705882352941174, ""tb_rate"": 0.3176470588235294}","{""avg"": 0.21052631578947367, ""games"": 6, ""hr_rate"": 0.0, ""ops"": 0.5358851674641147, ""pa"": 22, ""slg"": 0.2631578947368421, ""tb_rate"": 0.22727272727272727}",6.4,1,official_mlb_schedule,High,0.398,WSH,R,4-Seam Fastball 29.7%; Sinker 22.7%; Curveball 20.2%; Cutter 12.1%,0.77,99,"4-Seam Fastball: batter est_wOBA 0.330, est_SLG 0.335, pitcher allowed est_wOBA 0.321; Sinker: batter est_wOBA 0.505, est_SLG 0.622, pitcher allowed est_wOBA 0.405",favorable,"4-Seam Fastball: batter est_wOBA 0.330, est_SLG 0.335, pitcher allowed est_wOBA 0.321; Sinker: batter est_wOBA 0.505, est_SLG 0.622, pitcher allowed est_wOBA 0.405",669003,Garrett Mitchell,CF,PASS,PASS,0.372,unavailable,unavailable,,Jake Irvin,0.302,-18.79,+321,0.237598,0.425532,MIL,R,1.5,valid,+135,"lineup/starter change, price move through pass threshold, roof/weather change, or missing pitch-type/Statcast source conflict",,,0.211,0.379,0.341
93.2,0.291,0.117,,L,"4-Seam Fastball: batter est_wOBA 0.435, est_SLG 0.610, pitcher allowed est_wOBA 0.321; Sinker: batter est_wOBA 0.509, est_SLG 0.742, pitcher allowed est_wOBA 0.405",unavailable,0.186047,,,,,,,,,,,BvP fetch not used in model; point-in-time safe history unavailable,,7.5,7.5,unavailable,MIL@WSH,0.545,unavailable,unavailable,4,-6.33,+1004,0.090549,0.153846,valid,+550,0.214,0.217054,"{""avg"": 0.27906976744186046, ""games"": 12, ""hr_rate"": 0.01818181818181818, ""ops"": 0.8367864693446089, ""pa"": 55, ""slg"": 0.4186046511627907, ""tb_rate"": 0.32727272727272727}","{""avg"": 0.26506024096385544, ""games"": 23, ""hr_rate"": 0.03773584905660377, ""ops"": 0.8875880882018641, ""pa"": 106, ""slg"": 0.4819277108433735, ""tb_rate"": 0.37735849056603776}","{""avg"": 0.3333333333333333, ""games"": 6, ""hr_rate"": 0.0, ""ops"": 0.9377289377289377, ""pa"": 26, ""slg"": 0.47619047619047616, ""tb_rate"": 0.38461538461538464}",9.1,2,official_mlb_schedule,High,0.422,WSH,R,4-Seam Fastball 29.7%; Sinker 22.7%; Curveball 20.2%; Cutter 12.1%,0.927,129,"4-Seam Fastball: batter est_wOBA 0.435, est_SLG 0.610, pitcher allowed est_wOBA 0.321; Sinker: batter est_wOBA 0.509, est_SLG 0.742, pitcher allowed est_wOBA 0.405",favorable,"4-Seam Fastball: batter est_wOBA 0.435, est_SLG 0.610, pitcher allowed est_wOBA 0.321; Sinker: batter est_wOBA 0.509, est_SLG 0.742, pitcher allowed est_wOBA 0.405",668930,Brice Turang,2B,PASS,PASS,0.505,unavailable,unavailable,,Jake Irvin,0.442,-4.17,+142,0.412798,0.454545,MIL,R,1.5,valid,+120,"lineup/starter change, price move through pass threshold, roof/weather change, or missing pitch-type/Statcast source conflict",,,0.292,0.555,0.42
89.6,0.288,0.082,,R,"4-Seam Fastball: batter est_wOBA 0.382, est_SLG 0.522, pitcher allowed est_wOBA 0.321; Sinker: batter est_wOBA 0.407, est_SLG 0.463, pitcher allowed est_wOBA 0.405",unavailable,0.104839,,,,,,,,,,,BvP fetch not used in model; point-in-time safe history unavailable,,7.5,7.5,unavailable,MIL@WSH,0.433,unavailable,unavailable,3,-11.26,+1869,0.050799,0.163399,valid,+512,0.144,0.112903,"{""avg"": 0.25, ""games"": 12, ""hr_rate"": 0.0196078431372549, ""ops"": 0.6691176470588236, ""pa"": 51, ""slg"": 0.375, ""tb_rate"": 0.35294117647058826}","{""avg"": 0.30434782608695654, ""games"": 23, ""hr_rate"": 0.019801980198019802, ""ops"": 0.7902496771416272, ""pa"": 101, ""slg"": 0.42391304347826086, ""tb_rate"": 0.38613861386138615}","{""avg"": 0.28, ""games"": 6, ""hr_rate"": 0.037037037037037035, ""ops"": 0.7733333333333333, ""pa"": 27, ""slg"": 0.44, ""tb_rate"": 0.4074074074074074}",13.1,3,official_mlb_schedule,High,0.363,WSH,R,4-Seam Fastball 29.7%; Sinker 22.7%; Curveball 20.2%; Cutter 12.1%,0.795,124,"4-Seam Fastball: batter est_wOBA 0.382, est_SLG 0.522, pitcher allowed est_wOBA 0.321; Sinker: batter est_wOBA 0.407, est_SLG 0.463, pitcher allowed est_wOBA 0.405",favorable,"4-Seam Fastball: batter est_wOBA 0.382, est_SLG 0.522, pitcher allowed est_wOBA 0.321; Sinker: batter est_wOBA 0.407, est_SLG 0.463, pitcher allowed est_wOBA 0.405",661388,William Contreras,C,PASS,PASS,0.432,unavailable,unavailable,,Jake Irvin,0.268,-19.3,+247,0.287785,0.480769,MIL,R,1.5,valid,+108,"lineup/starter change, price move through pass threshold, roof/weather change, or missing pitch-type/Statcast source conflict",,,0.275,0.446,0.348
93.4,0.26,0.103,,L,"4-Seam Fastball: batter est_wOBA 0.439, est_SLG 0.619, pitcher allowed est_wOBA 0.321; Sinker: batter est_wOBA 0.316, est_SLG 0.285, pitcher allowed est_wOBA 0.405",unavailable,0.082569,,,,,,,,,,,BvP fetch not used in model; point-in-time safe history unavailable,,7.5,7.5,unavailable,MIL@WSH,0.551,unavailable,unavailable,5,-12.18,+1153,0.079787,0.201613,valid,+396,0.2,0.201835,"{""avg"": 0.3111111111111111, ""games"": 11, ""hr_rate"": 0.0, ""ops"": 0.7541666666666667, ""pa"": 48, ""slg"": 0.4, ""tb_rate"": 0.375}","{""avg"": 0.24691358024691357, ""games"": 23, ""hr_rate"": 0.03333333333333333, ""ops"": 0.7419753086419754, ""pa"": 90, ""slg"": 0.41975308641975306, ""tb_rate"": 0.37777777777777777}","{""avg"": 0.3333333333333333, ""games"": 6, ""hr_rate"": 0.0, ""ops"": 0.842948717948718, ""pa"": 26, ""slg"": 0.4583333333333333, ""tb_rate"": 0.4230769230769231}",10.1,4,official_mlb_schedule,High,0.321,WSH,R,4-Seam Fastball 29.7%; Sinker 22.7%; Curveball 20.2%; Cutter 12.1%,0.781,109,"4-Seam Fastball: batter est_wOBA 0.439, est_SLG 0.619, pitcher allowed est_wOBA 0.321; Sinker: batter est_wOBA 0.316, est_SLG 0.285, pitcher allowed est_wOBA 0.405",favorable,"4-Seam Fastball: batter est_wOBA 0.439, est_SLG 0.619, pitcher allowed est_wOBA 0.321; Sinker: batter est_wOBA 0.316, est_SLG 0.285, pitcher allowed est_wOBA 0.405",641343,Jake Bauers,1B,PASS,PASS,0.46,unavailable,unavailable,,Jake Irvin,0.295,-8.73,+177,0.361148,0.44843,MIL,L,1.5,valid,+123,"lineup/starter change, price move through pass threshold, roof/weather change, or missing pitch-type/Statcast source conflict",,,0.266,0.469,0.335
87.1,0.188,0.067,,S,"4-Seam Fastball: batter est_wOBA 0.347, est_SLG 0.371, pitcher allowed est_wOBA 0.321; Sinker: batter est_wOBA 0.239, est_SLG 0.304, pitcher allowed est_wOBA 0.405",unavailable,0.073684,,,,,,,,,,,BvP fetch not used in model; point-in-time safe history unavailable,,7.5,7.5,unavailable,MIL@WSH,0.36,unavailable,unavailable,0,-12.25,+6371,0.015455,0.137931,valid,+625,0.094,0.126316,"{""avg"": 0.2702702702702703, ""games"": 12, ""hr_rate"": 0.0, ""ops"": 0.7039597737272156, ""pa"": 43, ""slg"": 0.3783783783783784, ""tb_rate"": 0.32558139534883723}","{""avg"": 0.19444444444444445, ""games"": 22, ""hr_rate"": 0.0, ""ops"": 0.5430555555555556, ""pa"": 80, ""slg"": 0.3055555555555556, ""tb_rate"": 0.275}","{""avg"": 0.2222222222222222, ""games"": 6, ""hr_rate"": 0.0, ""ops"": 0.5964912280701754, ""pa"": 19, ""slg"": 0.3333333333333333, ""tb_rate"": 0.3157894736842105}",5.4,5,official_mlb_schedule,High,0.255,WSH,R,4-Seam Fastball 29.7%; Sinker 22.7%; Curveball 20.2%; Cutter 12.1%,0.537,95,"4-Seam Fastball: batter est_wOBA 0.347, est_SLG 0.371, pitcher allowed est_wOBA 0.321; Sinker: batter est_wOBA 0.239, est_SLG 0.304, pitcher allowed est_wOBA 0.405",neutral,"4-Seam Fastball: batter est_wOBA 0.347, est_SLG 0.371, pitcher allowed est_wOBA 0.321; Sinker: batter est_wOBA 0.239, est_SLG 0.304, pitcher allowed est_wOBA 0.405",650859,Luis Rengifo,3B,PASS,PASS,0.282,unavailable,unavailable,,Jake Irvin,0.333,-26.55,+441,0.184916,0.45045,MIL,R,1.5,valid,+122,"lineup/starter change, price move through pass threshold, roof/weather change, or missing pitch-type/Statcast source conflict",,,0.232,0.337,0.283
,0.389,,,L,"4-Seam Fastball: batter est_wOBA 0.057, est_SLG 0.081, pitcher allowed est_wOBA 0.321; Sinker: batter split unavailable",unavailable,0.052632,,,,,,,,,,,BvP fetch not used in model; point-in-time safe history unavailable,,7.5,7.5,unavailable,MIL@WSH,,unavailable,unavailable,0,-4.97,+2257,0.042432,0.092166,valid,+985,0.111,0.210526,"{""avg"": 0.3888888888888889, ""games"": 5, ""hr_rate"": 0.0, ""ops"": 0.9210526315789473, ""pa"": 19, ""slg"": 0.5, ""tb_rate"": 0.47368421052631576}","{""avg"": 0.3888888888888889, ""games"": 5, ""hr_rate"": 0.0, ""ops"": 0.9210526315789473, ""pa"": 19, ""slg"": 0.5, ""tb_rate"": 0.47368421052631576}","{""avg"": 0.3888888888888889, ""games"": 5, ""hr_rate"": 0.0, ""ops"": 0.9210526315789473, ""pa"": 19, ""slg"": 0.5, ""tb_rate"": 0.47368421052631576}",,6,official_mlb_schedule,High,0.421,WSH,R,4-Seam Fastball 29.7%; Sinker 22.7%; Curveball 20.2%; Cutter 12.1%,0.921,19,"4-Seam Fastball: batter est_wOBA 0.057, est_SLG 0.081, pitcher allowed est_wOBA 0.321; Sinker: batter split unavailable",unfavorable,"4-Seam Fastball: batter est_wOBA 0.057, est_SLG 0.081, pitcher allowed est_wOBA 0.321; Sinker: batter split unavailable",672012,Tyler Black,DH,PASS,PASS,0.5,unavailable,unavailable,,Jake Irvin,,-5.18,+222,0.310509,0.362319,MIL,R,1.5,valid,+176,"lineup/starter change, price move through pass threshold, roof/weather change, or missing pitch-type/Statcast source conflict",,,,,
86.1,0.211,0.038,,L,"4-Seam Fastball: batter est_wOBA 0.223, est_SLG 0.175, pitcher allowed est_wOBA 0.321; Sinker: batter est_wOBA 0.355, est_SLG 0.455, pitcher allowed est_wOBA 0.405",unavailable,0.119266,,,,,,,,,,,BvP fetch not used in model; point-in-time safe history unavailable,,7.5,7.5,unavailable,MIL@WSH,0.266,unavailable,unavailable,3,-5.46,+3377,0.028762,0.083333,valid,+1100,0.122,0.119266,"{""avg"": 0.2647058823529412, ""games"": 12, ""hr_rate"": 0.047619047619047616, ""ops"": 0.7507002801120448, ""pa"": 42, ""slg"": 0.4411764705882353, ""tb_rate"": 0.35714285714285715}","{""avg"": 0.2191780821917808, ""games"": 24, ""hr_rate"": 0.022988505747126436, ""ops"": 0.6024248149897653, ""pa"": 87, ""slg"": 0.3150684931506849, ""tb_rate"": 0.26436781609195403}","{""avg"": 0.21428571428571427, ""games"": 6, ""hr_rate"": 0.09523809523809523, ""ops"": 0.9285714285714286, ""pa"": 21, ""slg"": 0.6428571428571429, ""tb_rate"": 0.42857142857142855}",10.3,7,official_mlb_schedule,High,0.311,WSH,R,4-Seam Fastball 29.7%; Sinker 22.7%; Curveball 20.2%; Cutter 12.1%,0.644,109,"4-Seam Fastball: batter est_wOBA 0.223, est_SLG 0.175, pitcher allowed est_wOBA 0.321; Sinker: batter est_wOBA 0.355, est_SLG 0.455, pitcher allowed est_wOBA 0.405",neutral,"4-Seam Fastball: batter est_wOBA 0.223, est_SLG 0.175, pitcher allowed est_wOBA 0.321; Sinker: batter est_wOBA 0.355, est_SLG 0.455, pitcher allowed est_wOBA 0.405",686217,Sal Frelick,RF,PASS,PASS,0.333,unavailable,unavailable,,Jake Irvin,0.278,-19.82,+415,0.193994,0.392157,MIL,R,1.5,valid,+155,"lineup/starter change, price move through pass threshold, roof/weather change, or missing pitch-type/Statcast source conflict",,,0.236,0.343,0.303
,0.122,,,S,"4-Seam Fastball: batter est_wOBA 0.200, est_SLG 0.259, pitcher allowed est_wOBA 0.321; Sinker: batter est_wOBA 0.460, est_SLG 0.391, pitcher allowed est_wOBA 0.405",unavailable,0.104167,,,,,,,,,,,BvP fetch not used in model; point-in-time safe history unavailable,,7.5,7.5,unavailable,MIL@WSH,,unavailable,unavailable,0,-9.6,+7795,0.012666,0.108696,valid,+820,0.073,0.25,"{""avg"": 0.09090909090909091, ""games"": 6, ""hr_rate"": 0.0, ""ops"": 0.3356643356643357, ""pa"": 13, ""slg"": 0.18181818181818182, ""tb_rate"": 0.15384615384615385}","{""avg"": 0.1111111111111111, ""games"": 14, ""hr_rate"": 0.0, ""ops"": 0.3571428571428571, ""pa"": 42, ""slg"": 0.16666666666666666, ""tb_rate"": 0.14285714285714285}","{""avg"": 0.0, ""games"": 3, ""hr_rate"": 0.0, ""ops"": 0.0, ""pa"": 4, ""slg"": 0.0, ""tb_rate"": 0.0}",,8,official_mlb_schedule,High,0.234,WSH,R,4-Seam Fastball 29.7%; Sinker 22.7%; Curveball 20.2%; Cutter 12.1%,0.429,48,"4-Seam Fastball: batter est_wOBA 0.200, est_SLG 0.259, pitcher allowed est_wOBA 0.321; Sinker: batter est_wOBA 0.460, est_SLG 0.391, pitcher allowed est_wOBA 0.405",neutral,"4-Seam Fastball: batter est_wOBA 0.200, est_SLG 0.259, pitcher allowed est_wOBA 0.321; Sinker: batter est_wOBA 0.460, est_SLG 0.391, pitcher allowed est_wOBA 0.405",663368,Blake Perkins,LF,PASS,PASS,0.195,unavailable,unavailable,,Jake Irvin,,-26.48,+766,0.115465,0.380228,MIL,R,1.5,valid,+163,"lineup/starter change, price move through pass threshold, roof/weather change, or missing pitch-type/Statcast source conflict",,,,,
84.6,0.24,0.032,,L,"4-Seam Fastball: batter est_wOBA 0.371, est_SLG 0.431, pitcher allowed est_wOBA 0.321; Sinker: batter est_wOBA 0.451, est_SLG 0.396, pitcher allowed est_wOBA 0.405",unavailable,0.120879,,,,,,,,,,,BvP fetch not used in model; point-in-time safe history unavailable,,7.5,7.5,unavailable,MIL@WSH,0.279,unavailable,unavailable,0,-8.86,+24900,0.004,0.092593,valid,+980,0.027,0.175824,"{""avg"": 0.2702702702702703, ""games"": 11, ""hr_rate"": 0.0, ""ops"": 0.6243243243243244, ""pa"": 40, ""slg"": 0.32432432432432434, ""tb_rate"": 0.3}","{""avg"": 0.2537313432835821, ""games"": 22, ""hr_rate"": 0.0, ""ops"": 0.5912743972445464, ""pa"": 78, ""slg"": 0.2835820895522388, ""tb_rate"": 0.24358974358974358}","{""avg"": 0.2222222222222222, ""games"": 6, ""hr_rate"": 0.0, ""ops"": 0.5438596491228069, ""pa"": 19, ""slg"": 0.3333333333333333, ""tb_rate"": 0.3157894736842105}",9.4,9,official_mlb_schedule,High,0.345,WSH,R,4-Seam Fastball 29.7%; Sinker 22.7%; Curveball 20.2%; Cutter 12.1%,0.612,91,"4-Seam Fastball: batter est_wOBA 0.371, est_SLG 0.431, pitcher allowed est_wOBA 0.321; Sinker: batter est_wOBA 0.451, est_SLG 0.396, pitcher allowed est_wOBA 0.405",favorable,"4-Seam Fastball: batter est_wOBA 0.371, est_SLG 0.431, pitcher allowed est_wOBA 0.321; Sinker: batter est_wOBA 0.451, est_SLG 0.396, pitcher allowed est_wOBA 0.405",666152,David Hamilton,SS,PASS,PASS,0.267,unavailable,unavailable,,Jake Irvin,0.177,-22.19,+754,0.117068,0.338983,MIL,R,1.5,valid,+195,"lineup/starter change, price move through pass threshold, roof/weather change, or missing pitch-type/Statcast source conflict",,,0.226,0.313,0.3
97.3,0.238,0.292,,L,"4-Seam Fastball: batter est_wOBA 0.500, est_SLG 0.748, pitcher allowed est_wOBA 0.306; Slider: batter est_wOBA 0.350, est_SLG 0.529, pitcher allowed est_wOBA 0.223",unavailable,0.2,,,,,,,,,,,BvP fetch not used in model; point-in-time safe history unavailable,,5.8,7.5,unavailable,MIL@WSH,0.639,unavailable,unavailable,10,,+627,0.137537,,missing,,0.303,0.322581,"{""avg"": 0.20454545454545456, ""games"": 13, ""hr_rate"": 0.08064516129032258, ""ops"": 0.9875366568914956, ""pa"": 62, ""slg"": 0.5681818181818182, ""tb_rate"": 0.4032258064516129}","{""avg"": 0.26, ""games"": 27, ""hr_rate"": 0.06923076923076923, ""ops"": 0.9953846153846153, ""pa"": 130, ""slg"": 0.58, ""tb_rate"": 0.4461538461538462}","{""avg"": 0.15, ""games"": 6, ""hr_rate"": 0.0, ""ops"": 0.5928571428571429, ""pa"": 28, ""slg"": 0.2, ""tb_rate"": 0.14285714285714285}",9.8,1,official_mlb_schedule,High,0.4,MIL,R,4-Seam Fastball 61.3%; Slider 23.1%; Curveball 13.2%; Changeup 2.4%,0.941,155,"4-Seam Fastball: batter est_wOBA 0.500, est_SLG 0.748, pitcher allowed est_wOBA 0.306; Slider: batter est_wOBA 0.350, est_SLG 0.529, pitcher allowed est_wOBA 0.223",favorable,"4-Seam Fastball: batter est_wOBA 0.500, est_SLG 0.748, pitcher allowed est_wOBA 0.306; Slider: batter est_wOBA 0.350, est_SLG 0.529, pitcher allowed est_wOBA 0.223",695578,James Wood,RF,WATCHLIST,LEAN,0.541,unavailable,unavailable,,Jacob Misiorowski,0.389,8.97,+104,0.489693,0.4,WSH,R,1.5,valid,+150,"lineup/starter change, price move through pass threshold, roof/weather change, or missing pitch-type/Statcast source conflict",,,0.267,0.62,0.433
92.4,0.253,0.06,,L,"4-Seam Fastball: batter est_wOBA 0.408, est_SLG 0.583, pitcher allowed est_wOBA 0.306; Slider: batter est_wOBA 0.309, est_SLG 0.444, pitcher allowed est_wOBA 0.223",unavailable,0.038462,,,,,,,,,,,BvP fetch not used in model; point-in-time safe history unavailable,,5.8,7.5,unavailable,MIL@WSH,0.464,unavailable,unavailable,1,,+7303,0.013508,,missing,,0.111,0.153846,"{""avg"": 0.28205128205128205, ""games"": 12, ""hr_rate"": 0.0, ""ops"": 0.6516572858036273, ""pa"": 41, ""slg"": 0.358974358974359, ""tb_rate"": 0.34146341463414637}","{""avg"": 0.25925925925925924, ""games"": 25, ""hr_rate"": 0.011627906976744186, ""ops"": 0.6734137238013207, ""pa"": 86, ""slg"": 0.38271604938271603, ""tb_rate"": 0.36046511627906974}","{""avg"": 0.29411764705882354, ""games"": 5, ""hr_rate"": 0.0, ""ops"": 0.6895424836601307, ""pa"": 18, ""slg"": 0.4117647058823529, ""tb_rate"": 0.3888888888888889}",11.5,2,official_mlb_schedule,High,0.279,MIL,R,4-Seam Fastball 61.3%; Slider 23.1%; Curveball 13.2%; Changeup 2.4%,0.643,104,"4-Seam Fastball: batter est_wOBA 0.408, est_SLG 0.583, pitcher allowed est_wOBA 0.306; Slider: batter est_wOBA 0.309, est_SLG 0.444, pitcher allowed est_wOBA 0.223",neutral,"4-Seam Fastball: batter est_wOBA 0.408, est_SLG 0.583, pitcher allowed est_wOBA 0.306; Slider: batter est_wOBA 0.309, est_SLG 0.444, pitcher allowed est_wOBA 0.223",671277,Luis García Jr.,DH,WATCHLIST,PASS,0.364,unavailable,unavailable,,Jacob Misiorowski,0.286,-18.81,+365,0.215088,0.403226,WSH,R,1.5,valid,+148,"lineup/starter change, price move through pass threshold, roof/weather change, or missing pitch-type/Statcast source conflict",,,0.281,0.438,0.324
89.3,0.222,0.096,,R,"4-Seam Fastball: batter est_wOBA 0.360, est_SLG 0.492, pitcher allowed est_wOBA 0.306; Slider: batter est_wOBA 0.288, est_SLG 0.190, pitcher allowed est_wOBA 0.223",unavailable,0.098592,,,,,,,,,,,BvP fetch not used in model; point-in-time safe history unavailable,,5.8,7.5,unavailable,MIL@WSH,0.442,unavailable,unavailable,4,,+1536,0.061118,,missing,,0.254,0.15493,"{""avg"": 0.2222222222222222, ""games"": 10, ""hr_rate"": 0.0967741935483871, ""ops"": 0.8829151732377538, ""pa"": 31, ""slg"": 0.5925925925925926, ""tb_rate"": 0.5161290322580645}","{""avg"": 0.22580645161290322, ""games"": 22, ""hr_rate"": 0.057971014492753624, ""ops"": 0.7737260402057036, ""pa"": 69, ""slg"": 0.4838709677419355, ""tb_rate"": 0.43478260869565216}","{""avg"": 0.3076923076923077, ""games"": 4, ""hr_rate"": 0.0625, ""ops"": 0.9903846153846154, ""pa"": 16, ""slg"": 0.6153846153846154, ""tb_rate"": 0.5}",11.3,3,official_mlb_schedule,High,0.31,MIL,R,4-Seam Fastball 61.3%; Slider 23.1%; Curveball 13.2%; Changeup 2.4%,0.786,71,"4-Seam Fastball: batter est_wOBA 0.360, est_SLG 0.492, pitcher allowed est_wOBA 0.306; Slider: batter est_wOBA 0.288, est_SLG 0.190, pitcher allowed est_wOBA 0.223",neutral,"4-Seam Fastball: batter est_wOBA 0.360, est_SLG 0.492, pitcher allowed est_wOBA 0.306; Slider: batter est_wOBA 0.288, est_SLG 0.190, pitcher allowed est_wOBA 0.223",678554,Curtis Mead,1B,WATCHLIST,PASS,0.476,unavailable,unavailable,,Jacob Misiorowski,0.25,-6.49,+245,0.289669,0.35461,WSH,R,1.5,valid,+182,"lineup/starter change, price move through pass threshold, roof/weather change, or missing pitch-type/Statcast source conflict",,,0.258,0.451,0.349
89.7,0.296,0.126,,L,"4-Seam Fastball: batter est_wOBA 0.525, est_SLG 0.759, pitcher allowed est_wOBA 0.306; Slider: batter est_wOBA 0.321, est_SLG 0.313, pitcher allowed est_wOBA 0.223",unavailable,0.114504,,,,,,,,,,,BvP fetch not used in model; point-in-time safe history unavailable,,5.8,7.5,unavailable,MIL@WSH,0.46,unavailable,unavailable,8,,+1650,0.057135,,missing,,0.26,0.175573,"{""avg"": 0.1956521739130435, ""games"": 13, ""hr_rate"": 0.037037037037037035, ""ops"": 0.6256038647342995, ""pa"": 54, ""slg"": 0.34782608695652173, ""tb_rate"": 0.2962962962962963}","{""avg"": 0.3076923076923077, ""games"": 27, ""hr_rate"": 0.07079646017699115, ""ops"": 0.9959155888359428, ""pa"": 113, ""slg"": 0.6153846153846154, ""tb_rate"": 0.49557522123893805}","{""avg"": 0.3157894736842105, ""games"": 6, ""hr_rate"": 0.045454545454545456, ""ops"": 0.8899521531100478, ""pa"": 22, ""slg"": 0.5263157894736842, ""tb_rate"": 0.45454545454545453}",15.5,4,official_mlb_schedule,High,0.405,MIL,R,4-Seam Fastball 61.3%; Slider 23.1%; Curveball 13.2%; Changeup 2.4%,0.961,131,"4-Seam Fastball: batter est_wOBA 0.525, est_SLG 0.759, pitcher allowed est_wOBA 0.306; Slider: batter est_wOBA 0.321, est_SLG 0.313, pitcher allowed est_wOBA 0.223",favorable,"4-Seam Fastball: batter est_wOBA 0.525, est_SLG 0.759, pitcher allowed est_wOBA 0.306; Slider: batter est_wOBA 0.321, est_SLG 0.313, pitcher allowed est_wOBA 0.223",682928,CJ Abrams,SS,WATCHLIST,PASS,0.556,unavailable,unavailable,,Jacob Misiorowski,0.345,-9.68,+262,0.276313,0.373134,WSH,R,1.5,valid,+168,"lineup/starter change, price move through pass threshold, roof/weather change, or missing pitch-type/Statcast source conflict",,,0.288,0.524,0.399
87.7,0.258,0.049,,L,"4-Seam Fastball: batter est_wOBA 0.339, est_SLG 0.398, pitcher allowed est_wOBA 0.306; Slider: batter est_wOBA 0.257, est_SLG 0.348, pitcher allowed est_wOBA 0.223",unavailable,0.085714,,,,,,,,,,,BvP fetch not used in model; point-in-time safe history unavailable,,5.8,7.5,unavailable,MIL@WSH,0.382,unavailable,unavailable,3,,+5161,0.019008,,missing,,0.125,0.178571,"{""avg"": 0.2222222222222222, ""games"": 12, ""hr_rate"": 0.05660377358490566, ""ops"": 0.8062893081761007, ""pa"": 53, ""slg"": 0.4666666666666667, ""tb_rate"": 0.39622641509433965}","{""avg"": 0.22641509433962265, ""games"": 26, ""hr_rate"": 0.02586206896551724, ""ops"": 0.6421600520494469, ""pa"": 116, ""slg"": 0.3490566037735849, ""tb_rate"": 0.31896551724137934}","{""avg"": 0.08695652173913043, ""games"": 6, ""hr_rate"": 0.0, ""ops"": 0.2792642140468228, ""pa"": 26, ""slg"": 0.08695652173913043, ""tb_rate"": 0.07692307692307693}",16.3,5,official_mlb_schedule,High,0.321,MIL,R,4-Seam Fastball 61.3%; Slider 23.1%; Curveball 13.2%; Changeup 2.4%,0.704,140,"4-Seam Fastball: batter est_wOBA 0.339, est_SLG 0.398, pitcher allowed est_wOBA 0.306; Slider: batter est_wOBA 0.257, est_SLG 0.348, pitcher allowed est_wOBA 0.223",neutral,"4-Seam Fastball: batter est_wOBA 0.339, est_SLG 0.398, pitcher allowed est_wOBA 0.306; Slider: batter est_wOBA 0.257, est_SLG 0.348, pitcher allowed est_wOBA 0.223",695734,Daylen Lile,LF,WATCHLIST,PASS,0.383,unavailable,unavailable,,Jacob Misiorowski,0.417,-15.55,+363,0.216198,0.371747,WSH,R,1.5,valid,+169,"lineup/starter change, price move through pass threshold, roof/weather change, or missing pitch-type/Statcast source conflict",,,0.285,0.43,0.339
89.6,0.225,0.123,,R,"4-Seam Fastball: batter est_wOBA 0.311, est_SLG 0.529, pitcher allowed est_wOBA 0.306; Slider: batter est_wOBA 0.224, est_SLG 0.313, pitcher allowed est_wOBA 0.223",unavailable,0.075,,,,,,,,,,,BvP fetch not used in model; point-in-time safe history unavailable,,5.8,7.5,unavailable,MIL@WSH,0.425,unavailable,unavailable,4,,+4204,0.023234,,missing,,0.144,0.316667,"{""avg"": 0.1951219512195122, ""games"": 11, ""hr_rate"": 0.044444444444444446, ""ops"": 0.608130081300813, ""pa"": 45, ""slg"": 0.34146341463414637, ""tb_rate"": 0.3111111111111111}","{""avg"": 0.20652173913043478, ""games"": 24, ""hr_rate"": 0.03, ""ops"": 0.6178260869565217, ""pa"": 100, ""slg"": 0.34782608695652173, ""tb_rate"": 0.32}","{""avg"": 0.15789473684210525, ""games"": 5, ""hr_rate"": 0.09090909090909091, ""ops"": 0.7464114832535884, ""pa"": 22, ""slg"": 0.47368421052631576, ""tb_rate"": 0.4090909090909091}",3.4,6,official_mlb_schedule,High,0.283,MIL,R,4-Seam Fastball 61.3%; Slider 23.1%; Curveball 13.2%; Changeup 2.4%,0.652,120,"4-Seam Fastball: batter est_wOBA 0.311, est_SLG 0.529, pitcher allowed est_wOBA 0.306; Slider: batter est_wOBA 0.224, est_SLG 0.313, pitcher allowed est_wOBA 0.223",neutral,"4-Seam Fastball: batter est_wOBA 0.311, est_SLG 0.529, pitcher allowed est_wOBA 0.306; Slider: batter est_wOBA 0.224, est_SLG 0.313, pitcher allowed est_wOBA 0.223",691781,Brady House,3B,WATCHLIST,PASS,0.369,unavailable,unavailable,,Jacob Misiorowski,0.274,-17.9,+495,0.168187,0.347222,WSH,R,1.5,valid,+188,"lineup/starter change, price move through pass threshold, roof/weather change, or missing pitch-type/Statcast source conflict",,,0.23,0.397,0.301
82.5,0.286,0.017,,L,"4-Seam Fastball: batter est_wOBA 0.341, est_SLG 0.329, pitcher allowed est_wOBA 0.306; Slider: batter est_wOBA 0.267, est_SLG 0.217, pitcher allowed est_wOBA 0.223",unavailable,0.078947,,,,,,,,,,,BvP fetch not used in model; point-in-time safe history unavailable,,5.8,7.5,unavailable,MIL@WSH,0.241,unavailable,unavailable,0,,+24900,0.004,,missing,,0.047,0.105263,"{""avg"": 0.23076923076923078, ""games"": 10, ""hr_rate"": 0.0, ""ops"": 0.5934065934065934, ""pa"": 28, ""slg"": 0.3076923076923077, ""tb_rate"": 0.2857142857142857}","{""avg"": 0.2727272727272727, ""games"": 22, ""hr_rate"": 0.0, ""ops"": 0.6303030303030304, ""pa"": 66, ""slg"": 0.32727272727272727, ""tb_rate"": 0.2727272727272727}","{""avg"": 0.23076923076923078, ""games"": 5, ""hr_rate"": 0.0, ""ops"": 0.46153846153846156, ""pa"": 13, ""slg"": 0.23076923076923078, ""tb_rate"": 0.23076923076923078}",9.6,7,official_mlb_schedule,High,0.378,MIL,R,4-Seam Fastball 61.3%; Slider 23.1%; Curveball 13.2%; Changeup 2.4%,0.711,76,"4-Seam Fastball: batter est_wOBA 0.341, est_SLG 0.329, pitcher allowed est_wOBA 0.306; Slider: batter est_wOBA 0.267, est_SLG 0.217, pitcher allowed est_wOBA 0.223",neutral,"4-Seam Fastball: batter est_wOBA 0.341, est_SLG 0.329, pitcher allowed est_wOBA 0.306; Slider: batter est_wOBA 0.267, est_SLG 0.217, pitcher allowed est_wOBA 0.223",678391,Jorbit Vivas,2B,WATCHLIST,PASS,0.333,unavailable,unavailable,,Jacob Misiorowski,0.276,-21.78,+1567,0.06,0.277778,WSH,R,1.5,valid,+260,"lineup/starter change, price move through pass threshold, roof/weather change, or missing pitch-type/Statcast source conflict",,,0.257,0.299,0.305
,0.154,,,S,"4-Seam Fastball: batter est_wOBA 0.348, est_SLG 0.325, pitcher allowed est_wOBA 0.306; Slider: batter est_wOBA 0.225, est_SLG 0.294, pitcher allowed est_wOBA 0.223",unavailable,0.068966,,,,,,,,,,,BvP fetch not used in model; point-in-time safe history unavailable,,5.8,7.5,unavailable,MIL@WSH,,unavailable,unavailable,0,,+24900,0.004,,missing,,0.038,0.275862,"{""avg"": 0.125, ""games"": 9, ""hr_rate"": 0.0, ""ops"": 0.2866666666666666, ""pa"": 25, ""slg"": 0.16666666666666666, ""tb_rate"": 0.16}","{""avg"": 0.15555555555555556, ""games"": 21, ""hr_rate"": 0.0, ""ops"": 0.38367346938775515, ""pa"": 49, ""slg"": 0.2, ""tb_rate"": 0.1836734693877551}","{""avg"": 0.09090909090909091, ""games"": 5, ""hr_rate"": 0.0, ""ops"": 0.17424242424242425, ""pa"": 12, ""slg"": 0.09090909090909091, ""tb_rate"": 0.08333333333333333}",,8,official_mlb_schedule,High,0.214,MIL,R,4-Seam Fastball 61.3%; Slider 23.1%; Curveball 13.2%; Changeup 2.4%,0.406,58,"4-Seam Fastball: batter est_wOBA 0.348, est_SLG 0.325, pitcher allowed est_wOBA 0.306; Slider: batter est_wOBA 0.225, est_SLG 0.294, pitcher allowed est_wOBA 0.223",neutral,"4-Seam Fastball: batter est_wOBA 0.348, est_SLG 0.325, pitcher allowed est_wOBA 0.306; Slider: batter est_wOBA 0.225, est_SLG 0.294, pitcher allowed est_wOBA 0.223",686452,Drew Millas,C,WATCHLIST,PASS,0.192,unavailable,unavailable,,Jacob Misiorowski,,-22.17,+1567,0.06,0.28169,WSH,R,1.5,valid,+255,"lineup/starter change, price move through pass threshold, roof/weather change, or missing pitch-type/Statcast source conflict",,,,,
89.3,0.238,0.048,,R,"4-Seam Fastball: batter est_wOBA 0.340, est_SLG 0.413, pitcher allowed est_wOBA 0.306; Slider: batter est_wOBA 0.319, est_SLG 0.434, pitcher allowed est_wOBA 0.223",unavailable,0.046296,,,,,,,,,,,BvP fetch not used in model; point-in-time safe history unavailable,,5.8,7.5,unavailable,MIL@WSH,0.349,unavailable,unavailable,2,,+24900,0.004,,missing,,0.109,0.175926,"{""avg"": 0.22916666666666666, ""games"": 13, ""hr_rate"": 0.0, ""ops"": 0.5245098039215687, ""pa"": 51, ""slg"": 0.25, ""tb_rate"": 0.23529411764705882}","{""avg"": 0.24444444444444444, ""games"": 26, ""hr_rate"": 0.010309278350515464, ""ops"": 0.6005727376861398, ""pa"": 97, ""slg"": 0.32222222222222224, ""tb_rate"": 0.29896907216494845}","{""avg"": 0.19047619047619047, ""games"": 6, ""hr_rate"": 0.0, ""ops"": 0.4989648033126294, ""pa"": 23, ""slg"": 0.23809523809523808, ""tb_rate"": 0.21739130434782608}",9.4,9,official_mlb_schedule,High,0.28,MIL,R,4-Seam Fastball 61.3%; Slider 23.1%; Curveball 13.2%; Changeup 2.4%,0.627,108,"4-Seam Fastball: batter est_wOBA 0.340, est_SLG 0.413, pitcher allowed est_wOBA 0.306; Slider: batter est_wOBA 0.319, est_SLG 0.434, pitcher allowed est_wOBA 0.223",neutral,"4-Seam Fastball: batter est_wOBA 0.340, est_SLG 0.413, pitcher allowed est_wOBA 0.306; Slider: batter est_wOBA 0.319, est_SLG 0.434, pitcher allowed est_wOBA 0.223",696285,Jacob Young,CF,WATCHLIST,PASS,0.347,unavailable,unavailable,,Jacob Misiorowski,0.398,-19.15,+962,0.094195,0.285714,WSH,R,1.5,valid,+250,"lineup/starter change, price move through pass threshold, roof/weather change, or missing pitch-type/Statcast source conflict",,,0.278,0.386,0.31
89.7,0.214,0.114,,L,"4-Seam Fastball: batter est_wOBA 0.337, est_SLG 0.446, pitcher allowed est_wOBA 0.287; Sinker: batter est_wOBA 0.407, est_SLG 0.507, pitcher allowed est_wOBA 0.248",unavailable,0.082759,,,,,,,,,,,BvP fetch not used in model; point-in-time safe history unavailable,,7.5,7.5,unavailable,BAL@NYY,0.466,unavailable,unavailable,9,-14.96,+2087,0.045718,0.195312,valid,+412,0.267,0.303448,"{""avg"": 0.21568627450980393, ""games"": 12, ""hr_rate"": 0.05454545454545454, ""ops"": 0.7237076648841354, ""pa"": 55, ""slg"": 0.45098039215686275, ""tb_rate"": 0.41818181818181815}","{""avg"": 0.21818181818181817, ""games"": 26, ""hr_rate"": 0.06557377049180328, ""ops"": 0.7868852459016393, ""pa"": 122, ""slg"": 0.5, ""tb_rate"": 0.45081967213114754}","{""avg"": 0.32, ""games"": 6, ""hr_rate"": 0.07692307692307693, ""ops"": 0.9861538461538462, ""pa"": 26, ""slg"": 0.64, ""tb_rate"": 0.6153846153846154}",17.8,1,official_mlb_schedule,High,0.283,NYY,R,4-Seam Fastball 42.5%; Sinker 25.7%; Sweeper 23.0%; Changeup 5.9%,0.764,145,"4-Seam Fastball: batter est_wOBA 0.337, est_SLG 0.446, pitcher allowed est_wOBA 0.287; Sinker: batter est_wOBA 0.407, est_SLG 0.507, pitcher allowed est_wOBA 0.248",neutral,"4-Seam Fastball: batter est_wOBA 0.337, est_SLG 0.446, pitcher allowed est_wOBA 0.287; Sinker: batter est_wOBA 0.407, est_SLG 0.507, pitcher allowed est_wOBA 0.248",683002,Gunnar Henderson,SS,PASS,PASS,0.481,unavailable,unavailable,,Will Warren,0.364,-20.79,+316,0.240569,0.44843,BAL,R,1.5,valid,+123,"lineup/starter change, price move through pass threshold, roof/weather change, or missing pitch-type/Statcast source conflict",,,0.23,0.411,0.312
89.6,0.304,0.053,,R,"4-Seam Fastball: batter est_wOBA 0.489, est_SLG 0.632, pitcher allowed est_wOBA 0.287; Sinker: batter est_wOBA 0.395, est_SLG 0.415, pitcher allowed est_wOBA 0.248",unavailable,0.1875,,,,,,,,,,,BvP fetch not used in model; point-in-time safe history unavailable,,7.5,7.5,unavailable,BAL@NYY,0.379,unavailable,unavailable,1,-14.41,+24900,0.004,0.148148,valid,+575,0.139,0.145833,"{""avg"": 0.3076923076923077, ""games"": 12, ""hr_rate"": 0.01818181818181818, ""ops"": 0.9706293706293706, ""pa"": 55, ""slg"": 0.46153846153846156, ""tb_rate"": 0.32727272727272727}","{""avg"": 0.30526315789473685, ""games"": 26, ""hr_rate"": 0.008264462809917356, ""ops"": 0.9011744236624619, ""pa"": 121, ""slg"": 0.4631578947368421, ""tb_rate"": 0.36363636363636365}","{""avg"": 0.4375, ""games"": 6, ""hr_rate"": 0.0, ""ops"": 1.0775000000000001, ""pa"": 25, ""slg"": 0.4375, ""tb_rate"": 0.28}",14.8,2,official_mlb_schedule,High,0.438,NYY,R,4-Seam Fastball 42.5%; Sinker 25.7%; Sweeper 23.0%; Changeup 5.9%,0.881,144,"4-Seam Fastball: batter est_wOBA 0.489, est_SLG 0.632, pitcher allowed est_wOBA 0.287; Sinker: batter est_wOBA 0.395, est_SLG 0.415, pitcher allowed est_wOBA 0.248",favorable,"4-Seam Fastball: batter est_wOBA 0.489, est_SLG 0.632, pitcher allowed est_wOBA 0.287; Sinker: batter est_wOBA 0.395, est_SLG 0.415, pitcher allowed est_wOBA 0.248",621493,Taylor Ward,LF,PASS,PASS,0.443,unavailable,unavailable,,Will Warren,0.389,-15.53,+328,0.233806,0.389105,BAL,R,1.5,valid,+157,"lineup/starter change, price move through pass threshold, roof/weather change, or missing pitch-type/Statcast source conflict",,,0.295,0.431,0.387
,0.356,,,S,"4-Seam Fastball: batter est_wOBA 0.289, est_SLG 0.376, pitcher allowed est_wOBA 0.287; Sinker: batter est_wOBA 0.395, est_SLG 0.630, pitcher allowed est_wOBA 0.248",unavailable,0.078125,,,,,,,,,,,BvP fetch not used in model; point-in-time safe history unavailable,,7.5,7.5,unavailable,BAL@NYY,,unavailable,unavailable,4,-5.77,+1147,0.080192,0.137931,valid,+625,0.305,0.125,"{""avg"": 0.44, ""games"": 6, ""hr_rate"": 0.16, ""ops"": 1.36, ""pa"": 25, ""slg"": 0.92, ""tb_rate"": 0.92}","{""avg"": 0.37777777777777777, ""games"": 11, ""hr_rate"": 0.0851063829787234, ""ops"": 1.1153664302600472, ""pa"": 47, ""slg"": 0.7111111111111111, ""tb_rate"": 0.6808510638297872}","{""avg"": 0.42857142857142855, ""games"": 5, ""hr_rate"": 0.14285714285714285, ""ops"": 1.2857142857142856, ""pa"": 21, ""slg"": 0.8571428571428571, ""tb_rate"": 0.8571428571428571}",,3,official_mlb_schedule,High,0.406,NYY,R,4-Seam Fastball 42.5%; Sinker 25.7%; Sweeper 23.0%; Changeup 5.9%,1.067,64,"4-Seam Fastball: batter est_wOBA 0.289, est_SLG 0.376, pitcher allowed est_wOBA 0.287; Sinker: batter est_wOBA 0.395, est_SLG 0.630, pitcher allowed est_wOBA 0.248",neutral,"4-Seam Fastball: batter est_wOBA 0.289, est_SLG 0.376, pitcher allowed est_wOBA 0.287; Sinker: batter est_wOBA 0.395, est_SLG 0.630, pitcher allowed est_wOBA 0.248",668939,Adley Rutschman,DH,PASS,PASS,0.661,unavailable,unavailable,,Will Warren,,-8.44,+207,0.325405,0.409836,BAL,R,1.5,valid,+144,"lineup/starter change, price move through pass threshold, roof/weather change, or missing pitch-type/Statcast source conflict",,,,,
94.8,0.198,0.084,,R,"4-Seam Fastball: batter est_wOBA 0.361, est_SLG 0.525, pitcher allowed est_wOBA 0.287; Sinker: batter est_wOBA 0.405, est_SLG 0.485, pitcher allowed est_wOBA 0.248",unavailable,0.126866,,,,,,,,,,,BvP fetch not used in model; point-in-time safe history unavailable,,7.5,7.5,unavailable,BAL@NYY,0.554,unavailable,unavailable,4,-15.89,+3344,0.029033,0.18797,valid,+432,0.164,0.246269,"{""avg"": 0.1956521739130435, ""games"": 12, ""hr_rate"": 0.0392156862745098, ""ops"": 0.624467178175618, ""pa"": 51, ""slg"": 0.3695652173913043, ""tb_rate"": 0.3333333333333333}","{""avg"": 0.17525773195876287, ""games"": 26, ""hr_rate"": 0.02654867256637168, ""ops"": 0.6233920262749749, ""pa"": 113, ""slg"": 0.3402061855670103, ""tb_rate"": 0.2920353982300885}","{""avg"": 0.13636363636363635, ""games"": 6, ""hr_rate"": 0.041666666666666664, ""ops"": 0.5265151515151515, ""pa"": 24, ""slg"": 0.3181818181818182, ""tb_rate"": 0.2916666666666667}",12.8,4,official_mlb_schedule,High,0.306,NYY,R,4-Seam Fastball 42.5%; Sinker 25.7%; Sweeper 23.0%; Changeup 5.9%,0.668,134,"4-Seam Fastball: batter est_wOBA 0.361, est_SLG 0.525, pitcher allowed est_wOBA 0.287; Sinker: batter est_wOBA 0.405, est_SLG 0.485, pitcher allowed est_wOBA 0.248",neutral,"4-Seam Fastball: batter est_wOBA 0.361, est_SLG 0.525, pitcher allowed est_wOBA 0.287; Sinker: batter est_wOBA 0.405, est_SLG 0.485, pitcher allowed est_wOBA 0.248",624413,Pete Alonso,1B,PASS,PASS,0.362,unavailable,unavailable,,Will Warren,0.289,-20.35,+373,0.2114,0.414938,BAL,R,1.5,valid,+141,"lineup/starter change, price move through pass threshold, roof/weather change, or missing pitch-type/Statcast source conflict",,,0.22,0.409,0.326
92.5,0.232,0.103,,L,"4-Seam Fastball: batter est_wOBA 0.415, est_SLG 0.633, pitcher allowed est_wOBA 0.287; Sinker: batter est_wOBA 0.704, est_SLG 1.267, pitcher allowed est_wOBA 0.248",unavailable,0.108696,,,,,,,,,,,BvP fetch not used in model; point-in-time safe history unavailable,,7.5,7.5,unavailable,BAL@NYY,0.466,unavailable,unavailable,5,-10.17,+1543,0.060881,0.162602,valid,+515,0.207,0.26087,"{""avg"": 0.3548387096774194, ""games"": 9, ""hr_rate"": 0.058823529411764705, ""ops"": 1.0246679316888045, ""pa"": 34, ""slg"": 0.6129032258064516, ""tb_rate"": 0.5588235294117647}","{""avg"": 0.25, ""games"": 19, ""hr_rate"": 0.06578947368421052, ""ops"": 0.8289473684210527, ""pa"": 76, ""slg"": 0.5, ""tb_rate"": 0.4473684210526316}","{""avg"": 0.4444444444444444, ""games"": 4, ""hr_rate"": 0.1111111111111111, ""ops"": 1.3333333333333333, ""pa"": 18, ""slg"": 0.8888888888888888, ""tb_rate"": 0.8888888888888888}",17.6,5,official_mlb_schedule,High,0.315,NYY,R,4-Seam Fastball 42.5%; Sinker 25.7%; Sweeper 23.0%; Changeup 5.9%,0.754,92,"4-Seam Fastball: batter est_wOBA 0.415, est_SLG 0.633, pitcher allowed est_wOBA 0.287; Sinker: batter est_wOBA 0.704, est_SLG 1.267, pitcher allowed est_wOBA 0.248",favorable,"4-Seam Fastball: batter est_wOBA 0.415, est_SLG 0.633, pitcher allowed est_wOBA 0.287; Sinker: batter est_wOBA 0.704, est_SLG 1.267, pitcher allowed est_wOBA 0.248",694212,Samuel Basallo,C,PASS,PASS,0.439,unavailable,unavailable,,Will Warren,0.293,-6.85,+213,0.319081,0.387597,BAL,R,1.5,valid,+158,"lineup/starter change, price move through pass threshold, roof/weather change, or missing pitch-type/Statcast source conflict",,,0.244,0.46,0.339
87.5,0.228,0.067,,L,"4-Seam Fastball: batter est_wOBA 0.386, est_SLG 0.609, pitcher allowed est_wOBA 0.287; Sinker: batter est_wOBA 0.414, est_SLG 0.494, pitcher allowed est_wOBA 0.248",unavailable,0.1,,,,,,,,,,,BvP fetch not used in model; point-in-time safe history unavailable,,7.5,7.5,unavailable,BAL@NYY,0.4,unavailable,unavailable,2,-12.26,+24900,0.004,0.126582,valid,+690,0.114,0.233333,"{""avg"": 0.2222222222222222, ""games"": 10, ""hr_rate"": 0.024390243902439025, ""ops"": 0.6537940379403794, ""pa"": 41, ""slg"": 0.3611111111111111, ""tb_rate"": 0.3170731707317073}","{""avg"": 0.24285714285714285, ""games"": 21, ""hr_rate"": 0.024691358024691357, ""ops"": 0.6781305114638447, ""pa"": 81, ""slg"": 0.35714285714285715, ""tb_rate"": 0.30864197530864196}","{""avg"": 0.23529411764705882, ""games"": 5, ""hr_rate"": 0.05, ""ops"": 0.7117647058823529, ""pa"": 20, ""slg"": 0.4117647058823529, ""tb_rate"": 0.35}",17.3,6,official_mlb_schedule,High,0.303,NYY,R,4-Seam Fastball 42.5%; Sinker 25.7%; Sweeper 23.0%; Changeup 5.9%,0.645,90,"4-Seam Fastball: batter est_wOBA 0.386, est_SLG 0.609, pitcher allowed est_wOBA 0.287; Sinker: batter est_wOBA 0.414, est_SLG 0.494, pitcher allowed est_wOBA 0.248",neutral,"4-Seam Fastball: batter est_wOBA 0.386, est_SLG 0.609, pitcher allowed est_wOBA 0.287; Sinker: batter est_wOBA 0.414, est_SLG 0.494, pitcher allowed est_wOBA 0.248",687637,Dylan Beavers,RF,PASS,PASS,0.342,unavailable,unavailable,,Will Warren,0.3,-19.2,+619,0.139082,0.331126,BAL,R,1.5,valid,+202,"lineup/starter change, price move through pass threshold, roof/weather change, or missing pitch-type/Statcast source conflict",,,0.23,0.379,0.303
87.5,0.288,0.059,,S,"4-Seam Fastball: batter est_wOBA 0.288, est_SLG 0.227, pitcher allowed est_wOBA 0.287; Sinker: batter est_wOBA 0.716, est_SLG 1.096, pitcher allowed est_wOBA 0.248",unavailable,0.151899,,,,,,,,,,,BvP fetch not used in model; point-in-time safe history unavailable,,7.5,7.5,unavailable,BAL@NYY,0.373,unavailable,unavailable,2,-9.34,+5559,0.017669,0.111111,valid,+800,0.167,0.202532,"{""avg"": 0.20588235294117646, ""games"": 10, ""hr_rate"": 0.05128205128205128, ""ops"": 0.748868778280543, ""pa"": 39, ""slg"": 0.4411764705882353, ""tb_rate"": 0.38461538461538464}","{""avg"": 0.2923076923076923, ""games"": 23, ""hr_rate"": 0.02564102564102564, ""ops"": 0.858974358974359, ""pa"": 78, ""slg"": 0.46153846153846156, ""tb_rate"": 0.38461538461538464}","{""avg"": 0.14285714285714285, ""games"": 4, ""hr_rate"": 0.0, ""ops"": 0.5798319327731092, ""pa"": 17, ""slg"": 0.2857142857142857, ""tb_rate"": 0.23529411764705882}",18.5,7,official_mlb_schedule,High,0.397,NYY,R,4-Seam Fastball 42.5%; Sinker 25.7%; Sweeper 23.0%; Changeup 5.9%,0.852,79,"4-Seam Fastball: batter est_wOBA 0.288, est_SLG 0.227, pitcher allowed est_wOBA 0.287; Sinker: batter est_wOBA 0.716, est_SLG 1.096, pitcher allowed est_wOBA 0.248",favorable,"4-Seam Fastball: batter est_wOBA 0.288, est_SLG 0.227, pitcher allowed est_wOBA 0.287; Sinker: batter est_wOBA 0.716, est_SLG 1.096, pitcher allowed est_wOBA 0.248",665750,Leody Taveras,CF,PASS,PASS,0.455,unavailable,unavailable,,Will Warren,0.471,-13.62,+353,0.220941,0.357143,BAL,R,1.5,valid,+180,"lineup/starter change, price move through pass threshold, roof/weather change, or missing pitch-type/Statcast source conflict",,,0.277,0.453,0.373
89.0,0.169,0.075,,R,"4-Seam Fastball: batter est_wOBA 0.466, est_SLG 0.577, pitcher allowed est_wOBA 0.287; Sinker: batter est_wOBA 0.212, est_SLG 0.253, pitcher allowed est_wOBA 0.248",unavailable,0.093023,,,,,,,,,,,BvP fetch not used in model; point-in-time safe history unavailable,,7.5,7.5,unavailable,BAL@NYY,0.396,unavailable,unavailable,3,-10.81,+4674,0.020945,0.129032,valid,+675,0.156,0.290698,"{""avg"": 0.1875, ""games"": 12, ""hr_rate"": 0.08571428571428572, ""ops"": 0.7285714285714285, ""pa"": 35, ""slg"": 0.5, ""tb_rate"": 0.45714285714285713}","{""avg"": 0.171875, ""games"": 22, ""hr_rate"": 0.04225352112676056, ""ops"": 0.5831866197183099, ""pa"": 71, ""slg"": 0.34375, ""tb_rate"": 0.30985915492957744}","{""avg"": 0.1875, ""games"": 6, ""hr_rate"": 0.058823529411764705, ""ops"": 0.6139705882352942, ""pa"": 17, ""slg"": 0.4375, ""tb_rate"": 0.4117647058823529}",19.5,8,official_mlb_schedule,High,0.244,NYY,R,4-Seam Fastball 42.5%; Sinker 25.7%; Sweeper 23.0%; Changeup 5.9%,0.569,86,"4-Seam Fastball: batter est_wOBA 0.466, est_SLG 0.577, pitcher allowed est_wOBA 0.287; Sinker: batter est_wOBA 0.212, est_SLG 0.253, pitcher allowed est_wOBA 0.248",neutral,"4-Seam Fastball: batter est_wOBA 0.466, est_SLG 0.577, pitcher allowed est_wOBA 0.287; Sinker: batter est_wOBA 0.212, est_SLG 0.253, pitcher allowed est_wOBA 0.248",691723,Coby Mayo,3B,PASS,PASS,0.325,unavailable,unavailable,,Will Warren,0.264,-14.51,+484,0.17133,0.316456,BAL,R,1.5,valid,+216,"lineup/starter change, price move through pass threshold, roof/weather change, or missing pitch-type/Statcast source conflict",,,0.218,0.37,0.294
92.0,0.177,0.023,,R,"4-Seam Fastball: batter est_wOBA 0.225, est_SLG 0.131, pitcher allowed est_wOBA 0.287; Sinker: batter est_wOBA 0.413, est_SLG 0.504, pitcher allowed est_wOBA 0.248",unavailable,0.071429,,,,,,,,,,,BvP fetch not used in model; point-in-time safe history unavailable,,7.5,7.5,unavailable,BAL@NYY,0.488,unavailable,unavailable,0,-9.36,+24900,0.004,0.097561,valid,+925,0.033,0.285714,"{""avg"": 0.05555555555555555, ""games"": 10, ""hr_rate"": 0.0, ""ops"": 0.26111111111111107, ""pa"": 20, ""slg"": 0.1111111111111111, ""tb_rate"": 0.1}","{""avg"": 0.13725490196078433, ""games"": 21, ""hr_rate"": 0.0, ""ops"": 0.37986041874376875, ""pa"": 59, ""slg"": 0.17647058823529413, ""tb_rate"": 0.15254237288135594}","{""avg"": 0.125, ""games"": 6, ""hr_rate"": 0.0, ""ops"": 0.4722222222222222, ""pa"": 9, ""slg"": 0.25, ""tb_rate"": 0.2222222222222222}",11.0,9,official_mlb_schedule,High,0.25,NYY,R,4-Seam Fastball 42.5%; Sinker 25.7%; Sweeper 23.0%; Changeup 5.9%,0.46,70,"4-Seam Fastball: batter est_wOBA 0.225, est_SLG 0.131, pitcher allowed est_wOBA 0.287; Sinker: batter est_wOBA 0.413, est_SLG 0.504, pitcher allowed est_wOBA 0.248",neutral,"4-Seam Fastball: batter est_wOBA 0.225, est_SLG 0.131, pitcher allowed est_wOBA 0.287; Sinker: batter est_wOBA 0.413, est_SLG 0.504, pitcher allowed est_wOBA 0.248",677942,Blaze Alexander,2B,PASS,PASS,0.21,unavailable,unavailable,,Will Warren,0.326,-25.85,+1567,0.06,0.318471,BAL,R,1.5,valid,+214,"lineup/starter change, price move through pass threshold, roof/weather change, or missing pitch-type/Statcast source conflict",,,0.28,0.354,0.314
,0.179,,,R,"4-Seam Fastball: batter est_wOBA 0.518, est_SLG 0.786, pitcher allowed est_wOBA 0.322; Curveball: batter est_wOBA 0.396, est_SLG 0.474, pitcher allowed est_wOBA 0.169",unavailable,0.121212,,,,,,,,,,,BvP fetch not used in model; point-in-time safe history unavailable,,7.5,7.5,unavailable,BAL@NYY,,unavailable,unavailable,1,-14.74,+5761,0.017062,0.164474,valid,+508,0.25,0.242424,"{""avg"": 0.16666666666666666, ""games"": 3, ""hr_rate"": 0.0, ""ops"": 0.5641025641025641, ""pa"": 13, ""slg"": 0.3333333333333333, ""tb_rate"": 0.3076923076923077}","{""avg"": 0.17391304347826086, ""games"": 9, ""hr_rate"": 0.03571428571428571, ""ops"": 0.7204968944099379, ""pa"": 28, ""slg"": 0.43478260869565216, ""tb_rate"": 0.35714285714285715}","{""avg"": 0.5, ""games"": 1, ""hr_rate"": 0.0, ""ops"": 1.5, ""pa"": 4, ""slg"": 1.0, ""tb_rate"": 1.0}",,1,official_mlb_schedule,High,0.303,BAL,L,4-Seam Fastball 40.2%; Curveball 25.5%; Slider 17.9%; Changeup 10.3%,0.732,33,"4-Seam Fastball: batter est_wOBA 0.518, est_SLG 0.786, pitcher allowed est_wOBA 0.322; Curveball: batter est_wOBA 0.396, est_SLG 0.474, pitcher allowed est_wOBA 0.169",favorable,"4-Seam Fastball: batter est_wOBA 0.518, est_SLG 0.786, pitcher allowed est_wOBA 0.322; Curveball: batter est_wOBA 0.396, est_SLG 0.474, pitcher allowed est_wOBA 0.169",502671,Paul Goldschmidt,1B,PASS,PASS,0.429,unavailable,unavailable,,Cade Povich,,-25.97,+453,0.180858,0.440529,NYY,R,1.5,valid,+127,"lineup/starter change, price move through pass threshold, roof/weather change, or missing pitch-type/Statcast source conflict",,,,,
95.0,0.327,0.203,,L,"4-Seam Fastball: batter est_wOBA 0.598, est_SLG 1.102, pitcher allowed est_wOBA 0.322; Curveball: batter est_wOBA 0.421, est_SLG 0.281, pitcher allowed est_wOBA 0.169",unavailable,0.172131,,,,,,,,,,,BvP fetch not used in model; point-in-time safe history unavailable,,7.5,7.5,unavailable,BAL@NYY,0.609,unavailable,unavailable,10,-10.07,+581,0.146783,0.247525,valid,+304,0.387,0.254098,"{""avg"": 0.32558139534883723, ""games"": 12, ""hr_rate"": 0.09615384615384616, ""ops"": 1.1247763864042932, ""pa"": 52, ""slg"": 0.7209302325581395, ""tb_rate"": 0.5961538461538461}","{""avg"": 0.32142857142857145, ""games"": 26, ""hr_rate"": 0.09523809523809523, ""ops"": 1.1785714285714286, ""pa"": 105, ""slg"": 0.75, ""tb_rate"": 0.6}","{""avg"": 0.375, ""games"": 6, ""hr_rate"": 0.07407407407407407, ""ops"": 1.1157407407407407, ""pa"": 27, ""slg"": 0.7083333333333334, ""tb_rate"": 0.6296296296296297}",11.5,2,official_mlb_schedule,High,0.443,BAL,L,4-Seam Fastball 40.2%; Curveball 25.5%; Slider 17.9%; Changeup 10.3%,1.157,122,"4-Seam Fastball: batter est_wOBA 0.598, est_SLG 1.102, pitcher allowed est_wOBA 0.322; Curveball: batter est_wOBA 0.421, est_SLG 0.281, pitcher allowed est_wOBA 0.169",favorable,"4-Seam Fastball: batter est_wOBA 0.598, est_SLG 1.102, pitcher allowed est_wOBA 0.322; Curveball: batter est_wOBA 0.421, est_SLG 0.281, pitcher allowed est_wOBA 0.169",700250,Ben Rice,DH,PASS,LEAN,0.714,unavailable,unavailable,,Cade Povich,0.42,8.2,-121,0.547128,0.465116,NYY,R,1.5,valid,+115,"lineup/starter change, price move through pass threshold, roof/weather change, or missing pitch-type/Statcast source conflict",,,0.305,0.617,0.446
92.7,0.252,0.27,,R,"4-Seam Fastball: batter est_wOBA 0.550, est_SLG 0.845, pitcher allowed est_wOBA 0.322; Curveball: batter est_wOBA 0.511, est_SLG 0.898, pitcher allowed est_wOBA 0.169",unavailable,0.155556,,,,,,,,,,,BvP fetch not used in model; point-in-time safe history unavailable,,7.5,7.5,unavailable,BAL@NYY,0.541,unavailable,unavailable,12,-16.41,+561,0.151357,0.315457,valid,+217,0.37,0.274074,"{""avg"": 0.28205128205128205, ""games"": 12, ""hr_rate"": 0.07547169811320754, ""ops"": 1.119496855345912, ""pa"": 53, ""slg"": 0.6666666666666666, ""tb_rate"": 0.49056603773584906}","{""avg"": 0.27472527472527475, ""games"": 26, ""hr_rate"": 0.08771929824561403, ""ops"": 1.0540775014459225, ""pa"": 114, ""slg"": 0.6593406593406593, ""tb_rate"": 0.5263157894736842}","{""avg"": 0.3, ""games"": 6, ""hr_rate"": 0.11538461538461539, ""ops"": 1.273076923076923, ""pa"": 26, ""slg"": 0.85, ""tb_rate"": 0.6538461538461539}",13.9,3,official_mlb_schedule,High,0.381,BAL,L,4-Seam Fastball 40.2%; Curveball 25.5%; Slider 17.9%; Changeup 10.3%,1.003,135,"4-Seam Fastball: batter est_wOBA 0.550, est_SLG 0.845, pitcher allowed est_wOBA 0.322; Curveball: batter est_wOBA 0.511, est_SLG 0.898, pitcher allowed est_wOBA 0.169",favorable,"4-Seam Fastball: batter est_wOBA 0.550, est_SLG 0.845, pitcher allowed est_wOBA 0.322; Curveball: batter est_wOBA 0.511, est_SLG 0.898, pitcher allowed est_wOBA 0.169",592450,Aaron Judge,RF,PASS,LEAN,0.622,unavailable,unavailable,,Cade Povich,0.378,2.1,-120,0.544767,0.52381,NYY,R,1.5,valid,-110,"lineup/starter change, price move through pass threshold, roof/weather change, or missing pitch-type/Statcast source conflict",,,0.283,0.685,0.455
88.8,0.241,0.065,,L,"4-Seam Fastball: batter est_wOBA 0.372, est_SLG 0.424, pitcher allowed est_wOBA 0.322; Curveball: batter est_wOBA 0.473, est_SLG 0.885, pitcher allowed est_wOBA 0.169",unavailable,0.140625,,,,,,,,,,,BvP fetch not used in model; point-in-time safe history unavailable,,7.5,7.5,unavailable,BAL@NYY,0.402,unavailable,unavailable,3,-13.54,+3759,0.02591,0.16129,valid,+520,0.139,0.140625,"{""avg"": 0.23255813953488372, ""games"": 12, ""hr_rate"": 0.04, ""ops"": 0.7586046511627907, ""pa"": 50, ""slg"": 0.4186046511627907, ""tb_rate"": 0.36}","{""avg"": 0.2222222222222222, ""games"": 25, ""hr_rate"": 0.028037383177570093, ""ops"": 0.6937694704049844, ""pa"": 107, ""slg"": 0.36666666666666664, ""tb_rate"": 0.308411214953271}","{""avg"": 0.13043478260869565, ""games"": 6, ""hr_rate"": 0.0, ""ops"": 0.40468227424749165, ""pa"": 26, ""slg"": 0.17391304347826086, ""tb_rate"": 0.15384615384615385}",19.2,4,official_mlb_schedule,High,0.344,BAL,L,4-Seam Fastball 40.2%; Curveball 25.5%; Slider 17.9%; Changeup 10.3%,0.724,128,"4-Seam Fastball: batter est_wOBA 0.372, est_SLG 0.424, pitcher allowed est_wOBA 0.322; Curveball: batter est_wOBA 0.473, est_SLG 0.885, pitcher allowed est_wOBA 0.169",neutral,"4-Seam Fastball: batter est_wOBA 0.372, est_SLG 0.424, pitcher allowed est_wOBA 0.322; Curveball: batter est_wOBA 0.473, est_SLG 0.885, pitcher allowed est_wOBA 0.169",641355,Cody Bellinger,LF,PASS,PASS,0.38,unavailable,unavailable,,Cade Povich,0.37,-19.94,+325,0.235372,0.434783,NYY,L,1.5,valid,+130,"lineup/starter change, price move through pass threshold, roof/weather change, or missing pitch-type/Statcast source conflict",,,0.274,0.447,0.361
,0.263,,,R,"4-Seam Fastball: batter est_wOBA 0.312, est_SLG 0.279, pitcher allowed est_wOBA 0.322; Curveball: batter est_wOBA 0.086, est_SLG 0.105, pitcher allowed est_wOBA 0.169",unavailable,0.063492,,,,,,,,,,,BvP fetch not used in model; point-in-time safe history unavailable,,7.5,7.5,unavailable,BAL@NYY,,unavailable,unavailable,4,-11.88,+1648,0.057223,0.176056,valid,+468,0.263,0.174603,"{""avg"": 0.2608695652173913, ""games"": 8, ""hr_rate"": 0.07692307692307693, ""ops"": 0.8294314381270903, ""pa"": 26, ""slg"": 0.5217391304347826, ""tb_rate"": 0.46153846153846156}","{""avg"": 0.2777777777777778, ""games"": 18, ""hr_rate"": 0.06779661016949153, ""ops"": 0.8775894538606404, ""pa"": 59, ""slg"": 0.5555555555555556, ""tb_rate"": 0.5084745762711864}","{""avg"": 0.2, ""games"": 2, ""hr_rate"": 0.0, ""ops"": 0.4, ""pa"": 5, ""slg"": 0.2, ""tb_rate"": 0.2}",,5,official_mlb_schedule,High,0.302,BAL,L,4-Seam Fastball 40.2%; Curveball 25.5%; Slider 17.9%; Changeup 10.3%,0.828,63,"4-Seam Fastball: batter est_wOBA 0.312, est_SLG 0.279, pitcher allowed est_wOBA 0.322; Curveball: batter est_wOBA 0.086, est_SLG 0.105, pitcher allowed est_wOBA 0.169",unfavorable,"4-Seam Fastball: batter est_wOBA 0.312, est_SLG 0.279, pitcher allowed est_wOBA 0.322; Curveball: batter est_wOBA 0.086, est_SLG 0.105, pitcher allowed est_wOBA 0.169",642708,Amed Rosario,3B,PASS,PASS,0.526,unavailable,unavailable,,Cade Povich,,-13.27,+272,0.268892,0.401606,NYY,R,1.5,valid,+149,"lineup/starter change, price move through pass threshold, roof/weather change, or missing pitch-type/Statcast source conflict",,,,,
89.3,0.202,0.068,,L,"4-Seam Fastball: batter est_wOBA 0.290, est_SLG 0.350, pitcher allowed est_wOBA 0.322; Curveball: batter est_wOBA 0.103, est_SLG 0.141, pitcher allowed est_wOBA 0.169",unavailable,0.090909,,,,,,,,,,,BvP fetch not used in model; point-in-time safe history unavailable,,7.5,7.5,unavailable,BAL@NYY,0.419,unavailable,unavailable,3,-12.09,+4456,0.021951,0.142857,valid,+600,0.128,0.289256,"{""avg"": 0.23809523809523808, ""games"": 11, ""hr_rate"": 0.06382978723404255, ""ops"": 0.7715298885511652, ""pa"": 47, ""slg"": 0.4523809523809524, ""tb_rate"": 0.40425531914893614}","{""avg"": 0.2, ""games"": 25, ""hr_rate"": 0.0297029702970297, ""ops"": 0.6315731573157315, ""pa"": 101, ""slg"": 0.34444444444444444, ""tb_rate"": 0.3069306930693069}","{""avg"": 0.25, ""games"": 6, ""hr_rate"": 0.07692307692307693, ""ops"": 0.8076923076923077, ""pa"": 26, ""slg"": 0.5, ""tb_rate"": 0.46153846153846156}",18.5,6,official_mlb_schedule,High,0.281,BAL,L,4-Seam Fastball 40.2%; Curveball 25.5%; Slider 17.9%; Changeup 10.3%,0.611,121,"4-Seam Fastball: batter est_wOBA 0.290, est_SLG 0.350, pitcher allowed est_wOBA 0.322; Curveball: batter est_wOBA 0.103, est_SLG 0.141, pitcher allowed est_wOBA 0.169",unfavorable,"4-Seam Fastball: batter est_wOBA 0.290, est_SLG 0.350, pitcher allowed est_wOBA 0.322; Curveball: batter est_wOBA 0.103, est_SLG 0.141, pitcher allowed est_wOBA 0.169",665862,Jazz Chisholm Jr.,2B,PASS,PASS,0.33,unavailable,unavailable,,Cade Povich,0.243,-15.54,+448,0.182465,0.337838,NYY,R,1.5,valid,+196,"lineup/starter change, price move through pass threshold, roof/weather change, or missing pitch-type/Statcast source conflict",,,0.204,0.334,0.278
82.8,0.267,0.025,,R,"4-Seam Fastball: batter est_wOBA 0.185, est_SLG 0.187, pitcher allowed est_wOBA 0.322; Curveball: batter est_wOBA 0.149, est_SLG 0.177, pitcher allowed est_wOBA 0.169",unavailable,0.035714,,,,,,,,,,,BvP fetch not used in model; point-in-time safe history unavailable,,7.5,7.5,unavailable,BAL@NYY,0.275,unavailable,unavailable,3,-11.5,+24900,0.004,0.119048,valid,+740,0.133,0.223214,"{""avg"": 0.3333333333333333, ""games"": 12, ""hr_rate"": 0.044444444444444446, ""ops"": 0.8333333333333333, ""pa"": 45, ""slg"": 0.5, ""tb_rate"": 0.4666666666666667}","{""avg"": 0.27586206896551724, ""games"": 25, ""hr_rate"": 0.03225806451612903, ""ops"": 0.7271041898405637, ""pa"": 93, ""slg"": 0.4367816091954023, ""tb_rate"": 0.40860215053763443}","{""avg"": 0.3333333333333333, ""games"": 6, ""hr_rate"": 0.08695652173913043, ""ops"": 0.9233954451345756, ""pa"": 23, ""slg"": 0.6190476190476191, ""tb_rate"": 0.5652173913043478}",9.4,7,official_mlb_schedule,High,0.313,BAL,L,4-Seam Fastball 40.2%; Curveball 25.5%; Slider 17.9%; Changeup 10.3%,0.713,112,"4-Seam Fastball: batter est_wOBA 0.185, est_SLG 0.187, pitcher allowed est_wOBA 0.322; Curveball: batter est_wOBA 0.149, est_SLG 0.177, pitcher allowed est_wOBA 0.169",unfavorable,"4-Seam Fastball: batter est_wOBA 0.185, est_SLG 0.187, pitcher allowed est_wOBA 0.322; Curveball: batter est_wOBA 0.149, est_SLG 0.177, pitcher allowed est_wOBA 0.169",676609,José Caballero,SS,PASS,PASS,0.4,unavailable,unavailable,,Cade Povich,0.3,-19.22,+625,0.137873,0.330033,NYY,R,1.5,valid,+203,"lineup/starter change, price move through pass threshold, roof/weather change, or missing pitch-type/Statcast source conflict",,,0.212,0.291,0.249
91.4,0.2,0.054,,L,"4-Seam Fastball: batter est_wOBA 0.366, est_SLG 0.446, pitcher allowed est_wOBA 0.322; Curveball: batter est_wOBA 0.269, est_SLG 0.059, pitcher allowed est_wOBA 0.169",unavailable,0.183908,,,,,,,,,,,BvP fetch not used in model; point-in-time safe history unavailable,,7.5,7.5,unavailable,BAL@NYY,0.464,unavailable,unavailable,3,-7.58,+2545,0.03781,0.113636,valid,+780,0.143,0.172414,"{""avg"": 0.21739130434782608, ""games"": 8, ""hr_rate"": 0.06666666666666667, ""ops"": 0.844927536231884, ""pa"": 30, ""slg"": 0.4782608695652174, ""tb_rate"": 0.36666666666666664}","{""avg"": 0.21052631578947367, ""games"": 20, ""hr_rate"": 0.0410958904109589, ""ops"": 0.7558279259793319, ""pa"": 73, ""slg"": 0.38596491228070173, ""tb_rate"": 0.3013698630136986}","{""avg"": 0.4444444444444444, ""games"": 3, ""hr_rate"": 0.16666666666666666, ""ops"": 1.6944444444444446, ""pa"": 12, ""slg"": 1.1111111111111112, ""tb_rate"": 0.8333333333333334}",14.4,8,official_mlb_schedule,High,0.345,BAL,L,4-Seam Fastball 40.2%; Curveball 25.5%; Slider 17.9%; Changeup 10.3%,0.688,87,"4-Seam Fastball: batter est_wOBA 0.366, est_SLG 0.446, pitcher allowed est_wOBA 0.322; Curveball: batter est_wOBA 0.269, est_SLG 0.059, pitcher allowed est_wOBA 0.169",neutral,"4-Seam Fastball: batter est_wOBA 0.366, est_SLG 0.446, pitcher allowed est_wOBA 0.322; Curveball: batter est_wOBA 0.269, est_SLG 0.059, pitcher allowed est_wOBA 0.169",669224,Austin Wells,C,PASS,PASS,0.343,unavailable,unavailable,,Cade Povich,0.268,-10.03,+319,0.238634,0.338983,NYY,R,1.5,valid,+195,"lineup/starter change, price move through pass threshold, roof/weather change, or missing pitch-type/Statcast source conflict",,,0.237,0.39,0.338
91.7,0.151,0.137,,L,"4-Seam Fastball: batter est_wOBA 0.407, est_SLG 0.543, pitcher allowed est_wOBA 0.322; Curveball: batter est_wOBA 0.033, est_SLG 0.047, pitcher allowed est_wOBA 0.169",unavailable,0.175439,,,,,,,,,,,BvP fetch not used in model; point-in-time safe history unavailable,,5.8,7.5,unavailable,BAL@NYY,0.521,unavailable,unavailable,4,,+2144,0.04457,,missing,,0.161,0.184211,"{""avg"": 0.14285714285714285, ""games"": 11, ""hr_rate"": 0.047619047619047616, ""ops"": 0.5761904761904761, ""pa"": 42, ""slg"": 0.3142857142857143, ""tb_rate"": 0.2619047619047619}","{""avg"": 0.13157894736842105, ""games"": 25, ""hr_rate"": 0.042105263157894736, ""ops"": 0.5842105263157895, ""pa"": 95, ""slg"": 0.2894736842105263, ""tb_rate"": 0.23157894736842105}","{""avg"": 0.09523809523809523, ""games"": 6, ""hr_rate"": 0.037037037037037035, ""ops"": 0.4973544973544973, ""pa"": 27, ""slg"": 0.23809523809523808, ""tb_rate"": 0.18518518518518517}",16.0,9,official_mlb_schedule,High,0.298,BAL,L,4-Seam Fastball 40.2%; Curveball 25.5%; Slider 17.9%; Changeup 10.3%,0.61,114,"4-Seam Fastball: batter est_wOBA 0.407, est_SLG 0.543, pitcher allowed est_wOBA 0.322; Curveball: batter est_wOBA 0.033, est_SLG 0.047, pitcher allowed est_wOBA 0.169",unfavorable,"4-Seam Fastball: batter est_wOBA 0.407, est_SLG 0.543, pitcher allowed est_wOBA 0.322; Curveball: batter est_wOBA 0.033, est_SLG 0.047, pitcher allowed est_wOBA 0.169",663757,Trent Grisham,CF,WATCHLIST,PASS,0.312,unavailable,unavailable,,Cade Povich,0.26,-13.6,+390,0.204121,0.340136,NYY,L,1.5,valid,+194,"lineup/starter change, price move through pass threshold, roof/weather change, or missing pitch-type/Statcast source conflict",,,0.225,0.44,0.357
89.6,0.274,0.093,,R,pitch-type rows missing from Savant,unavailable,0.122951,,,,,,,,,,,BvP fetch not used in model; point-in-time safe history unavailable,,6.0,6.0,unavailable,HOU@BOS,0.419,unavailable,unavailable,2,-11.79,+3206,0.030249,0.148148,valid,+575,0.122,0.172131,"{""avg"": 0.2682926829268293, ""games"": 11, ""hr_rate"": 0.02040816326530612, ""ops"": 0.7819810851169736, ""pa"": 49, ""slg"": 0.4146341463414634, ""tb_rate"": 0.3469387755102041}","{""avg"": 0.26506024096385544, ""games"": 22, ""hr_rate"": 0.020833333333333332, ""ops"": 0.7638052208835342, ""pa"": 96, ""slg"": 0.40963855421686746, ""tb_rate"": 0.3541666666666667}","{""avg"": 0.2222222222222222, ""games"": 5, ""hr_rate"": 0.047619047619047616, ""ops"": 0.7777777777777777, ""pa"": 21, ""slg"": 0.4444444444444444, ""tb_rate"": 0.38095238095238093}",6.0,1,official_mlb_schedule,High,0.361,BOS,L,,0.757,122,pitch-type rows missing from Savant,unavailable,pitch-type rows missing from Savant,621043,Carlos Correa,SS,PASS,PASS,0.396,unavailable,unavailable,,Jake Bennett,0.349,-24.66,+295,0.253404,0.5,HOU,R,1.5,valid,+100,"lineup/starter change, price move through pass threshold, roof/weather change, or missing pitch-type/Statcast source conflict",,,0.288,0.445,0.357
93.6,0.356,0.181,,L,pitch-type rows missing from Savant,unavailable,0.146853,,,,,,,,,,,BvP fetch not used in model; point-in-time safe history unavailable,,6.0,6.0,unavailable,HOU@BOS,0.495,unavailable,unavailable,12,-5.59,+538,0.156838,0.212766,valid,+370,0.381,0.097902,"{""avg"": 0.39215686274509803, ""games"": 12, ""hr_rate"": 0.09259259259259259, ""ops"": 1.1710239651416123, ""pa"": 54, ""slg"": 0.7450980392156863, ""tb_rate"": 0.7037037037037037}","{""avg"": 0.35051546391752575, ""games"": 26, ""hr_rate"": 0.0782608695652174, ""ops"": 1.1271178843567906, ""pa"": 115, ""slg"": 0.7010309278350515, ""tb_rate"": 0.591304347826087}","{""avg"": 0.391304347826087, ""games"": 6, ""hr_rate"": 0.04, ""ops"": 1.0052173913043478, ""pa"": 25, ""slg"": 0.5652173913043478, ""tb_rate"": 0.52}",19.5,2,official_mlb_schedule,High,0.462,BOS,L,,1.199,143,pitch-type rows missing from Savant,unavailable,pitch-type rows missing from Savant,670541,Yordan Alvarez,DH,PASS,PASS,0.737,unavailable,unavailable,,Jake Bennett,0.457,1.51,-122,0.55,0.534884,HOU,R,1.5,valid,-115,"lineup/starter change, price move through pass threshold, roof/weather change, or missing pitch-type/Statcast source conflict",,,0.372,0.812,0.529
87.5,0.253,0.025,,R,pitch-type rows missing from Savant,unavailable,0.080357,,,,,,,,,,,BvP fetch not used in model; point-in-time safe history unavailable,,6.0,6.0,unavailable,HOU@BOS,0.259,unavailable,unavailable,3,-14.75,+7922,0.012465,0.16,valid,+525,0.131,0.160714,"{""avg"": 0.30434782608695654, ""games"": 12, ""hr_rate"": 0.0625, ""ops"": 0.8333333333333333, ""pa"": 48, ""slg"": 0.5, ""tb_rate"": 0.4791666666666667}","{""avg"": 0.2625, ""games"": 22, ""hr_rate"": 0.03333333333333333, ""ops"": 0.6986111111111111, ""pa"": 90, ""slg"": 0.3875, ""tb_rate"": 0.34444444444444444}","{""avg"": 0.3333333333333333, ""games"": 6, ""hr_rate"": 0.04, ""ops"": 0.8183333333333334, ""pa"": 25, ""slg"": 0.4583333333333333, ""tb_rate"": 0.44}",24.3,3,official_mlb_schedule,High,0.339,BOS,L,,0.723,112,pitch-type rows missing from Savant,unavailable,pitch-type rows missing from Savant,670623,Isaac Paredes,3B,PASS,PASS,0.384,unavailable,unavailable,,Jake Bennett,0.333,-26.79,+499,0.166882,0.434783,HOU,R,1.5,valid,+130,"lineup/starter change, price move through pass threshold, roof/weather change, or missing pitch-type/Statcast source conflict",,,0.232,0.332,0.298
90.2,0.293,0.128,,R,pitch-type rows missing from Savant,unavailable,0.099237,,,,,,,,,,,BvP fetch not used in model; point-in-time safe history unavailable,,6.0,6.0,unavailable,HOU@BOS,0.489,unavailable,unavailable,7,-10.6,+1168,0.078861,0.184843,valid,+441,0.259,0.175573,"{""avg"": 0.2916666666666667, ""games"": 12, ""hr_rate"": 0.058823529411764705, ""ops"": 0.875, ""pa"": 51, ""slg"": 0.5416666666666666, ""tb_rate"": 0.5098039215686274}","{""avg"": 0.28421052631578947, ""games"": 26, ""hr_rate"": 0.06542056074766354, ""ops"": 0.8931628135759961, ""pa"": 107, ""slg"": 0.5473684210526316, ""tb_rate"": 0.48598130841121495}","{""avg"": 0.4, ""games"": 6, ""hr_rate"": 0.08, ""ops"": 1.12, ""pa"": 25, ""slg"": 0.72, ""tb_rate"": 0.72}",12.9,4,official_mlb_schedule,High,0.366,BOS,L,,0.918,131,pitch-type rows missing from Savant,unavailable,pitch-type rows missing from Savant,572233,Christian Walker,1B,PASS,PASS,0.552,unavailable,unavailable,,Jake Bennett,0.309,-9.75,+180,0.35702,0.454545,HOU,R,1.5,valid,+120,"lineup/starter change, price move through pass threshold, roof/weather change, or missing pitch-type/Statcast source conflict",,,0.267,0.502,0.362
85.3,0.25,0.068,,R,pitch-type rows missing from Savant,unavailable,0.131783,,,,,,,,,,,BvP fetch not used in model; point-in-time safe history unavailable,,6.0,6.0,unavailable,HOU@BOS,0.364,unavailable,unavailable,3,-12.1,+24900,0.004,0.125,valid,+700,0.143,0.186047,"{""avg"": 0.16666666666666666, ""games"": 10, ""hr_rate"": 0.022222222222222223, ""ops"": 0.48412698412698413, ""pa"": 45, ""slg"": 0.2619047619047619, ""tb_rate"": 0.24444444444444444}","{""avg"": 0.22580645161290322, ""games"": 23, ""hr_rate"": 0.00980392156862745, ""ops"": 0.6166982922201139, ""pa"": 102, ""slg"": 0.3225806451612903, ""tb_rate"": 0.29411764705882354}","{""avg"": 0.21428571428571427, ""games"": 4, ""hr_rate"": 0.0, ""ops"": 0.5982142857142857, ""pa"": 16, ""slg"": 0.2857142857142857, ""tb_rate"": 0.25}",5.9,5,official_mlb_schedule,High,0.349,BOS,L,,0.742,129,pitch-type rows missing from Savant,unavailable,pitch-type rows missing from Savant,514888,Jose Altuve,2B,PASS,PASS,0.393,unavailable,unavailable,,Jake Bennett,0.318,-33.31,+831,0.107444,0.440529,HOU,R,1.5,valid,+127,"lineup/starter change, price move through pass threshold, roof/weather change, or missing pitch-type/Statcast source conflict",,,0.252,0.374,0.324
87.9,0.25,0.038,,R,pitch-type rows missing from Savant,unavailable,0.030928,,,,,,,,,,,BvP fetch not used in model; point-in-time safe history unavailable,,6.0,6.0,unavailable,HOU@BOS,0.278,unavailable,unavailable,2,-10.13,+10101,0.009803,0.111111,valid,+800,0.109,0.154639,"{""avg"": 0.36363636363636365, ""games"": 8, ""hr_rate"": 0.029411764705882353, ""ops"": 0.8983957219251337, ""pa"": 34, ""slg"": 0.5454545454545454, ""tb_rate"": 0.5294117647058824}","{""avg"": 0.273972602739726, ""games"": 18, ""hr_rate"": 0.02631578947368421, ""ops"": 0.7004325883201153, ""pa"": 76, ""slg"": 0.410958904109589, ""tb_rate"": 0.39473684210526316}","{""avg"": 0.42857142857142855, ""games"": 5, ""hr_rate"": 0.047619047619047616, ""ops"": 1.0476190476190477, ""pa"": 21, ""slg"": 0.6190476190476191, ""tb_rate"": 0.6190476190476191}",6.5,6,official_mlb_schedule,High,0.268,BOS,L,,0.627,97,pitch-type rows missing from Savant,unavailable,pitch-type rows missing from Savant,673237,Yainer Diaz,C,PASS,PASS,0.359,unavailable,unavailable,,Jake Bennett,0.241,-25.99,+442,0.184524,0.444444,HOU,R,1.5,valid,+125,"lineup/starter change, price move through pass threshold, roof/weather change, or missing pitch-type/Statcast source conflict",,,0.243,0.331,0.265
88.9,0.219,0.151,,R,pitch-type rows missing from Savant,unavailable,0.112903,,,,,,,,,,,BvP fetch not used in model; point-in-time safe history unavailable,,6.0,6.0,unavailable,HOU@BOS,0.452,unavailable,unavailable,4,-8.89,+2999,0.032266,0.121212,valid,+725,0.162,0.274194,"{""avg"": 0.11428571428571428, ""games"": 11, ""hr_rate"": 0.022727272727272728, ""ops"": 0.42727272727272725, ""pa"": 44, ""slg"": 0.2, ""tb_rate"": 0.1590909090909091}","{""avg"": 0.22093023255813954, ""games"": 25, ""hr_rate"": 0.030303030303030304, ""ops"": 0.6549213060840968, ""pa"": 99, ""slg"": 0.37209302325581395, ""tb_rate"": 0.32323232323232326}","{""avg"": 0.11764705882352941, ""games"": 5, ""hr_rate"": 0.047619047619047616, ""ops"": 0.5322128851540616, ""pa"": 21, ""slg"": 0.29411764705882354, ""tb_rate"": 0.23809523809523808}",9.8,7,official_mlb_schedule,High,0.317,BOS,L,,0.698,124,pitch-type rows missing from Savant,unavailable,pitch-type rows missing from Savant,701358,Cam Smith,RF,PASS,PASS,0.381,unavailable,unavailable,,Jake Bennett,0.315,-22.75,+555,0.152769,0.380228,HOU,R,1.5,valid,+163,"lineup/starter change, price move through pass threshold, roof/weather change, or missing pitch-type/Statcast source conflict",,,0.252,0.45,0.348
,0.207,,,R,pitch-type rows missing from Savant,unavailable,0.078125,,,,,,,,,,,BvP fetch not used in model; point-in-time safe history unavailable,,6.0,6.0,unavailable,HOU@BOS,,unavailable,unavailable,2,-10.33,+3230,0.030029,0.133333,valid,+650,0.172,0.390625,"{""avg"": 0.2903225806451613, ""games"": 11, ""hr_rate"": 0.029411764705882353, ""ops"": 0.8074003795066413, ""pa"": 34, ""slg"": 0.4838709677419355, ""tb_rate"": 0.4411764705882353}","{""avg"": 0.20833333333333334, ""games"": 19, ""hr_rate"": 0.018518518518518517, ""ops"": 0.6111111111111112, ""pa"": 54, ""slg"": 0.3333333333333333, ""tb_rate"": 0.2962962962962963}","{""avg"": 0.2727272727272727, ""games"": 6, ""hr_rate"": 0.045454545454545456, ""ops"": 0.7272727272727273, ""pa"": 22, ""slg"": 0.45454545454545453, ""tb_rate"": 0.45454545454545453}",,8,official_mlb_schedule,Low,0.27,BOS,L,,0.649,64,pitch-type rows missing from Savant,unavailable,pitch-type rows missing from Savant,694728,Brice Matthews,CF,PASS,PASS,0.379,unavailable,unavailable,,Jake Bennett,,-10.94,+340,0.227314,0.3367,HOU,R,1.5,valid,+197,"lineup/starter change, price move through pass threshold, roof/weather change, or missing pitch-type/Statcast source conflict",,,,,
,0.194,,,L,pitch-type rows missing from Savant,unavailable,0.136364,,,,,,,,,,,BvP fetch not used in model; point-in-time safe history unavailable,,6.0,6.0,unavailable,HOU@BOS,,unavailable,unavailable,0,-8.15,+24900,0.004,0.08547,valid,+1070,0.084,0.136364,"{""avg"": 0.16666666666666666, ""games"": 8, ""hr_rate"": 0.0, ""ops"": 0.4642857142857143, ""pa"": 28, ""slg"": 0.25, ""tb_rate"": 0.21428571428571427}","{""avg"": 0.19444444444444445, ""games"": 14, ""hr_rate"": 0.0, ""ops"": 0.5732323232323233, ""pa"": 44, ""slg"": 0.2777777777777778, ""tb_rate"": 0.22727272727272727}","{""avg"": 0.2222222222222222, ""games"": 5, ""hr_rate"": 0.0, ""ops"": 0.5833333333333333, ""pa"": 20, ""slg"": 0.3333333333333333, ""tb_rate"": 0.3}",,9,official_mlb_schedule,Low,0.318,BOS,L,,0.596,44,pitch-type rows missing from Savant,unavailable,pitch-type rows missing from Savant,687957,Dustin Harris,LF,PASS,PASS,0.278,unavailable,unavailable,,Jake Bennett,,-23.88,+945,0.095671,0.334448,HOU,R,1.5,valid,+199,"lineup/starter change, price move through pass threshold, roof/weather change, or missing pitch-type/Statcast source conflict",,,,,
90.1,0.17,0.097,,L,"4-Seam Fastball: batter est_wOBA 0.256, est_SLG 0.281, pitcher allowed est_wOBA 0.457; Changeup: batter est_wOBA 0.348, est_SLG 0.477, pitcher allowed est_wOBA 0.235",unavailable,0.064815,,,,,,,,,,,BvP fetch not used in model; point-in-time safe history unavailable,,7.5,7.5,unavailable,HOU@BOS,0.417,unavailable,unavailable,1,-11.05,+5065,0.019361,0.12987,valid,+670,0.08,0.259259,"{""avg"": 0.175, ""games"": 11, ""hr_rate"": 0.0, ""ops"": 0.42012195121951224, ""pa"": 41, ""slg"": 0.225, ""tb_rate"": 0.21951219512195122}","{""avg"": 0.1724137931034483, ""games"": 22, ""hr_rate"": 0.011111111111111112, ""ops"": 0.46436781609195404, ""pa"": 90, ""slg"": 0.26436781609195403, ""tb_rate"": 0.25555555555555554}","{""avg"": 0.08333333333333333, ""games"": 6, ""hr_rate"": 0.0, ""ops"": 0.2033333333333333, ""pa"": 25, ""slg"": 0.08333333333333333, ""tb_rate"": 0.08}",10.9,1,official_mlb_schedule,High,0.231,HOU,R,4-Seam Fastball 26.0%; Changeup 25.8%; Slider 17.9%; Sinker 16.2%,0.481,108,"4-Seam Fastball: batter est_wOBA 0.256, est_SLG 0.281, pitcher allowed est_wOBA 0.457; Changeup: batter est_wOBA 0.348, est_SLG 0.477, pitcher allowed est_wOBA 0.235",neutral,"4-Seam Fastball: batter est_wOBA 0.256, est_SLG 0.281, pitcher allowed est_wOBA 0.457; Changeup: batter est_wOBA 0.348, est_SLG 0.477, pitcher allowed est_wOBA 0.235",680776,Jarren Duran,LF,PASS,PASS,0.25,unavailable,unavailable,,Mike Burrows,0.236,-37.13,+708,0.123754,0.49505,BOS,R,1.5,valid,+102,"lineup/starter change, price move through pass threshold, roof/weather change, or missing pitch-type/Statcast source conflict",,,0.216,0.339,0.273
92.7,0.262,0.181,,R,"4-Seam Fastball: batter est_wOBA 0.393, est_SLG 0.455, pitcher allowed est_wOBA 0.457; Changeup: batter est_wOBA 0.208, est_SLG 0.340, pitcher allowed est_wOBA 0.235",unavailable,0.109375,,,,,,,,,,,BvP fetch not used in model; point-in-time safe history unavailable,,7.5,7.5,unavailable,HOU@BOS,0.486,unavailable,unavailable,7,-8.66,+804,0.110628,0.197239,valid,+407,0.224,0.28125,"{""avg"": 0.22, ""games"": 13, ""hr_rate"": 0.07142857142857142, ""ops"": 0.73, ""pa"": 56, ""slg"": 0.48, ""tb_rate"": 0.42857142857142855}","{""avg"": 0.28888888888888886, ""games"": 25, ""hr_rate"": 0.0660377358490566, ""ops"": 0.8951781970649895, ""pa"": 106, ""slg"": 0.5555555555555556, ""tb_rate"": 0.4716981132075472}","{""avg"": 0.30434782608695654, ""games"": 6, ""hr_rate"": 0.1111111111111111, ""ops"": 1.072463768115942, ""pa"": 27, ""slg"": 0.7391304347826086, ""tb_rate"": 0.6296296296296297}",17.0,2,official_mlb_schedule,High,0.375,HOU,R,4-Seam Fastball 26.0%; Changeup 25.8%; Slider 17.9%; Sinker 16.2%,0.861,128,"4-Seam Fastball: batter est_wOBA 0.393, est_SLG 0.455, pitcher allowed est_wOBA 0.457; Changeup: batter est_wOBA 0.208, est_SLG 0.340, pitcher allowed est_wOBA 0.235",neutral,"4-Seam Fastball: batter est_wOBA 0.393, est_SLG 0.455, pitcher allowed est_wOBA 0.457; Changeup: batter est_wOBA 0.208, est_SLG 0.340, pitcher allowed est_wOBA 0.235",575929,Willson Contreras,1B,PASS,PASS,0.486,unavailable,unavailable,,Mike Burrows,0.347,-7.83,+151,0.397849,0.47619,BOS,R,1.5,valid,+110,"lineup/starter change, price move through pass threshold, roof/weather change, or missing pitch-type/Statcast source conflict",,,0.269,0.551,0.408
92.3,0.208,0.094,,L,"4-Seam Fastball: batter est_wOBA 0.387, est_SLG 0.508, pitcher allowed est_wOBA 0.457; Changeup: batter est_wOBA 0.324, est_SLG 0.351, pitcher allowed est_wOBA 0.235",unavailable,0.156522,,,,,,,,,,,BvP fetch not used in model; point-in-time safe history unavailable,,7.5,7.5,unavailable,HOU@BOS,0.469,unavailable,unavailable,1,-9.92,+3778,0.025783,0.125,valid,+700,0.084,0.278261,"{""avg"": 0.12903225806451613, ""games"": 9, ""hr_rate"": 0.0, ""ops"": 0.43672456575682383, ""pa"": 39, ""slg"": 0.12903225806451613, ""tb_rate"": 0.10256410256410256}","{""avg"": 0.21333333333333335, ""games"": 21, ""hr_rate"": 0.01098901098901099, ""ops"": 0.6606593406593406, ""pa"": 91, ""slg"": 0.32, ""tb_rate"": 0.26373626373626374}","{""avg"": 0.125, ""games"": 4, ""hr_rate"": 0.0, ""ops"": 0.3472222222222222, ""pa"": 18, ""slg"": 0.125, ""tb_rate"": 0.1111111111111111}",7.7,3,official_mlb_schedule,High,0.339,HOU,R,4-Seam Fastball 26.0%; Changeup 25.8%; Slider 17.9%; Sinker 16.2%,0.631,115,"4-Seam Fastball: batter est_wOBA 0.387, est_SLG 0.508, pitcher allowed est_wOBA 0.457; Changeup: batter est_wOBA 0.324, est_SLG 0.351, pitcher allowed est_wOBA 0.235",neutral,"4-Seam Fastball: batter est_wOBA 0.387, est_SLG 0.508, pitcher allowed est_wOBA 0.457; Changeup: batter est_wOBA 0.324, est_SLG 0.351, pitcher allowed est_wOBA 0.235",701350,Roman Anthony,DH,PASS,PASS,0.292,unavailable,unavailable,,Mike Burrows,0.391,-28.86,+640,0.135101,0.423729,BOS,R,1.5,valid,+136,"lineup/starter change, price move through pass threshold, roof/weather change, or missing pitch-type/Statcast source conflict",,,0.248,0.37,0.336
90.0,0.307,0.12,,L,"4-Seam Fastball: batter est_wOBA 0.318, est_SLG 0.402, pitcher allowed est_wOBA 0.457; Changeup: batter est_wOBA 0.375, est_SLG 0.487, pitcher allowed est_wOBA 0.235",unavailable,0.095238,,,,,,,,,,,BvP fetch not used in model; point-in-time safe history unavailable,,7.5,7.5,unavailable,HOU@BOS,0.478,unavailable,unavailable,4,-10.93,+1330,0.069924,0.179211,valid,+458,0.175,0.174603,"{""avg"": 0.2708333333333333, ""games"": 13, ""hr_rate"": 0.01818181818181818, ""ops"": 0.7386363636363636, ""pa"": 55, ""slg"": 0.375, ""tb_rate"": 0.32727272727272727}","{""avg"": 0.2872340425531915, ""games"": 25, ""hr_rate"": 0.018867924528301886, ""ops"": 0.7721798474508229, ""pa"": 106, ""slg"": 0.40425531914893614, ""tb_rate"": 0.3584905660377358}","{""avg"": 0.391304347826087, ""games"": 6, ""hr_rate"": 0.037037037037037035, ""ops"": 1.0901771336553945, ""pa"": 27, ""slg"": 0.6086956521739131, ""tb_rate"": 0.5185185185185185}",14.2,4,official_mlb_schedule,High,0.373,HOU,R,4-Seam Fastball 26.0%; Changeup 25.8%; Slider 17.9%; Sinker 16.2%,0.855,126,"4-Seam Fastball: batter est_wOBA 0.318, est_SLG 0.402, pitcher allowed est_wOBA 0.457; Changeup: batter est_wOBA 0.375, est_SLG 0.487, pitcher allowed est_wOBA 0.235",neutral,"4-Seam Fastball: batter est_wOBA 0.318, est_SLG 0.402, pitcher allowed est_wOBA 0.457; Changeup: batter est_wOBA 0.375, est_SLG 0.487, pitcher allowed est_wOBA 0.235",677800,Wilyer Abreu,RF,PASS,PASS,0.482,unavailable,unavailable,,Mike Burrows,0.326,-13.86,+196,0.337546,0.47619,BOS,L,1.5,valid,+110,"lineup/starter change, price move through pass threshold, roof/weather change, or missing pitch-type/Statcast source conflict",,,0.296,0.499,0.375
89.6,0.197,0.036,,R,"4-Seam Fastball: batter est_wOBA 0.234, est_SLG 0.271, pitcher allowed est_wOBA 0.457; Changeup: batter est_wOBA 0.239, est_SLG 0.312, pitcher allowed est_wOBA 0.235",unavailable,0.053435,,,,,,,,,,,BvP fetch not used in model; point-in-time safe history unavailable,,7.5,7.5,unavailable,HOU@BOS,0.429,unavailable,unavailable,2,-10.53,+14141,0.007022,0.11236,valid,+790,0.098,0.305344,"{""avg"": 0.17777777777777778, ""games"": 12, ""hr_rate"": 0.0, ""ops"": 0.4822222222222222, ""pa"": 50, ""slg"": 0.2222222222222222, ""tb_rate"": 0.2}","{""avg"": 0.20408163265306123, ""games"": 25, ""hr_rate"": 0.009345794392523364, ""ops"": 0.5380507343124166, ""pa"": 107, ""slg"": 0.2857142857142857, ""tb_rate"": 0.2616822429906542}","{""avg"": 0.25, ""games"": 5, ""hr_rate"": 0.0, ""ops"": 0.6181818181818182, ""pa"": 22, ""slg"": 0.3, ""tb_rate"": 0.2727272727272727}",12.9,5,official_mlb_schedule,High,0.237,HOU,R,4-Seam Fastball 26.0%; Changeup 25.8%; Slider 17.9%; Sinker 16.2%,0.532,131,"4-Seam Fastball: batter est_wOBA 0.234, est_SLG 0.271, pitcher allowed est_wOBA 0.457; Changeup: batter est_wOBA 0.239, est_SLG 0.312, pitcher allowed est_wOBA 0.235",neutral,"4-Seam Fastball: batter est_wOBA 0.234, est_SLG 0.271, pitcher allowed est_wOBA 0.457; Changeup: batter est_wOBA 0.239, est_SLG 0.312, pitcher allowed est_wOBA 0.235",596115,Trevor Story,SS,PASS,PASS,0.295,unavailable,unavailable,,Mike Burrows,0.321,-34.49,+905,0.099544,0.444444,BOS,R,1.5,valid,+125,"lineup/starter change, price move through pass threshold, roof/weather change, or missing pitch-type/Statcast source conflict",,,0.214,0.311,0.251
87.6,0.253,0.095,,L,"4-Seam Fastball: batter est_wOBA 0.431, est_SLG 0.520, pitcher allowed est_wOBA 0.457; Changeup: batter est_wOBA 0.349, est_SLG 0.397, pitcher allowed est_wOBA 0.235",unavailable,0.082353,,,,,,,,,,,BvP fetch not used in model; point-in-time safe history unavailable,,7.5,7.5,unavailable,HOU@BOS,0.429,unavailable,unavailable,1,-6.61,+2683,0.035932,0.102041,valid,+880,0.12,0.152941,"{""avg"": 0.37037037037037035, ""games"": 11, ""hr_rate"": 0.0, ""ops"": 0.8814814814814815, ""pa"": 30, ""slg"": 0.48148148148148145, ""tb_rate"": 0.43333333333333335}","{""avg"": 0.26229508196721313, ""games"": 22, ""hr_rate"": 0.014492753623188406, ""ops"": 0.6813970064148254, ""pa"": 69, ""slg"": 0.3770491803278688, ""tb_rate"": 0.3333333333333333}","{""avg"": 0.4375, ""games"": 6, ""hr_rate"": 0.0, ""ops"": 0.9705882352941176, ""pa"": 17, ""slg"": 0.5, ""tb_rate"": 0.47058823529411764}",9.5,6,official_mlb_schedule,High,0.321,HOU,R,4-Seam Fastball 26.0%; Changeup 25.8%; Slider 17.9%; Sinker 16.2%,0.694,85,"4-Seam Fastball: batter est_wOBA 0.431, est_SLG 0.520, pitcher allowed est_wOBA 0.457; Changeup: batter est_wOBA 0.349, est_SLG 0.397, pitcher allowed est_wOBA 0.235",neutral,"4-Seam Fastball: batter est_wOBA 0.431, est_SLG 0.520, pitcher allowed est_wOBA 0.457; Changeup: batter est_wOBA 0.349, est_SLG 0.397, pitcher allowed est_wOBA 0.235",691785,Marcelo Mayer,2B,PASS,PASS,0.373,unavailable,unavailable,,Mike Burrows,0.286,-15.69,+290,0.256312,0.413223,BOS,R,1.5,valid,+142,"lineup/starter change, price move through pass threshold, roof/weather change, or missing pitch-type/Statcast source conflict",,,0.221,0.346,0.295
89.3,0.263,0.07,,R,"4-Seam Fastball: batter est_wOBA 0.314, est_SLG 0.378, pitcher allowed est_wOBA 0.457; Changeup: batter est_wOBA 0.166, est_SLG 0.292, pitcher allowed est_wOBA 0.235",unavailable,0.057143,,,,,,,,,,,BvP fetch not used in model; point-in-time safe history unavailable,,7.5,7.5,unavailable,HOU@BOS,0.408,unavailable,unavailable,1,-10.92,+4043,0.024135,0.133333,valid,+650,0.116,0.228571,"{""avg"": 0.2222222222222222, ""games"": 12, ""hr_rate"": 0.0, ""ops"": 0.648611111111111, ""pa"": 48, ""slg"": 0.37777777777777777, ""tb_rate"": 0.3541666666666667}","{""avg"": 0.26582278481012656, ""games"": 24, ""hr_rate"": 0.0, ""ops"": 0.6704593941117907, ""pa"": 89, ""slg"": 0.3670886075949367, ""tb_rate"": 0.3258426966292135}","{""avg"": 0.2857142857142857, ""games"": 5, ""hr_rate"": 0.0, ""ops"": 0.8419913419913421, ""pa"": 22, ""slg"": 0.5238095238095238, ""tb_rate"": 0.5}",11.7,7,official_mlb_schedule,High,0.333,HOU,R,4-Seam Fastball 26.0%; Changeup 25.8%; Slider 17.9%; Sinker 16.2%,0.712,105,"4-Seam Fastball: batter est_wOBA 0.314, est_SLG 0.378, pitcher allowed est_wOBA 0.457; Changeup: batter est_wOBA 0.166, est_SLG 0.292, pitcher allowed est_wOBA 0.235",neutral,"4-Seam Fastball: batter est_wOBA 0.314, est_SLG 0.378, pitcher allowed est_wOBA 0.457; Changeup: batter est_wOBA 0.166, est_SLG 0.292, pitcher allowed est_wOBA 0.235",678882,Ceddanne Rafaela,CF,PASS,PASS,0.379,unavailable,unavailable,,Mike Burrows,0.366,-23.29,+373,0.211578,0.444444,BOS,R,1.5,valid,+125,"lineup/starter change, price move through pass threshold, roof/weather change, or missing pitch-type/Statcast source conflict",,,0.233,0.345,0.293
92.4,0.234,0.087,,R,"4-Seam Fastball: batter est_wOBA 0.172, est_SLG 0.180, pitcher allowed est_wOBA 0.457; Changeup: batter est_wOBA 0.270, est_SLG 0.322, pitcher allowed est_wOBA 0.235",unavailable,0.029851,,,,,,,,,,,BvP fetch not used in model; point-in-time safe history unavailable,,7.5,7.5,unavailable,HOU@BOS,0.457,unavailable,unavailable,2,-2.37,+1281,0.072413,0.096154,valid,+940,0.125,0.283582,"{""avg"": 0.30434782608695654, ""games"": 7, ""hr_rate"": 0.08333333333333333, ""ops"": 0.9855072463768115, ""pa"": 24, ""slg"": 0.6521739130434783, ""tb_rate"": 0.625}","{""avg"": 0.2, ""games"": 16, ""hr_rate"": 0.03508771929824561, ""ops"": 0.573524720893142, ""pa"": 57, ""slg"": 0.34545454545454546, ""tb_rate"": 0.3333333333333333}","{""avg"": 0.18181818181818182, ""games"": 3, ""hr_rate"": 0.09090909090909091, ""ops"": 0.6363636363636364, ""pa"": 11, ""slg"": 0.45454545454545453, ""tb_rate"": 0.45454545454545453}",15.3,8,official_mlb_schedule,High,0.258,HOU,R,4-Seam Fastball 26.0%; Changeup 25.8%; Slider 17.9%; Sinker 16.2%,0.617,67,"4-Seam Fastball: batter est_wOBA 0.172, est_SLG 0.180, pitcher allowed est_wOBA 0.457; Changeup: batter est_wOBA 0.270, est_SLG 0.322, pitcher allowed est_wOBA 0.235",neutral,"4-Seam Fastball: batter est_wOBA 0.172, est_SLG 0.180, pitcher allowed est_wOBA 0.457; Changeup: batter est_wOBA 0.270, est_SLG 0.322, pitcher allowed est_wOBA 0.235",665966,Carlos Narváez,C,PASS,PASS,0.359,unavailable,unavailable,,Mike Burrows,0.37,-5.15,+227,0.305664,0.357143,BOS,R,1.5,valid,+180,"lineup/starter change, price move through pass threshold, roof/weather change, or missing pitch-type/Statcast source conflict",,,0.212,0.337,0.249
85.9,0.172,0.012,,R,"4-Seam Fastball: batter est_wOBA 0.305, est_SLG 0.270, pitcher allowed est_wOBA 0.457; Changeup: batter est_wOBA 0.197, est_SLG 0.244, pitcher allowed est_wOBA 0.235",unavailable,0.09009,,,,,,,,,,,BvP fetch not used in model; point-in-time safe history unavailable,,7.5,7.5,unavailable,HOU@BOS,0.301,unavailable,unavailable,1,-7.29,+24900,0.004,0.076923,valid,+1200,0.091,0.144144,"{""avg"": 0.22727272727272727, ""games"": 13, ""hr_rate"": 0.02040816326530612, ""ops"": 0.6924860853432282, ""pa"": 49, ""slg"": 0.38636363636363635, ""tb_rate"": 0.3469387755102041}","{""avg"": 0.2, ""games"": 25, ""hr_rate"": 0.010416666666666666, ""ops"": 0.5767156862745098, ""pa"": 96, ""slg"": 0.3058823529411765, ""tb_rate"": 0.2708333333333333}","{""avg"": 0.2857142857142857, ""games"": 6, ""hr_rate"": 0.041666666666666664, ""ops"": 0.8511904761904762, ""pa"": 24, ""slg"": 0.47619047619047616, ""tb_rate"": 0.4166666666666667}",5.1,9,official_mlb_schedule,High,0.261,HOU,R,4-Seam Fastball 26.0%; Changeup 25.8%; Slider 17.9%; Sinker 16.2%,0.524,111,"4-Seam Fastball: batter est_wOBA 0.305, est_SLG 0.270, pitcher allowed est_wOBA 0.457; Changeup: batter est_wOBA 0.197, est_SLG 0.244, pitcher allowed est_wOBA 0.235",neutral,"4-Seam Fastball: batter est_wOBA 0.305, est_SLG 0.270, pitcher allowed est_wOBA 0.457; Changeup: batter est_wOBA 0.197, est_SLG 0.244, pitcher allowed est_wOBA 0.235",702332,Caleb Durbin,3B,PASS,PASS,0.263,unavailable,unavailable,,Mike Burrows,0.229,-25.22,+699,0.125182,0.377358,BOS,R,1.5,valid,+165,"lineup/starter change, price move through pass threshold, roof/weather change, or missing pitch-type/Statcast source conflict",,,0.218,0.286,0.272
93.6,0.282,0.162,,R,"4-Seam Fastball: batter est_wOBA 0.311, est_SLG 0.421, pitcher allowed est_wOBA 0.473; Changeup: batter est_wOBA 0.450, est_SLG 0.576, pitcher allowed est_wOBA 0.187",unavailable,0.059322,,,,,,,,,,,BvP fetch not used in model; point-in-time safe history unavailable,,7.5,7.5,unavailable,SF@TB,0.554,unavailable,unavailable,3,-9.15,+1011,0.089969,0.181488,valid,+451,0.145,0.313559,"{""avg"": 0.35555555555555557, ""games"": 12, ""hr_rate"": 0.06, ""ops"": 1.0666666666666667, ""pa"": 50, ""slg"": 0.6666666666666666, ""tb_rate"": 0.6}","{""avg"": 0.29347826086956524, ""games"": 25, ""hr_rate"": 0.030612244897959183, ""ops"": 0.7830523513753327, ""pa"": 98, ""slg"": 0.45652173913043476, ""tb_rate"": 0.42857142857142855}","{""avg"": 0.34782608695652173, ""games"": 6, ""hr_rate"": 0.038461538461538464, ""ops"": 0.9933110367892977, ""pa"": 26, ""slg"": 0.6086956521739131, ""tb_rate"": 0.5384615384615384}",9.8,1,official_mlb_schedule,High,0.322,TB,L,4-Seam Fastball 36.6%; Changeup 27.5%; Slider 27.3%; Curveball 8.6%,0.749,118,"4-Seam Fastball: batter est_wOBA 0.311, est_SLG 0.421, pitcher allowed est_wOBA 0.473; Changeup: batter est_wOBA 0.450, est_SLG 0.576, pitcher allowed est_wOBA 0.187",neutral,"4-Seam Fastball: batter est_wOBA 0.311, est_SLG 0.421, pitcher allowed est_wOBA 0.473; Changeup: batter est_wOBA 0.450, est_SLG 0.576, pitcher allowed est_wOBA 0.187",671218,Heliot Ramos,LF,PASS,PASS,0.427,unavailable,unavailable,,Shane McClanahan,0.378,-3.45,+147,0.404108,0.438596,SF,R,1.5,valid,+128,"lineup/starter change, price move through pass threshold, roof/weather change, or missing pitch-type/Statcast source conflict",,,0.28,0.458,0.333
87.6,0.271,0.045,,R,"4-Seam Fastball: batter est_wOBA 0.328, est_SLG 0.308, pitcher allowed est_wOBA 0.473; Changeup: batter est_wOBA 0.464, est_SLG 0.565, pitcher allowed est_wOBA 0.187",unavailable,0.105263,,,,,,,,,,,BvP fetch not used in model; point-in-time safe history unavailable,,7.5,7.5,unavailable,SF@TB,0.337,unavailable,unavailable,1,-14.41,+24900,0.004,0.148148,valid,+575,0.093,0.218045,"{""avg"": 0.2727272727272727, ""games"": 12, ""hr_rate"": 0.0, ""ops"": 0.7070707070707071, ""pa"": 54, ""slg"": 0.3181818181818182, ""tb_rate"": 0.25925925925925924}","{""avg"": 0.28, ""games"": 26, ""hr_rate"": 0.0, ""ops"": 0.7082142857142857, ""pa"": 112, ""slg"": 0.36, ""tb_rate"": 0.32142857142857145}","{""avg"": 0.2, ""games"": 6, ""hr_rate"": 0.0, ""ops"": 0.6928571428571428, ""pa"": 28, ""slg"": 0.3, ""tb_rate"": 0.21428571428571427}",6.5,2,official_mlb_schedule,High,0.353,TB,L,4-Seam Fastball 36.6%; Changeup 27.5%; Slider 27.3%; Curveball 8.6%,0.717,133,"4-Seam Fastball: batter est_wOBA 0.328, est_SLG 0.308, pitcher allowed est_wOBA 0.473; Changeup: batter est_wOBA 0.464, est_SLG 0.565, pitcher allowed est_wOBA 0.187",favorable,"4-Seam Fastball: batter est_wOBA 0.328, est_SLG 0.308, pitcher allowed est_wOBA 0.473; Changeup: batter est_wOBA 0.464, est_SLG 0.565, pitcher allowed est_wOBA 0.187",656305,Matt Chapman,3B,PASS,PASS,0.364,unavailable,unavailable,,Shane McClanahan,0.213,-26.94,+746,0.118195,0.387597,SF,R,1.5,valid,+158,"lineup/starter change, price move through pass threshold, roof/weather change, or missing pitch-type/Statcast source conflict",,,0.228,0.299,0.284
86.6,0.305,0.0,,L,"4-Seam Fastball: batter est_wOBA 0.318, est_SLG 0.401, pitcher allowed est_wOBA 0.473; Changeup: batter est_wOBA 0.299, est_SLG 0.373, pitcher allowed est_wOBA 0.187",unavailable,0.046875,,,,,,,,,,,BvP fetch not used in model; point-in-time safe history unavailable,,7.5,7.5,unavailable,SF@TB,0.19,unavailable,unavailable,0,-6.16,+24900,0.004,0.065574,valid,+1425,0.059,0.046875,"{""avg"": 0.29411764705882354, ""games"": 12, ""hr_rate"": 0.0, ""ops"": 0.6352201257861635, ""pa"": 53, ""slg"": 0.3333333333333333, ""tb_rate"": 0.32075471698113206}","{""avg"": 0.32323232323232326, ""games"": 25, ""hr_rate"": 0.0, ""ops"": 0.7397337864627584, ""pa"": 107, ""slg"": 0.3939393939393939, ""tb_rate"": 0.3644859813084112}","{""avg"": 0.3076923076923077, ""games"": 6, ""hr_rate"": 0.0, ""ops"": 0.6809116809116809, ""pa"": 27, ""slg"": 0.38461538461538464, ""tb_rate"": 0.37037037037037035}",13.9,3,official_mlb_schedule,High,0.333,TB,L,4-Seam Fastball 36.6%; Changeup 27.5%; Slider 27.3%; Curveball 8.6%,0.697,128,"4-Seam Fastball: batter est_wOBA 0.318, est_SLG 0.401, pitcher allowed est_wOBA 0.473; Changeup: batter est_wOBA 0.299, est_SLG 0.373, pitcher allowed est_wOBA 0.187",neutral,"4-Seam Fastball: batter est_wOBA 0.318, est_SLG 0.401, pitcher allowed est_wOBA 0.473; Changeup: batter est_wOBA 0.299, est_SLG 0.373, pitcher allowed est_wOBA 0.187",650333,Luis Arraez,2B,PASS,PASS,0.364,unavailable,unavailable,,Shane McClanahan,0.353,-31.44,+718,0.122306,0.436681,SF,R,1.5,valid,+129,"lineup/starter change, price move through pass threshold, roof/weather change, or missing pitch-type/Statcast source conflict",,,0.299,0.368,0.308
90.1,0.301,0.147,,R,"4-Seam Fastball: batter est_wOBA 0.348, est_SLG 0.529, pitcher allowed est_wOBA 0.473; Changeup: batter est_wOBA 0.652, est_SLG 1.151, pitcher allowed est_wOBA 0.187",unavailable,0.039216,,,,,,,,,,,BvP fetch not used in model; point-in-time safe history unavailable,,7.5,7.5,unavailable,SF@TB,0.467,unavailable,unavailable,4,-8.05,+1017,0.08955,0.170068,valid,+488,0.237,0.186275,"{""avg"": 0.29545454545454547, ""games"": 11, ""hr_rate"": 0.0625, ""ops"": 0.9261363636363636, ""pa"": 48, ""slg"": 0.6136363636363636, ""tb_rate"": 0.5625}","{""avg"": 0.3246753246753247, ""games"": 20, ""hr_rate"": 0.047619047619047616, ""ops"": 0.9426406926406926, ""pa"": 84, ""slg"": 0.5974025974025974, ""tb_rate"": 0.5476190476190477}","{""avg"": 0.36363636363636365, ""games"": 6, ""hr_rate"": 0.08, ""ops"": 1.1727272727272728, ""pa"": 25, ""slg"": 0.7727272727272727, ""tb_rate"": 0.68}",23.2,4,official_mlb_schedule,High,0.353,TB,L,4-Seam Fastball 36.6%; Changeup 27.5%; Slider 27.3%; Curveball 8.6%,0.891,102,"4-Seam Fastball: batter est_wOBA 0.348, est_SLG 0.529, pitcher allowed est_wOBA 0.473; Changeup: batter est_wOBA 0.652, est_SLG 1.151, pitcher allowed est_wOBA 0.187",favorable,"4-Seam Fastball: batter est_wOBA 0.348, est_SLG 0.529, pitcher allowed est_wOBA 0.473; Changeup: batter est_wOBA 0.652, est_SLG 1.151, pitcher allowed est_wOBA 0.187",669477,Casey Schmitt,DH,PASS,PASS,0.538,unavailable,unavailable,,Shane McClanahan,0.4,-2.11,+151,0.399069,0.420168,SF,R,1.5,valid,+138,"lineup/starter change, price move through pass threshold, roof/weather change, or missing pitch-type/Statcast source conflict",,,0.28,0.53,0.37
89.8,0.207,0.073,,L,"4-Seam Fastball: batter est_wOBA 0.218, est_SLG 0.328, pitcher allowed est_wOBA 0.473; Changeup: batter est_wOBA 0.397, est_SLG 0.551, pitcher allowed est_wOBA 0.187",unavailable,0.054264,,,,,,,,,,,BvP fetch not used in model; point-in-time safe history unavailable,,7.5,7.5,unavailable,SF@TB,0.415,unavailable,unavailable,2,-16.9,+24900,0.004,0.17301,valid,+478,0.082,0.310078,"{""avg"": 0.19148936170212766, ""games"": 12, ""hr_rate"": 0.0, ""ops"": 0.4753191489361702, ""pa"": 50, ""slg"": 0.2553191489361702, ""tb_rate"": 0.24}","{""avg"": 0.19607843137254902, ""games"": 26, ""hr_rate"": 0.018518518518518517, ""ops"": 0.5157952069716776, ""pa"": 108, ""slg"": 0.28431372549019607, ""tb_rate"": 0.26851851851851855}","{""avg"": 0.09523809523809523, ""games"": 6, ""hr_rate"": 0.0, ""ops"": 0.30952380952380953, ""pa"": 24, ""slg"": 0.14285714285714285, ""tb_rate"": 0.125}",10.2,5,official_mlb_schedule,High,0.248,TB,L,4-Seam Fastball 36.6%; Changeup 27.5%; Slider 27.3%; Curveball 8.6%,0.537,129,"4-Seam Fastball: batter est_wOBA 0.218, est_SLG 0.328, pitcher allowed est_wOBA 0.473; Changeup: batter est_wOBA 0.397, est_SLG 0.551, pitcher allowed est_wOBA 0.187",neutral,"4-Seam Fastball: batter est_wOBA 0.218, est_SLG 0.328, pitcher allowed est_wOBA 0.473; Changeup: batter est_wOBA 0.397, est_SLG 0.551, pitcher allowed est_wOBA 0.187",646240,Rafael Devers,1B,PASS,PASS,0.289,unavailable,unavailable,,Shane McClanahan,0.317,-29.25,+844,0.105915,0.398406,SF,R,1.5,valid,+151,"lineup/starter change, price move through pass threshold, roof/weather change, or missing pitch-type/Statcast source conflict",,,0.216,0.342,0.26
88.4,0.197,0.098,,R,"4-Seam Fastball: batter est_wOBA 0.257, est_SLG 0.280, pitcher allowed est_wOBA 0.473; Changeup: batter est_wOBA 0.002, est_SLG 0.002, pitcher allowed est_wOBA 0.187",unavailable,0.046512,,,,,,,,,,,BvP fetch not used in model; point-in-time safe history unavailable,,7.5,7.5,unavailable,SF@TB,0.402,unavailable,unavailable,3,-13.16,+11969,0.008286,0.13986,valid,+615,0.155,0.310078,"{""avg"": 0.10204081632653061, ""games"": 11, ""hr_rate"": 0.0, ""ops"": 0.24244897959183673, ""pa"": 50, ""slg"": 0.12244897959183673, ""tb_rate"": 0.12}","{""avg"": 0.17647058823529413, ""games"": 25, ""hr_rate"": 0.01834862385321101, ""ops"": 0.543712898003238, ""pa"": 109, ""slg"": 0.3235294117647059, ""tb_rate"": 0.30275229357798167}","{""avg"": 0.047619047619047616, ""games"": 5, ""hr_rate"": 0.0, ""ops"": 0.13852813852813853, ""pa"": 22, ""slg"": 0.047619047619047616, ""tb_rate"": 0.045454545454545456}",22.7,6,official_mlb_schedule,High,0.24,TB,L,4-Seam Fastball 36.6%; Changeup 27.5%; Slider 27.3%; Curveball 8.6%,0.592,129,"4-Seam Fastball: batter est_wOBA 0.257, est_SLG 0.280, pitcher allowed est_wOBA 0.473; Changeup: batter est_wOBA 0.002, est_SLG 0.002, pitcher allowed est_wOBA 0.187",unfavorable,"4-Seam Fastball: batter est_wOBA 0.257, est_SLG 0.280, pitcher allowed est_wOBA 0.473; Changeup: batter est_wOBA 0.002, est_SLG 0.002, pitcher allowed est_wOBA 0.187",642715,Willy Adames,SS,PASS,PASS,0.352,unavailable,unavailable,,Shane McClanahan,0.341,-24.67,+983,0.092318,0.338983,SF,R,1.5,valid,+195,"lineup/starter change, price move through pass threshold, roof/weather change, or missing pitch-type/Statcast source conflict",,,0.207,0.369,0.27
89.3,0.297,0.031,,L,"4-Seam Fastball: batter est_wOBA 0.360, est_SLG 0.431, pitcher allowed est_wOBA 0.473; Changeup: batter est_wOBA 0.361, est_SLG 0.436, pitcher allowed est_wOBA 0.187",unavailable,0.07377,,,,,,,,,,,BvP fetch not used in model; point-in-time safe history unavailable,,7.5,7.5,unavailable,SF@TB,0.354,unavailable,unavailable,2,-5.0,+4243,0.023027,0.072993,valid,+1270,0.144,0.139344,"{""avg"": 0.3695652173913043, ""games"": 12, ""hr_rate"": 0.02040816326530612, ""ops"": 0.929902395740905, ""pa"": 49, ""slg"": 0.5217391304347826, ""tb_rate"": 0.4897959183673469}","{""avg"": 0.3118279569892473, ""games"": 26, ""hr_rate"": 0.0196078431372549, ""ops"": 0.8045540796963947, ""pa"": 102, ""slg"": 0.45161290322580644, ""tb_rate"": 0.4117647058823529}","{""avg"": 0.4583333333333333, ""games"": 6, ""hr_rate"": 0.038461538461538464, ""ops"": 1.25, ""pa"": 26, ""slg"": 0.75, ""tb_rate"": 0.6923076923076923}",12.2,7,official_mlb_schedule,High,0.344,TB,L,4-Seam Fastball 36.6%; Changeup 27.5%; Slider 27.3%; Curveball 8.6%,0.785,122,"4-Seam Fastball: batter est_wOBA 0.360, est_SLG 0.431, pitcher allowed est_wOBA 0.473; Changeup: batter est_wOBA 0.361, est_SLG 0.436, pitcher allowed est_wOBA 0.187",neutral,"4-Seam Fastball: batter est_wOBA 0.360, est_SLG 0.431, pitcher allowed est_wOBA 0.473; Changeup: batter est_wOBA 0.361, est_SLG 0.436, pitcher allowed est_wOBA 0.187",808982,Jung Hoo Lee,CF,PASS,PASS,0.441,unavailable,unavailable,,Shane McClanahan,0.365,-10.31,+286,0.25917,0.362319,SF,R,1.5,valid,+176,"lineup/starter change, price move through pass threshold, roof/weather change, or missing pitch-type/Statcast source conflict",,,0.291,0.391,0.327
,0.2,,,R,"4-Seam Fastball: batter est_wOBA 0.157, est_SLG 0.202, pitcher allowed est_wOBA 0.473; Changeup: batter est_wOBA 0.337, est_SLG 0.348, pitcher allowed est_wOBA 0.187",unavailable,0.032258,,,,,,,,,,,BvP fetch not used in model; point-in-time safe history unavailable,,7.5,7.5,unavailable,SF@TB,,unavailable,unavailable,0,-13.3,+24900,0.004,0.136986,valid,+630,0.033,0.225806,"{""avg"": 0.0, ""games"": 6, ""hr_rate"": 0.0, ""ops"": 0.14285714285714285, ""pa"": 7, ""slg"": 0.0, ""tb_rate"": 0.0}","{""avg"": 0.2, ""games"": 15, ""hr_rate"": 0.0, ""ops"": 0.45913978494623653, ""pa"": 31, ""slg"": 0.23333333333333334, ""tb_rate"": 0.22580645161290322}","{""avg"": 0.0, ""games"": 3, ""hr_rate"": 0.0, ""ops"": 0.2, ""pa"": 5, ""slg"": 0.0, ""tb_rate"": 0.0}",,8,official_mlb_schedule,High,0.226,TB,L,4-Seam Fastball 36.6%; Changeup 27.5%; Slider 27.3%; Curveball 8.6%,0.459,31,"4-Seam Fastball: batter est_wOBA 0.157, est_SLG 0.202, pitcher allowed est_wOBA 0.473; Changeup: batter est_wOBA 0.337, est_SLG 0.348, pitcher allowed est_wOBA 0.187",neutral,"4-Seam Fastball: batter est_wOBA 0.157, est_SLG 0.202, pitcher allowed est_wOBA 0.473; Changeup: batter est_wOBA 0.337, est_SLG 0.348, pitcher allowed est_wOBA 0.187",666464,Jerar Encarnacion,RF,PASS,PASS,0.233,unavailable,unavailable,,Shane McClanahan,,-26.16,+1384,0.067392,0.328947,SF,R,1.5,valid,+204,"lineup/starter change, price move through pass threshold, roof/weather change, or missing pitch-type/Statcast source conflict",,,,,
91.2,0.149,0.055,,S,"4-Seam Fastball: batter est_wOBA 0.259, est_SLG 0.311, pitcher allowed est_wOBA 0.473; Changeup: batter est_wOBA 0.171, est_SLG 0.150, pitcher allowed est_wOBA 0.187",unavailable,0.08642,,,,,,,,,,,BvP fetch not used in model; point-in-time safe history unavailable,,7.5,7.5,unavailable,SF@TB,0.455,unavailable,unavailable,1,-7.59,+6546,0.015046,0.090909,valid,+1000,0.04,0.234568,"{""avg"": 0.18518518518518517, ""games"": 10, ""hr_rate"": 0.03225806451612903, ""ops"": 0.5866188769414575, ""pa"": 31, ""slg"": 0.2962962962962963, ""tb_rate"": 0.25806451612903225}","{""avg"": 0.15517241379310345, ""games"": 20, ""hr_rate"": 0.015873015873015872, ""ops"": 0.4291187739463601, ""pa"": 63, ""slg"": 0.20689655172413793, ""tb_rate"": 0.19047619047619047}","{""avg"": 0.15384615384615385, ""games"": 5, ""hr_rate"": 0.0, ""ops"": 0.4205128205128205, ""pa"": 15, ""slg"": 0.15384615384615385, ""tb_rate"": 0.13333333333333333}",11.7,9,official_mlb_schedule,High,0.222,TB,L,4-Seam Fastball 36.6%; Changeup 27.5%; Slider 27.3%; Curveball 8.6%,0.411,81,"4-Seam Fastball: batter est_wOBA 0.259, est_SLG 0.311, pitcher allowed est_wOBA 0.473; Changeup: batter est_wOBA 0.171, est_SLG 0.150, pitcher allowed est_wOBA 0.187",unfavorable,"4-Seam Fastball: batter est_wOBA 0.259, est_SLG 0.311, pitcher allowed est_wOBA 0.473; Changeup: batter est_wOBA 0.171, est_SLG 0.150, pitcher allowed est_wOBA 0.187",672275,Patrick Bailey,C,PASS,PASS,0.189,unavailable,unavailable,,Shane McClanahan,0.345,-13.14,+628,0.137372,0.268817,SF,R,1.5,valid,+272,"lineup/starter change, price move through pass threshold, roof/weather change, or missing pitch-type/Statcast source conflict",,,0.233,0.368,0.296
83.6,0.314,0.0,,L,"4-Seam Fastball: batter est_wOBA 0.303, est_SLG 0.338, pitcher allowed est_wOBA 0.312; Slider: batter est_wOBA 0.171, est_SLG 0.199, pitcher allowed est_wOBA 0.362",unavailable,0.054264,,,,,,,,,,,BvP fetch not used in model; point-in-time safe history unavailable,,7.5,7.5,unavailable,SF@TB,0.135,unavailable,unavailable,0,-3.3,+24900,0.004,0.037037,valid,+2600,0.042,0.077519,"{""avg"": 0.2653061224489796, ""games"": 12, ""hr_rate"": 0.0, ""ops"": 0.6005291005291005, ""pa"": 54, ""slg"": 0.2857142857142857, ""tb_rate"": 0.25925925925925924}","{""avg"": 0.29, ""games"": 25, ""hr_rate"": 0.0, ""ops"": 0.6381818181818182, ""pa"": 110, ""slg"": 0.32, ""tb_rate"": 0.2909090909090909}","{""avg"": 0.2727272727272727, ""games"": 6, ""hr_rate"": 0.0, ""ops"": 0.6781818181818182, ""pa"": 25, ""slg"": 0.3181818181818182, ""tb_rate"": 0.28}",1.9,1,official_mlb_schedule,High,0.349,SF,L,4-Seam Fastball 48.4%; Slider 32.4%; Changeup 12.5%; Curveball 6.7%,0.705,129,"4-Seam Fastball: batter est_wOBA 0.303, est_SLG 0.338, pitcher allowed est_wOBA 0.312; Slider: batter est_wOBA 0.171, est_SLG 0.199, pitcher allowed est_wOBA 0.362",unfavorable,"4-Seam Fastball: batter est_wOBA 0.303, est_SLG 0.338, pitcher allowed est_wOBA 0.312; Slider: batter est_wOBA 0.171, est_SLG 0.199, pitcher allowed est_wOBA 0.362",802415,Chandler Simpson,LF,PASS,PASS,0.356,unavailable,unavailable,,Robbie Ray,0.304,-34.21,+1125,0.081646,0.423729,TB,R,1.5,valid,+136,"lineup/starter change, price move through pass threshold, roof/weather change, or missing pitch-type/Statcast source conflict",,,0.279,0.317,0.285
91.3,0.256,0.104,,R,"4-Seam Fastball: batter est_wOBA 0.602, est_SLG 0.994, pitcher allowed est_wOBA 0.312; Slider: batter est_wOBA 0.342, est_SLG 0.486, pitcher allowed est_wOBA 0.362",unavailable,0.099237,,,,,,,,,,,BvP fetch not used in model; point-in-time safe history unavailable,,7.5,7.5,unavailable,SF@TB,0.442,unavailable,unavailable,8,-12.86,+898,0.100245,0.228833,valid,+337,0.231,0.167939,"{""avg"": 0.2708333333333333, ""games"": 12, ""hr_rate"": 0.08163265306122448, ""ops"": 0.8273809523809523, ""pa"": 49, ""slg"": 0.5416666666666666, ""tb_rate"": 0.5306122448979592}","{""avg"": 0.25, ""games"": 25, ""hr_rate"": 0.07407407407407407, ""ops"": 0.8162962962962963, ""pa"": 108, ""slg"": 0.52, ""tb_rate"": 0.48148148148148145}","{""avg"": 0.23809523809523808, ""games"": 6, ""hr_rate"": 0.09523809523809523, ""ops"": 0.7619047619047619, ""pa"": 21, ""slg"": 0.5238095238095238, ""tb_rate"": 0.5238095238095238}",12.6,2,official_mlb_schedule,High,0.328,SF,L,4-Seam Fastball 48.4%; Slider 32.4%; Changeup 12.5%; Curveball 6.7%,0.815,131,"4-Seam Fastball: batter est_wOBA 0.602, est_SLG 0.994, pitcher allowed est_wOBA 0.312; Slider: batter est_wOBA 0.342, est_SLG 0.486, pitcher allowed est_wOBA 0.362",favorable,"4-Seam Fastball: batter est_wOBA 0.602, est_SLG 0.994, pitcher allowed est_wOBA 0.312; Slider: batter est_wOBA 0.342, est_SLG 0.486, pitcher allowed est_wOBA 0.362",691406,Junior Caminero,3B,PASS,PASS,0.487,unavailable,unavailable,,Robbie Ray,0.25,-10.13,+167,0.374885,0.47619,TB,R,1.5,valid,+110,"lineup/starter change, price move through pass threshold, roof/weather change, or missing pitch-type/Statcast source conflict",,,0.276,0.481,0.358
,0.344,,,R,"4-Seam Fastball: batter est_wOBA 0.221, est_SLG 0.243, pitcher allowed est_wOBA 0.312; Slider: batter split unavailable",unavailable,0.085714,,,,,,,,,,,BvP fetch not used in model; point-in-time safe history unavailable,,7.5,7.5,unavailable,SF@TB,,unavailable,unavailable,0,-4.43,+2045,0.046624,0.090909,valid,+1000,0.062,0.2,"{""avg"": 0.5454545454545454, ""games"": 5, ""hr_rate"": 0.0, ""ops"": 1.2196969696969697, ""pa"": 12, ""slg"": 0.6363636363636364, ""tb_rate"": 0.5833333333333334}","{""avg"": 0.4230769230769231, ""games"": 12, ""hr_rate"": 0.0, ""ops"": 0.9642857142857143, ""pa"": 28, ""slg"": 0.5, ""tb_rate"": 0.4642857142857143}","{""avg"": 0.75, ""games"": 1, ""hr_rate"": 0.0, ""ops"": 1.5, ""pa"": 4, ""slg"": 0.75, ""tb_rate"": 0.75}",,3,official_mlb_schedule,High,0.4,SF,L,4-Seam Fastball 48.4%; Slider 32.4%; Changeup 12.5%; Curveball 6.7%,0.806,35,"4-Seam Fastball: batter est_wOBA 0.221, est_SLG 0.243, pitcher allowed est_wOBA 0.312; Slider: batter split unavailable",unfavorable,"4-Seam Fastball: batter est_wOBA 0.221, est_SLG 0.243, pitcher allowed est_wOBA 0.312; Slider: batter split unavailable",668723,Ryan Vilade,1B,PASS,PASS,0.406,unavailable,unavailable,,Robbie Ray,,0.08,+199,0.334092,0.333333,TB,R,1.5,valid,+200,"lineup/starter change, price move through pass threshold, roof/weather change, or missing pitch-type/Statcast source conflict",,,,,
90.4,0.33,0.061,,R,"4-Seam Fastball: batter est_wOBA 0.403, est_SLG 0.581, pitcher allowed est_wOBA 0.312; Slider: batter est_wOBA 0.446, est_SLG 0.591, pitcher allowed est_wOBA 0.362",unavailable,0.097744,,,,,,,,,,,BvP fetch not used in model; point-in-time safe history unavailable,,7.5,7.5,unavailable,SF@TB,0.449,unavailable,unavailable,4,-11.33,+1662,0.056751,0.170068,valid,+488,0.148,0.120301,"{""avg"": 0.26666666666666666, ""games"": 12, ""hr_rate"": 0.0196078431372549, ""ops"": 0.6888888888888889, ""pa"": 51, ""slg"": 0.35555555555555557, ""tb_rate"": 0.3137254901960784}","{""avg"": 0.2967032967032967, ""games"": 25, ""hr_rate"": 0.027777777777777776, ""ops"": 0.8006715506715507, ""pa"": 108, ""slg"": 0.43956043956043955, ""tb_rate"": 0.37037037037037035}","{""avg"": 0.2857142857142857, ""games"": 6, ""hr_rate"": 0.04, ""ops"": 0.7885714285714285, ""pa"": 25, ""slg"": 0.42857142857142855, ""tb_rate"": 0.36}",4.6,4,official_mlb_schedule,High,0.421,SF,L,4-Seam Fastball 48.4%; Slider 32.4%; Changeup 12.5%; Curveball 6.7%,0.899,133,"4-Seam Fastball: batter est_wOBA 0.403, est_SLG 0.581, pitcher allowed est_wOBA 0.312; Slider: batter est_wOBA 0.446, est_SLG 0.591, pitcher allowed est_wOBA 0.362",favorable,"4-Seam Fastball: batter est_wOBA 0.403, est_SLG 0.581, pitcher allowed est_wOBA 0.312; Slider: batter est_wOBA 0.446, est_SLG 0.591, pitcher allowed est_wOBA 0.362",650490,Yandy Díaz,DH,PASS,PASS,0.478,unavailable,unavailable,,Robbie Ray,0.293,-16.99,+229,0.304051,0.473934,TB,R,1.5,valid,+111,"lineup/starter change, price move through pass threshold, roof/weather change, or missing pitch-type/Statcast source conflict",,,0.313,0.46,0.381
87.2,0.25,0.0,,R,"4-Seam Fastball: batter est_wOBA 0.316, est_SLG 0.327, pitcher allowed est_wOBA 0.312; Slider: batter est_wOBA 0.314, est_SLG 0.396, pitcher allowed est_wOBA 0.362",unavailable,0.089888,,,,,,,,,,,BvP fetch not used in model; point-in-time safe history unavailable,,7.5,7.5,unavailable,SF@TB,0.323,unavailable,unavailable,0,-6.95,+24900,0.004,0.073529,valid,+1260,0.088,0.213483,"{""avg"": 0.2413793103448276, ""games"": 10, ""hr_rate"": 0.0, ""ops"": 0.6573275862068966, ""pa"": 32, ""slg"": 0.3448275862068966, ""tb_rate"": 0.3125}","{""avg"": 0.234375, ""games"": 22, ""hr_rate"": 0.0, ""ops"": 0.6588184931506849, ""pa"": 73, ""slg"": 0.34375, ""tb_rate"": 0.3013698630136986}","{""avg"": 0.2777777777777778, ""games"": 6, ""hr_rate"": 0.0, ""ops"": 0.7602339181286549, ""pa"": 19, ""slg"": 0.4444444444444444, ""tb_rate"": 0.42105263157894735}",5.7,5,official_mlb_schedule,High,0.318,SF,L,4-Seam Fastball 48.4%; Slider 32.4%; Changeup 12.5%; Curveball 6.7%,0.656,89,"4-Seam Fastball: batter est_wOBA 0.316, est_SLG 0.327, pitcher allowed est_wOBA 0.312; Slider: batter est_wOBA 0.314, est_SLG 0.396, pitcher allowed est_wOBA 0.362",neutral,"4-Seam Fastball: batter est_wOBA 0.316, est_SLG 0.327, pitcher allowed est_wOBA 0.312; Slider: batter est_wOBA 0.314, est_SLG 0.396, pitcher allowed est_wOBA 0.362",810938,Ben Williamson,2B,PASS,PASS,0.338,unavailable,unavailable,,Robbie Ray,0.387,-20.42,+543,0.155544,0.359712,TB,R,1.5,valid,+178,"lineup/starter change, price move through pass threshold, roof/weather change, or missing pitch-type/Statcast source conflict",,,0.249,0.317,0.287
87.8,0.283,0.061,,R,"4-Seam Fastball: batter est_wOBA 0.218, est_SLG 0.253, pitcher allowed est_wOBA 0.312; Slider: batter est_wOBA 0.134, est_SLG 0.176, pitcher allowed est_wOBA 0.362",unavailable,0.047619,,,,,,,,,,,BvP fetch not used in model; point-in-time safe history unavailable,,7.5,7.5,unavailable,SF@TB,0.327,unavailable,unavailable,2,-6.56,+2352,0.040788,0.106383,valid,+840,0.184,0.174603,"{""avg"": 0.2916666666666667, ""games"": 8, ""hr_rate"": 0.0, ""ops"": 0.7366666666666667, ""pa"": 25, ""slg"": 0.4166666666666667, ""tb_rate"": 0.4}","{""avg"": 0.2553191489361702, ""games"": 17, ""hr_rate"": 0.02040816326530612, ""ops"": 0.6899696048632218, ""pa"": 49, ""slg"": 0.40425531914893614, ""tb_rate"": 0.3877551020408163}","{""avg"": 0.3, ""games"": 4, ""hr_rate"": 0.0, ""ops"": 0.7, ""pa"": 10, ""slg"": 0.4, ""tb_rate"": 0.4}",14.4,6,official_mlb_schedule,High,0.317,SF,L,4-Seam Fastball 48.4%; Slider 32.4%; Changeup 12.5%; Curveball 6.7%,0.784,63,"4-Seam Fastball: batter est_wOBA 0.218, est_SLG 0.253, pitcher allowed est_wOBA 0.312; Slider: batter est_wOBA 0.134, est_SLG 0.176, pitcher allowed est_wOBA 0.362",unfavorable,"4-Seam Fastball: batter est_wOBA 0.218, est_SLG 0.253, pitcher allowed est_wOBA 0.312; Slider: batter est_wOBA 0.134, est_SLG 0.176, pitcher allowed est_wOBA 0.362",676356,Jonny DeLuca,CF,PASS,PASS,0.467,unavailable,unavailable,,Robbie Ray,0.306,-10.67,+275,0.266462,0.373134,TB,R,1.5,valid,+168,"lineup/starter change, price move through pass threshold, roof/weather change, or missing pitch-type/Statcast source conflict",,,0.269,0.41,0.31
85.0,0.25,0.091,,L,"4-Seam Fastball: batter est_wOBA 0.248, est_SLG 0.327, pitcher allowed est_wOBA 0.312; Slider: batter est_wOBA 0.194, est_SLG 0.160, pitcher allowed est_wOBA 0.362",unavailable,0.104478,,,,,,,,,,,BvP fetch not used in model; point-in-time safe history unavailable,,5.8,7.5,unavailable,SF@TB,0.25,unavailable,unavailable,2,,+2054,0.046434,,missing,,0.2,0.238806,"{""avg"": 0.3181818181818182, ""games"": 8, ""hr_rate"": 0.04, ""ops"": 0.990909090909091, ""pa"": 25, ""slg"": 0.5909090909090909, ""tb_rate"": 0.52}","{""avg"": 0.24, ""games"": 18, ""hr_rate"": 0.03508771929824561, ""ops"": 0.7933333333333333, ""pa"": 57, ""slg"": 0.46, ""tb_rate"": 0.40350877192982454}","{""avg"": 0.3333333333333333, ""games"": 4, ""hr_rate"": 0.07142857142857142, ""ops"": 1.1785714285714286, ""pa"": 14, ""slg"": 0.75, ""tb_rate"": 0.6428571428571429}",22.8,7,official_mlb_schedule,High,0.328,SF,L,4-Seam Fastball 48.4%; Slider 32.4%; Changeup 12.5%; Curveball 6.7%,0.778,67,"4-Seam Fastball: batter est_wOBA 0.248, est_SLG 0.327, pitcher allowed est_wOBA 0.312; Slider: batter est_wOBA 0.194, est_SLG 0.160, pitcher allowed est_wOBA 0.362",unfavorable,"4-Seam Fastball: batter est_wOBA 0.248, est_SLG 0.327, pitcher allowed est_wOBA 0.312; Slider: batter est_wOBA 0.194, est_SLG 0.160, pitcher allowed est_wOBA 0.362",641584,Jake Fraley,RF,WATCHLIST,PASS,0.45,unavailable,unavailable,,Robbie Ray,0.455,-3.46,+265,0.274045,0.308642,TB,L,1.5,valid,+224,"lineup/starter change, price move through pass threshold, roof/weather change, or missing pitch-type/Statcast source conflict",,,0.213,0.387,0.303
87.8,0.276,0.015,,R,"4-Seam Fastball: batter est_wOBA 0.312, est_SLG 0.354, pitcher allowed est_wOBA 0.312; Slider: batter est_wOBA 0.202, est_SLG 0.151, pitcher allowed est_wOBA 0.362",unavailable,0.024691,,,,,,,,,,,BvP fetch not used in model; point-in-time safe history unavailable,,7.5,7.5,unavailable,SF@TB,0.424,unavailable,unavailable,1,-7.78,+7522,0.013119,0.090909,valid,+1000,0.106,0.123457,"{""avg"": 0.19230769230769232, ""games"": 9, ""hr_rate"": 0.0, ""ops"": 0.43766578249336874, ""pa"": 29, ""slg"": 0.23076923076923078, ""tb_rate"": 0.20689655172413793}","{""avg"": 0.25, ""games"": 19, ""hr_rate"": 0.0, ""ops"": 0.5666666666666667, ""pa"": 64, ""slg"": 0.31666666666666665, ""tb_rate"": 0.296875}","{""avg"": 0.21428571428571427, ""games"": 5, ""hr_rate"": 0.0, ""ops"": 0.5, ""pa"": 14, ""slg"": 0.2857142857142857, ""tb_rate"": 0.2857142857142857}",5.4,8,official_mlb_schedule,High,0.321,SF,L,4-Seam Fastball 48.4%; Slider 32.4%; Changeup 12.5%; Curveball 6.7%,0.703,81,"4-Seam Fastball: batter est_wOBA 0.312, est_SLG 0.354, pitcher allowed est_wOBA 0.312; Slider: batter est_wOBA 0.202, est_SLG 0.151, pitcher allowed est_wOBA 0.362",neutral,"4-Seam Fastball: batter est_wOBA 0.312, est_SLG 0.354, pitcher allowed est_wOBA 0.312; Slider: batter est_wOBA 0.202, est_SLG 0.151, pitcher allowed est_wOBA 0.362",663743,Nick Fortes,C,PASS,PASS,0.382,unavailable,unavailable,,Robbie Ray,0.273,-17.54,+575,0.148256,0.323625,TB,R,1.5,valid,+209,"lineup/starter change, price move through pass threshold, roof/weather change, or missing pitch-type/Statcast source conflict",,,0.28,0.363,0.307
82.8,0.186,0.0,,S,"4-Seam Fastball: batter est_wOBA 0.336, est_SLG 0.316, pitcher allowed est_wOBA 0.312; Slider: batter est_wOBA 0.271, est_SLG 0.063, pitcher allowed est_wOBA 0.362",unavailable,0.111111,,,,,,,,,,,BvP fetch not used in model; point-in-time safe history unavailable,,7.5,7.5,unavailable,SF@TB,0.19,unavailable,unavailable,0,-6.45,+24900,0.004,0.068493,valid,+1360,0.034,0.291667,"{""avg"": 0.06666666666666667, ""games"": 10, ""hr_rate"": 0.0, ""ops"": 0.3162162162162162, ""pa"": 37, ""slg"": 0.1, ""tb_rate"": 0.08108108108108109}","{""avg"": 0.1864406779661017, ""games"": 19, ""hr_rate"": 0.0, ""ops"": 0.4842278719397364, ""pa"": 72, ""slg"": 0.22033898305084745, ""tb_rate"": 0.18055555555555555}","{""avg"": 0.09090909090909091, ""games"": 5, ""hr_rate"": 0.0, ""ops"": 0.5347593582887701, ""pa"": 17, ""slg"": 0.18181818181818182, ""tb_rate"": 0.11764705882352941}",16.6,9,official_mlb_schedule,High,0.294,SF,L,4-Seam Fastball 48.4%; Slider 32.4%; Changeup 12.5%; Curveball 6.7%,0.514,72,"4-Seam Fastball: batter est_wOBA 0.336, est_SLG 0.316, pitcher allowed est_wOBA 0.312; Slider: batter est_wOBA 0.271, est_SLG 0.063, pitcher allowed est_wOBA 0.362",neutral,"4-Seam Fastball: batter est_wOBA 0.336, est_SLG 0.316, pitcher allowed est_wOBA 0.312; Slider: batter est_wOBA 0.271, est_SLG 0.063, pitcher allowed est_wOBA 0.362",670764,Taylor Walls,SS,PASS,PASS,0.22,unavailable,unavailable,,Robbie Ray,0.286,-19.38,+1567,0.06,0.253807,TB,R,1.5,valid,+294,"lineup/starter change, price move through pass threshold, roof/weather change, or missing pitch-type/Statcast source conflict",,,0.174,0.218,0.242
93.2,0.225,0.211,,L,"4-Seam Fastball: batter est_wOBA 0.286, est_SLG 0.272, pitcher allowed est_wOBA 0.347; Slider: batter est_wOBA 0.419, est_SLG 0.662, pitcher allowed est_wOBA 0.542",unavailable,0.172662,,,,,,,,,,,BvP fetch not used in model; point-in-time safe history unavailable,,7.5,7.5,unavailable,PHI@MIA,0.507,unavailable,unavailable,11,-12.25,+577,0.147798,0.27027,valid,+270,0.37,0.28777,"{""avg"": 0.22916666666666666, ""games"": 13, ""hr_rate"": 0.08333333333333333, ""ops"": 1.0125, ""pa"": 60, ""slg"": 0.6458333333333334, ""tb_rate"": 0.5166666666666667}","{""avg"": 0.2391304347826087, ""games"": 26, ""hr_rate"": 0.07692307692307693, ""ops"": 0.9956335934596804, ""pa"": 117, ""slg"": 0.6195652173913043, ""tb_rate"": 0.48717948717948717}","{""avg"": 0.35, ""games"": 6, ""hr_rate"": 0.10714285714285714, ""ops"": 1.5357142857142856, ""pa"": 28, ""slg"": 1.0, ""tb_rate"": 0.7142857142857143}",22.0,1,official_mlb_schedule,High,0.381,MIA,R,4-Seam Fastball 53.8%; Slider 16.3%; Sweeper 14.8%; Changeup 9.1%,0.976,139,"4-Seam Fastball: batter est_wOBA 0.286, est_SLG 0.272, pitcher allowed est_wOBA 0.347; Slider: batter est_wOBA 0.419, est_SLG 0.662, pitcher allowed est_wOBA 0.542",neutral,"4-Seam Fastball: batter est_wOBA 0.286, est_SLG 0.272, pitcher allowed est_wOBA 0.347; Slider: batter est_wOBA 0.419, est_SLG 0.662, pitcher allowed est_wOBA 0.542",656941,Kyle Schwarber,DH,PASS,LEAN,0.595,unavailable,unavailable,,Eury Pérez,0.324,6.26,+103,0.493667,0.431034,PHI,R,1.5,valid,+132,"lineup/starter change, price move through pass threshold, roof/weather change, or missing pitch-type/Statcast source conflict",,,0.231,0.542,0.401
87.8,0.263,0.129,,L,"4-Seam Fastball: batter est_wOBA 0.473, est_SLG 0.763, pitcher allowed est_wOBA 0.347; Slider: batter est_wOBA 0.619, est_SLG 1.020, pitcher allowed est_wOBA 0.542",unavailable,0.128788,,,,,,,,,,,BvP fetch not used in model; point-in-time safe history unavailable,,7.5,7.5,unavailable,PHI@MIA,0.376,unavailable,unavailable,6,-11.85,+1109,0.082697,0.201207,valid,+397,0.228,0.166667,"{""avg"": 0.2708333333333333, ""games"": 13, ""hr_rate"": 0.03571428571428571, ""ops"": 0.8154761904761905, ""pa"": 56, ""slg"": 0.4583333333333333, ""tb_rate"": 0.39285714285714285}","{""avg"": 0.2978723404255319, ""games"": 26, ""hr_rate"": 0.05454545454545454, ""ops"": 0.9653771760154739, ""pa"": 110, ""slg"": 0.574468085106383, ""tb_rate"": 0.4909090909090909}","{""avg"": 0.2727272727272727, ""games"": 6, ""hr_rate"": 0.037037037037037035, ""ops"": 0.8249158249158248, ""pa"": 27, ""slg"": 0.45454545454545453, ""tb_rate"": 0.37037037037037035}",14.5,2,official_mlb_schedule,High,0.356,MIA,R,4-Seam Fastball 53.8%; Slider 16.3%; Sweeper 14.8%; Changeup 9.1%,0.847,132,"4-Seam Fastball: batter est_wOBA 0.473, est_SLG 0.763, pitcher allowed est_wOBA 0.347; Slider: batter est_wOBA 0.619, est_SLG 1.020, pitcher allowed est_wOBA 0.542",favorable,"4-Seam Fastball: batter est_wOBA 0.473, est_SLG 0.763, pitcher allowed est_wOBA 0.347; Slider: batter est_wOBA 0.619, est_SLG 1.020, pitcher allowed est_wOBA 0.542",547180,Bryce Harper,1B,PASS,PASS,0.491,unavailable,unavailable,,Eury Pérez,0.355,-9.36,+174,0.365096,0.458716,PHI,R,1.5,valid,+118,"lineup/starter change, price move through pass threshold, roof/weather change, or missing pitch-type/Statcast source conflict",,,0.266,0.54,0.389
93.0,0.243,0.088,,R,"4-Seam Fastball: batter est_wOBA 0.332, est_SLG 0.385, pitcher allowed est_wOBA 0.347; Slider: batter est_wOBA 0.283, est_SLG 0.390, pitcher allowed est_wOBA 0.542",unavailable,0.088,,,,,,,,,,,BvP fetch not used in model; point-in-time safe history unavailable,,7.5,7.5,unavailable,PHI@MIA,0.5,unavailable,unavailable,3,-11.68,+1651,0.05711,0.173913,valid,+475,0.144,0.256,"{""avg"": 0.2608695652173913, ""games"": 13, ""hr_rate"": 0.019230769230769232, ""ops"": 0.7374581939799332, ""pa"": 52, ""slg"": 0.391304347826087, ""tb_rate"": 0.34615384615384615}","{""avg"": 0.23655913978494625, ""games"": 26, ""hr_rate"": 0.018867924528301886, ""ops"": 0.6661594643944004, ""pa"": 106, ""slg"": 0.3548387096774194, ""tb_rate"": 0.3113207547169811}","{""avg"": 0.32, ""games"": 6, ""hr_rate"": 0.0, ""ops"": 0.8103703703703704, ""pa"": 27, ""slg"": 0.44, ""tb_rate"": 0.4074074074074074}",14.3,3,official_mlb_schedule,High,0.32,MIA,R,4-Seam Fastball 53.8%; Slider 16.3%; Sweeper 14.8%; Changeup 9.1%,0.707,125,"4-Seam Fastball: batter est_wOBA 0.332, est_SLG 0.385, pitcher allowed est_wOBA 0.347; Slider: batter est_wOBA 0.283, est_SLG 0.390, pitcher allowed est_wOBA 0.542",neutral,"4-Seam Fastball: batter est_wOBA 0.332, est_SLG 0.385, pitcher allowed est_wOBA 0.347; Slider: batter est_wOBA 0.283, est_SLG 0.390, pitcher allowed est_wOBA 0.542",666969,Adolis García,RF,PASS,PASS,0.387,unavailable,unavailable,,Eury Pérez,0.363,-12.21,+239,0.294573,0.416667,PHI,R,1.5,valid,+140,"lineup/starter change, price move through pass threshold, roof/weather change, or missing pitch-type/Statcast source conflict",,,0.252,0.396,0.325
91.4,0.303,0.051,,L,"4-Seam Fastball: batter est_wOBA 0.372, est_SLG 0.547, pitcher allowed est_wOBA 0.347; Slider: batter est_wOBA 0.098, est_SLG 0.141, pitcher allowed est_wOBA 0.542",unavailable,0.038095,,,,,,,,,,,BvP fetch not used in model; point-in-time safe history unavailable,,7.5,7.5,unavailable,PHI@MIA,0.5,unavailable,unavailable,4,-2.29,+1156,0.079646,0.102564,valid,+875,0.182,0.219048,"{""avg"": 0.32432432432432434, ""games"": 11, ""hr_rate"": 0.05128205128205128, ""ops"": 0.8738738738738738, ""pa"": 39, ""slg"": 0.5405405405405406, ""tb_rate"": 0.5128205128205128}","{""avg"": 0.2857142857142857, ""games"": 23, ""hr_rate"": 0.045454545454545456, ""ops"": 0.7716450216450217, ""pa"": 88, ""slg"": 0.47619047619047616, ""tb_rate"": 0.45454545454545453}","{""avg"": 0.3157894736842105, ""games"": 6, ""hr_rate"": 0.0, ""ops"": 0.7210526315789474, ""pa"": 20, ""slg"": 0.42105263157894735, ""tb_rate"": 0.4}",12.1,4,official_mlb_schedule,High,0.324,MIA,R,4-Seam Fastball 53.8%; Slider 16.3%; Sweeper 14.8%; Changeup 9.1%,0.809,105,"4-Seam Fastball: batter est_wOBA 0.372, est_SLG 0.547, pitcher allowed est_wOBA 0.347; Slider: batter est_wOBA 0.098, est_SLG 0.141, pitcher allowed est_wOBA 0.542",neutral,"4-Seam Fastball: batter est_wOBA 0.372, est_SLG 0.547, pitcher allowed est_wOBA 0.347; Slider: batter est_wOBA 0.098, est_SLG 0.141, pitcher allowed est_wOBA 0.542",669016,Brandon Marsh,LF,PASS,PASS,0.485,unavailable,unavailable,,Eury Pérez,0.423,-0.71,+173,0.366033,0.373134,PHI,R,1.5,valid,+168,"lineup/starter change, price move through pass threshold, roof/weather change, or missing pitch-type/Statcast source conflict",,,0.275,0.443,0.317
,0.262,,,R,"4-Seam Fastball: batter est_wOBA 0.462, est_SLG 0.617, pitcher allowed est_wOBA 0.347; Slider: batter est_wOBA 0.340, est_SLG 0.635, pitcher allowed est_wOBA 0.542",unavailable,0.045455,,,,,,,,,,,BvP fetch not used in model; point-in-time safe history unavailable,,7.5,7.5,unavailable,PHI@MIA,,unavailable,unavailable,1,-11.65,+3055,0.031697,0.148148,valid,+575,0.143,0.181818,"{""avg"": 0.23809523809523808, ""games"": 7, ""hr_rate"": 0.0, ""ops"": 0.5238095238095237, ""pa"": 21, ""slg"": 0.2857142857142857, ""tb_rate"": 0.2857142857142857}","{""avg"": 0.3055555555555556, ""games"": 13, ""hr_rate"": 0.02702702702702703, ""ops"": 0.7965465465465466, ""pa"": 37, ""slg"": 0.4722222222222222, ""tb_rate"": 0.4594594594594595}","{""avg"": 0.16666666666666666, ""games"": 2, ""hr_rate"": 0.0, ""ops"": 0.3333333333333333, ""pa"": 6, ""slg"": 0.16666666666666666, ""tb_rate"": 0.16666666666666666}",,5,official_mlb_schedule,High,0.295,MIA,R,4-Seam Fastball 53.8%; Slider 16.3%; Sweeper 14.8%; Changeup 9.1%,0.7,44,"4-Seam Fastball: batter est_wOBA 0.462, est_SLG 0.617, pitcher allowed est_wOBA 0.347; Slider: batter est_wOBA 0.340, est_SLG 0.635, pitcher allowed est_wOBA 0.542",favorable,"4-Seam Fastball: batter est_wOBA 0.462, est_SLG 0.617, pitcher allowed est_wOBA 0.347; Slider: batter est_wOBA 0.340, est_SLG 0.635, pitcher allowed est_wOBA 0.542",624641,Edmundo Sosa,SS,PASS,PASS,0.405,unavailable,unavailable,,Eury Pérez,,-21.31,+391,0.203596,0.416667,PHI,R,1.5,valid,+140,"lineup/starter change, price move through pass threshold, roof/weather change, or missing pitch-type/Statcast source conflict",,,,,
90.1,0.207,0.042,,L,"4-Seam Fastball: batter est_wOBA 0.301, est_SLG 0.324, pitcher allowed est_wOBA 0.347; Slider: batter est_wOBA 0.233, est_SLG 0.344, pitcher allowed est_wOBA 0.542",unavailable,0.052632,,,,,,,,,,,BvP fetch not used in model; point-in-time safe history unavailable,,7.5,7.5,unavailable,PHI@MIA,0.437,unavailable,unavailable,0,-8.46,+4146,0.023553,0.108108,valid,+825,0.069,0.189474,"{""avg"": 0.21212121212121213, ""games"": 10, ""hr_rate"": 0.0, ""ops"": 0.5858585858585859, ""pa"": 36, ""slg"": 0.36363636363636365, ""tb_rate"": 0.3333333333333333}","{""avg"": 0.2, ""games"": 21, ""hr_rate"": 0.0, ""ops"": 0.5117073170731707, ""pa"": 82, ""slg"": 0.28, ""tb_rate"": 0.25609756097560976}","{""avg"": 0.2, ""games"": 6, ""hr_rate"": 0.0, ""ops"": 0.6173913043478261, ""pa"": 23, ""slg"": 0.4, ""tb_rate"": 0.34782608695652173}",12.1,6,official_mlb_schedule,High,0.258,MIA,R,4-Seam Fastball 53.8%; Slider 16.3%; Sweeper 14.8%; Changeup 9.1%,0.534,95,"4-Seam Fastball: batter est_wOBA 0.301, est_SLG 0.324, pitcher allowed est_wOBA 0.347; Slider: batter est_wOBA 0.233, est_SLG 0.344, pitcher allowed est_wOBA 0.542",neutral,"4-Seam Fastball: batter est_wOBA 0.301, est_SLG 0.324, pitcher allowed est_wOBA 0.347; Slider: batter est_wOBA 0.233, est_SLG 0.344, pitcher allowed est_wOBA 0.542",681082,Bryson Stott,2B,PASS,PASS,0.276,unavailable,unavailable,,Eury Pérez,0.31,-15.27,+383,0.206991,0.359712,PHI,R,1.5,valid,+178,"lineup/starter change, price move through pass threshold, roof/weather change, or missing pitch-type/Statcast source conflict",,,0.25,0.358,0.291
88.7,0.151,0.011,,R,"4-Seam Fastball: batter est_wOBA 0.235, est_SLG 0.166, pitcher allowed est_wOBA 0.347; Slider: batter est_wOBA 0.434, est_SLG 0.513, pitcher allowed est_wOBA 0.542",unavailable,0.067227,,,,,,,,,,,BvP fetch not used in model; point-in-time safe history unavailable,,7.5,7.5,unavailable,PHI@MIA,0.382,unavailable,unavailable,1,-7.93,+24900,0.004,0.083333,valid,+1100,0.057,0.168067,"{""avg"": 0.1590909090909091, ""games"": 12, ""hr_rate"": 0.0, ""ops"": 0.40454545454545454, ""pa"": 50, ""slg"": 0.20454545454545456, ""tb_rate"": 0.18}","{""avg"": 0.15730337078651685, ""games"": 24, ""hr_rate"": 0.0, ""ops"": 0.38488878697546436, ""pa"": 98, ""slg"": 0.19101123595505617, ""tb_rate"": 0.17346938775510204}","{""avg"": 0.15, ""games"": 5, ""hr_rate"": 0.0, ""ops"": 0.38181818181818183, ""pa"": 22, ""slg"": 0.2, ""tb_rate"": 0.18181818181818182}",10.5,7,official_mlb_schedule,High,0.218,MIA,R,4-Seam Fastball 53.8%; Slider 16.3%; Sweeper 14.8%; Changeup 9.1%,0.426,119,"4-Seam Fastball: batter est_wOBA 0.235, est_SLG 0.166, pitcher allowed est_wOBA 0.347; Slider: batter est_wOBA 0.434, est_SLG 0.513, pitcher allowed est_wOBA 0.542",neutral,"4-Seam Fastball: batter est_wOBA 0.235, est_SLG 0.166, pitcher allowed est_wOBA 0.347; Slider: batter est_wOBA 0.434, est_SLG 0.513, pitcher allowed est_wOBA 0.542",664761,Alec Bohm,3B,PASS,PASS,0.208,unavailable,unavailable,,Eury Pérez,0.36,-31.15,+1419,0.06582,0.377358,PHI,R,1.5,valid,+165,"lineup/starter change, price move through pass threshold, roof/weather change, or missing pitch-type/Statcast source conflict",,,0.218,0.299,0.271
88.5,0.267,0.014,,L,"4-Seam Fastball: batter est_wOBA 0.285, est_SLG 0.328, pitcher allowed est_wOBA 0.347; Slider: batter est_wOBA 0.228, est_SLG 0.293, pitcher allowed est_wOBA 0.542",unavailable,0.070707,,,,,,,,,,,BvP fetch not used in model; point-in-time safe history unavailable,,7.5,7.5,unavailable,PHI@MIA,0.352,unavailable,unavailable,0,-8.0,+12838,0.007729,0.087719,valid,+1040,0.1,0.191919,"{""avg"": 0.24324324324324326, ""games"": 10, ""hr_rate"": 0.0, ""ops"": 0.6170072511535927, ""pa"": 41, ""slg"": 0.32432432432432434, ""tb_rate"": 0.2926829268292683}","{""avg"": 0.2564102564102564, ""games"": 23, ""hr_rate"": 0.0, ""ops"": 0.6741204531902206, ""pa"": 86, ""slg"": 0.3717948717948718, ""tb_rate"": 0.3372093023255814}","{""avg"": 0.2857142857142857, ""games"": 5, ""hr_rate"": 0.0, ""ops"": 0.6666666666666666, ""pa"": 21, ""slg"": 0.38095238095238093, ""tb_rate"": 0.38095238095238093}",0.6,8,official_mlb_schedule,High,0.333,MIA,R,4-Seam Fastball 53.8%; Slider 16.3%; Sweeper 14.8%; Changeup 9.1%,0.7,99,"4-Seam Fastball: batter est_wOBA 0.285, est_SLG 0.328, pitcher allowed est_wOBA 0.347; Slider: batter est_wOBA 0.228, est_SLG 0.293, pitcher allowed est_wOBA 0.542",neutral,"4-Seam Fastball: batter est_wOBA 0.285, est_SLG 0.328, pitcher allowed est_wOBA 0.347; Slider: batter est_wOBA 0.228, est_SLG 0.293, pitcher allowed est_wOBA 0.542",702222,Justin Crawford,CF,PASS,PASS,0.367,unavailable,unavailable,,Eury Pérez,0.31,-17.44,+521,0.161133,0.33557,PHI,R,1.5,valid,+198,"lineup/starter change, price move through pass threshold, roof/weather change, or missing pitch-type/Statcast source conflict",,,0.24,0.308,0.282
,0.085,,,S,"4-Seam Fastball: batter est_wOBA 0.204, est_SLG 0.223, pitcher allowed est_wOBA 0.347; Slider: batter est_wOBA 0.144, est_SLG 0.085, pitcher allowed est_wOBA 0.542",unavailable,0.02,,,,,,,,,,,BvP fetch not used in model; point-in-time safe history unavailable,,7.5,7.5,unavailable,PHI@MIA,,unavailable,unavailable,1,-6.62,+5734,0.01714,0.083333,valid,+1100,0.064,0.2,"{""avg"": 0.11538461538461539, ""games"": 9, ""hr_rate"": 0.0, ""ops"": 0.2582417582417582, ""pa"": 28, ""slg"": 0.11538461538461539, ""tb_rate"": 0.10714285714285714}","{""avg"": 0.06818181818181818, ""games"": 14, ""hr_rate"": 0.0, ""ops"": 0.1551383399209486, ""pa"": 46, ""slg"": 0.06818181818181818, ""tb_rate"": 0.06521739130434782}","{""avg"": 0.08333333333333333, ""games"": 4, ""hr_rate"": 0.0, ""ops"": 0.22619047619047616, ""pa"": 14, ""slg"": 0.08333333333333333, ""tb_rate"": 0.07142857142857142}",,9,official_mlb_schedule,High,0.14,MIA,R,4-Seam Fastball 53.8%; Slider 16.3%; Sweeper 14.8%; Changeup 9.1%,0.289,50,"4-Seam Fastball: batter est_wOBA 0.204, est_SLG 0.223, pitcher allowed est_wOBA 0.347; Slider: batter est_wOBA 0.144, est_SLG 0.085, pitcher allowed est_wOBA 0.542",unfavorable,"4-Seam Fastball: batter est_wOBA 0.204, est_SLG 0.223, pitcher allowed est_wOBA 0.347; Slider: batter est_wOBA 0.144, est_SLG 0.085, pitcher allowed est_wOBA 0.542",665561,Rafael Marchán,C,PASS,PASS,0.149,unavailable,unavailable,,Eury Pérez,,-19.34,+893,0.100755,0.294118,PHI,R,1.5,valid,+240,"lineup/starter change, price move through pass threshold, roof/weather change, or missing pitch-type/Statcast source conflict",,,,,
88.1,0.178,0.023,,L,"4-Seam Fastball: batter est_wOBA 0.267, est_SLG 0.277, pitcher allowed est_wOBA 0.239; Sinker: batter est_wOBA 0.294, est_SLG 0.304, pitcher allowed est_wOBA 0.183",unavailable,0.134752,,,,,,,,,,,BvP fetch not used in model; point-in-time safe history unavailable,,7.5,7.5,unavailable,PHI@MIA,0.384,unavailable,unavailable,1,-8.95,+24900,0.004,0.093458,valid,+970,0.085,0.241135,"{""avg"": 0.2, ""games"": 12, ""hr_rate"": 0.01818181818181818, ""ops"": 0.6202020202020202, ""pa"": 55, ""slg"": 0.3111111111111111, ""tb_rate"": 0.2545454545454545}","{""avg"": 0.18181818181818182, ""games"": 26, ""hr_rate"": 0.008333333333333333, ""ops"": 0.5525252525252525, ""pa"": 120, ""slg"": 0.25252525252525254, ""tb_rate"": 0.20833333333333334}","{""avg"": 0.17391304347826086, ""games"": 6, ""hr_rate"": 0.0, ""ops"": 0.5201288244766505, ""pa"": 27, ""slg"": 0.2608695652173913, ""tb_rate"": 0.2222222222222222}",18.0,1,official_mlb_schedule,High,0.3,PHI,R,4-Seam Fastball 41.7%; Sinker 16.7%; Curveball 14.3%; Sweeper 13.1%,0.563,141,"4-Seam Fastball: batter est_wOBA 0.267, est_SLG 0.277, pitcher allowed est_wOBA 0.239; Sinker: batter est_wOBA 0.294, est_SLG 0.304, pitcher allowed est_wOBA 0.183",unfavorable,"4-Seam Fastball: batter est_wOBA 0.267, est_SLG 0.277, pitcher allowed est_wOBA 0.239; Sinker: batter est_wOBA 0.294, est_SLG 0.304, pitcher allowed est_wOBA 0.183",805300,Jakob Marsee,CF,PASS,PASS,0.263,unavailable,unavailable,,Zack Wheeler,0.279,-29.28,+955,0.094754,0.387597,MIA,L,1.5,valid,+158,"lineup/starter change, price move through pass threshold, roof/weather change, or missing pitch-type/Statcast source conflict",,,0.19,0.272,0.276
,0.229,,,L,"4-Seam Fastball: batter est_wOBA 0.305, est_SLG 0.262, pitcher allowed est_wOBA 0.239; Sinker: batter est_wOBA 0.477, est_SLG 0.604, pitcher allowed est_wOBA 0.183",unavailable,0.121951,,,,,,,,,,,BvP fetch not used in model; point-in-time safe history unavailable,,7.5,7.5,unavailable,PHI@MIA,,unavailable,unavailable,0,-18.0,+6132,0.016047,0.196078,valid,+410,0.085,0.195122,"{""avg"": 0.22857142857142856, ""games"": 9, ""hr_rate"": 0.0, ""ops"": 0.6313588850174217, ""pa"": 41, ""slg"": 0.3142857142857143, ""tb_rate"": 0.2682926829268293}","{""avg"": 0.22857142857142856, ""games"": 9, ""hr_rate"": 0.0, ""ops"": 0.6313588850174217, ""pa"": 41, ""slg"": 0.3142857142857143, ""tb_rate"": 0.2682926829268293}","{""avg"": 0.2, ""games"": 6, ""hr_rate"": 0.0, ""ops"": 0.5657142857142857, ""pa"": 28, ""slg"": 0.28, ""tb_rate"": 0.25}",,2,official_mlb_schedule,Medium,0.341,PHI,R,4-Seam Fastball 41.7%; Sinker 16.7%; Curveball 14.3%; Sweeper 13.1%,0.655,41,"4-Seam Fastball: batter est_wOBA 0.305, est_SLG 0.262, pitcher allowed est_wOBA 0.239; Sinker: batter est_wOBA 0.477, est_SLG 0.604, pitcher allowed est_wOBA 0.183",neutral,"4-Seam Fastball: batter est_wOBA 0.305, est_SLG 0.262, pitcher allowed est_wOBA 0.239; Sinker: batter est_wOBA 0.477, est_SLG 0.604, pitcher allowed est_wOBA 0.183",669065,Kyle Stowers,LF,PASS,PASS,0.314,unavailable,unavailable,,Zack Wheeler,,-24.32,+454,0.180565,0.423729,MIA,L,1.5,valid,+136,"lineup/starter change, price move through pass threshold, roof/weather change, or missing pitch-type/Statcast source conflict",,,,,
92.3,0.322,0.097,,R,"4-Seam Fastball: batter est_wOBA 0.471, est_SLG 0.644, pitcher allowed est_wOBA 0.239; Sinker: batter est_wOBA 0.398, est_SLG 0.536, pitcher allowed est_wOBA 0.183",unavailable,0.047244,,,,,,,,,,,BvP fetch not used in model; point-in-time safe history unavailable,,7.5,7.5,unavailable,PHI@MIA,0.495,unavailable,unavailable,3,-5.1,+1529,0.061385,0.11236,valid,+790,0.17,0.204724,"{""avg"": 0.3137254901960784, ""games"": 12, ""hr_rate"": 0.019230769230769232, ""ops"": 0.7975113122171946, ""pa"": 52, ""slg"": 0.47058823529411764, ""tb_rate"": 0.46153846153846156}","{""avg"": 0.33, ""games"": 25, ""hr_rate"": 0.028037383177570093, ""ops"": 0.8751401869158879, ""pa"": 107, ""slg"": 0.52, ""tb_rate"": 0.48598130841121495}","{""avg"": 0.34615384615384615, ""games"": 6, ""hr_rate"": 0.0, ""ops"": 0.7692307692307692, ""pa"": 26, ""slg"": 0.4230769230769231, ""tb_rate"": 0.4230769230769231}",6.1,3,official_mlb_schedule,High,0.362,PHI,R,4-Seam Fastball 41.7%; Sinker 16.7%; Curveball 14.3%; Sweeper 13.1%,0.854,127,"4-Seam Fastball: batter est_wOBA 0.471, est_SLG 0.644, pitcher allowed est_wOBA 0.239; Sinker: batter est_wOBA 0.398, est_SLG 0.536, pitcher allowed est_wOBA 0.183",neutral,"4-Seam Fastball: batter est_wOBA 0.471, est_SLG 0.644, pitcher allowed est_wOBA 0.239; Sinker: batter est_wOBA 0.398, est_SLG 0.536, pitcher allowed est_wOBA 0.183",672640,Otto Lopez,SS,PASS,PASS,0.492,unavailable,unavailable,,Zack Wheeler,0.28,-9.08,+194,0.340187,0.431034,MIA,R,1.5,valid,+132,"lineup/starter change, price move through pass threshold, roof/weather change, or missing pitch-type/Statcast source conflict",,,0.287,0.456,0.341
89.3,0.336,0.051,,S,"4-Seam Fastball: batter est_wOBA 0.438, est_SLG 0.554, pitcher allowed est_wOBA 0.239; Sinker: batter est_wOBA 0.360, est_SLG 0.363, pitcher allowed est_wOBA 0.183",unavailable,0.142857,,,,,,,,,,,BvP fetch not used in model; point-in-time safe history unavailable,,7.5,7.5,unavailable,PHI@MIA,0.414,unavailable,unavailable,1,-5.73,+3184,0.030452,0.087719,valid,+1040,0.115,0.112782,"{""avg"": 0.3333333333333333, ""games"": 12, ""hr_rate"": 0.0, ""ops"": 0.8764600179694519, ""pa"": 53, ""slg"": 0.40476190476190477, ""tb_rate"": 0.32075471698113206}","{""avg"": 0.3191489361702128, ""games"": 26, ""hr_rate"": 0.008928571428571428, ""ops"": 0.8753799392097263, ""pa"": 112, ""slg"": 0.44680851063829785, ""tb_rate"": 0.375}","{""avg"": 0.3684210526315789, ""games"": 6, ""hr_rate"": 0.0, ""ops"": 0.9410526315789474, ""pa"": 25, ""slg"": 0.42105263157894735, ""tb_rate"": 0.32}",10.5,4,official_mlb_schedule,High,0.432,PHI,R,4-Seam Fastball 41.7%; Sinker 16.7%; Curveball 14.3%; Sweeper 13.1%,0.883,133,"4-Seam Fastball: batter est_wOBA 0.438, est_SLG 0.554, pitcher allowed est_wOBA 0.239; Sinker: batter est_wOBA 0.360, est_SLG 0.363, pitcher allowed est_wOBA 0.183",neutral,"4-Seam Fastball: batter est_wOBA 0.438, est_SLG 0.554, pitcher allowed est_wOBA 0.239; Sinker: batter est_wOBA 0.360, est_SLG 0.363, pitcher allowed est_wOBA 0.183",669364,Xavier Edwards,2B,PASS,PASS,0.451,unavailable,unavailable,,Zack Wheeler,0.374,-12.67,+257,0.279838,0.406504,MIA,R,1.5,valid,+146,"lineup/starter change, price move through pass threshold, roof/weather change, or missing pitch-type/Statcast source conflict",,,0.294,0.426,0.367
88.3,0.315,0.08,,L,"4-Seam Fastball: batter est_wOBA 0.392, est_SLG 0.534, pitcher allowed est_wOBA 0.239; Sinker: batter est_wOBA 0.283, est_SLG 0.327, pitcher allowed est_wOBA 0.183",unavailable,0.067308,,,,,,,,,,,BvP fetch not used in model; point-in-time safe history unavailable,,7.5,7.5,unavailable,PHI@MIA,0.402,unavailable,unavailable,7,-2.76,+1028,0.088672,0.116279,valid,+760,0.261,0.076923,"{""avg"": 0.32432432432432434, ""games"": 11, ""hr_rate"": 0.07142857142857142, ""ops"": 1.0025740025740024, ""pa"": 42, ""slg"": 0.6216216216216216, ""tb_rate"": 0.5476190476190477}","{""avg"": 0.30864197530864196, ""games"": 25, ""hr_rate"": 0.05555555555555555, ""ops"": 0.8629629629629629, ""pa"": 90, ""slg"": 0.5185185185185185, ""tb_rate"": 0.4666666666666667}","{""avg"": 0.2857142857142857, ""games"": 5, ""hr_rate"": 0.17647058823529413, ""ops"": 1.281512605042017, ""pa"": 17, ""slg"": 0.9285714285714286, ""tb_rate"": 0.7647058823529411}",12.0,5,official_mlb_schedule,High,0.365,PHI,R,4-Seam Fastball 41.7%; Sinker 16.7%; Curveball 14.3%; Sweeper 13.1%,0.941,104,"4-Seam Fastball: batter est_wOBA 0.392, est_SLG 0.534, pitcher allowed est_wOBA 0.239; Sinker: batter est_wOBA 0.283, est_SLG 0.327, pitcher allowed est_wOBA 0.183",neutral,"4-Seam Fastball: batter est_wOBA 0.392, est_SLG 0.534, pitcher allowed est_wOBA 0.239; Sinker: batter est_wOBA 0.283, est_SLG 0.327, pitcher allowed est_wOBA 0.183",689414,Liam Hicks,C,PASS,PASS,0.576,unavailable,unavailable,,Zack Wheeler,0.356,-0.41,+158,0.388098,0.392157,MIA,R,1.5,valid,+155,"lineup/starter change, price move through pass threshold, roof/weather change, or missing pitch-type/Statcast source conflict",,,0.321,0.479,0.372
88.6,0.231,0.05,,R,"4-Seam Fastball: batter est_wOBA 0.259, est_SLG 0.241, pitcher allowed est_wOBA 0.239; Sinker: batter est_wOBA 0.252, est_SLG 0.292, pitcher allowed est_wOBA 0.183",unavailable,0.08547,,,,,,,,,,,BvP fetch not used in model; point-in-time safe history unavailable,,7.5,7.5,unavailable,PHI@MIA,0.388,unavailable,unavailable,2,-11.47,+7292,0.013529,0.128205,valid,+680,0.125,0.213675,"{""avg"": 0.2, ""games"": 10, ""hr_rate"": 0.023255813953488372, ""ops"": 0.5575581395348838, ""pa"": 43, ""slg"": 0.325, ""tb_rate"": 0.3023255813953488}","{""avg"": 0.23863636363636365, ""games"": 23, ""hr_rate"": 0.020618556701030927, ""ops"": 0.6533505154639175, ""pa"": 97, ""slg"": 0.375, ""tb_rate"": 0.3402061855670103}","{""avg"": 0.25, ""games"": 4, ""hr_rate"": 0.0, ""ops"": 0.5902777777777778, ""pa"": 18, ""slg"": 0.3125, ""tb_rate"": 0.2777777777777778}",7.1,6,official_mlb_schedule,High,0.308,PHI,R,4-Seam Fastball 41.7%; Sinker 16.7%; Curveball 14.3%; Sweeper 13.1%,0.664,117,"4-Seam Fastball: batter est_wOBA 0.259, est_SLG 0.241, pitcher allowed est_wOBA 0.239; Sinker: batter est_wOBA 0.252, est_SLG 0.292, pitcher allowed est_wOBA 0.183",unfavorable,"4-Seam Fastball: batter est_wOBA 0.259, est_SLG 0.241, pitcher allowed est_wOBA 0.239; Sinker: batter est_wOBA 0.252, est_SLG 0.292, pitcher allowed est_wOBA 0.183",682663,Agustín Ramírez,DH,PASS,PASS,0.356,unavailable,unavailable,,Zack Wheeler,0.275,-20.56,+560,0.151587,0.357143,MIA,R,1.5,valid,+180,"lineup/starter change, price move through pass threshold, roof/weather change, or missing pitch-type/Statcast source conflict",,,0.232,0.326,0.284
91.2,0.207,0.122,,L,"4-Seam Fastball: batter est_wOBA 0.292, est_SLG 0.426, pitcher allowed est_wOBA 0.239; Sinker: batter est_wOBA 0.293, est_SLG 0.302, pitcher allowed est_wOBA 0.183",unavailable,0.052083,,,,,,,,,,,BvP fetch not used in model; point-in-time safe history unavailable,,7.5,7.5,unavailable,PHI@MIA,0.469,unavailable,unavailable,2,-6.89,+3010,0.03215,0.10101,valid,+890,0.138,0.427083,"{""avg"": 0.16666666666666666, ""games"": 12, ""hr_rate"": 0.0, ""ops"": 0.4017094017094017, ""pa"": 39, ""slg"": 0.2222222222222222, ""tb_rate"": 0.20512820512820512}","{""avg"": 0.16666666666666666, ""games"": 24, ""hr_rate"": 0.01282051282051282, ""ops"": 0.45619658119658124, ""pa"": 78, ""slg"": 0.2638888888888889, ""tb_rate"": 0.24358974358974358}","{""avg"": 0.125, ""games"": 6, ""hr_rate"": 0.0, ""ops"": 0.35416666666666663, ""pa"": 18, ""slg"": 0.1875, ""tb_rate"": 0.16666666666666666}",14.4,7,official_mlb_schedule,High,0.25,PHI,R,4-Seam Fastball 41.7%; Sinker 16.7%; Curveball 14.3%; Sweeper 13.1%,0.595,96,"4-Seam Fastball: batter est_wOBA 0.292, est_SLG 0.426, pitcher allowed est_wOBA 0.239; Sinker: batter est_wOBA 0.293, est_SLG 0.302, pitcher allowed est_wOBA 0.183",unfavorable,"4-Seam Fastball: batter est_wOBA 0.292, est_SLG 0.426, pitcher allowed est_wOBA 0.239; Sinker: batter est_wOBA 0.293, est_SLG 0.302, pitcher allowed est_wOBA 0.183",683357,Owen Caissie,RF,PASS,PASS,0.345,unavailable,unavailable,,Zack Wheeler,0.449,-14.15,+526,0.159751,0.301205,MIA,R,1.5,valid,+232,"lineup/starter change, price move through pass threshold, roof/weather change, or missing pitch-type/Statcast source conflict",,,0.211,0.371,0.281
,0.0,,,R,"4-Seam Fastball: batter est_wOBA 0.409, est_SLG 0.464, pitcher allowed est_wOBA 0.239; Sinker: batter est_wOBA 0.126, est_SLG 0.181, pitcher allowed est_wOBA 0.183",unavailable,0.25,,,,,,,,,,,BvP fetch not used in model; point-in-time safe history unavailable,,5.8,7.5,unavailable,PHI@MIA,,unavailable,unavailable,0,,+24900,0.004,,missing,,0.0,0.25,"{""avg"": 0.0, ""games"": 1, ""hr_rate"": 0.0, ""ops"": 0.25, ""pa"": 4, ""slg"": 0.0, ""tb_rate"": 0.0}","{""avg"": 0.0, ""games"": 1, ""hr_rate"": 0.0, ""ops"": 0.25, ""pa"": 4, ""slg"": 0.0, ""tb_rate"": 0.0}","{""avg"": 0.0, ""games"": 1, ""hr_rate"": 0.0, ""ops"": 0.25, ""pa"": 4, ""slg"": 0.0, ""tb_rate"": 0.0}",,8,official_mlb_schedule,Medium,0.25,PHI,R,4-Seam Fastball 41.7%; Sinker 16.7%; Curveball 14.3%; Sweeper 13.1%,0.25,4,"4-Seam Fastball: batter est_wOBA 0.409, est_SLG 0.464, pitcher allowed est_wOBA 0.239; Sinker: batter est_wOBA 0.126, est_SLG 0.181, pitcher allowed est_wOBA 0.183",neutral,"4-Seam Fastball: batter est_wOBA 0.409, est_SLG 0.464, pitcher allowed est_wOBA 0.239; Sinker: batter est_wOBA 0.126, est_SLG 0.181, pitcher allowed est_wOBA 0.183",666624,Christopher Morel,1B,WATCHLIST,PASS,0.0,unavailable,unavailable,,Zack Wheeler,,-29.09,+1567,0.06,0.350877,MIA,R,1.5,valid,+185,"lineup/starter change, price move through pass threshold, roof/weather change, or missing pitch-type/Statcast source conflict",,,,,
87.1,0.323,0.018,,R,"4-Seam Fastball: batter est_wOBA 0.317, est_SLG 0.240, pitcher allowed est_wOBA 0.239; Sinker: batter est_wOBA 0.329, est_SLG 0.381, pitcher allowed est_wOBA 0.183",unavailable,0.088235,,,,,,,,,,,BvP fetch not used in model; point-in-time safe history unavailable,,5.8,7.5,unavailable,PHI@MIA,0.327,unavailable,unavailable,0,,+24900,0.004,,missing,,0.048,0.102941,"{""avg"": 0.25, ""games"": 10, ""hr_rate"": 0.0, ""ops"": 0.65, ""pa"": 25, ""slg"": 0.25, ""tb_rate"": 0.2}","{""avg"": 0.2777777777777778, ""games"": 20, ""hr_rate"": 0.0, ""ops"": 0.6648148148148147, ""pa"": 60, ""slg"": 0.3148148148148148, ""tb_rate"": 0.2833333333333333}","{""avg"": 0.125, ""games"": 5, ""hr_rate"": 0.0, ""ops"": 0.425, ""pa"": 10, ""slg"": 0.125, ""tb_rate"": 0.1}",11.3,9,official_mlb_schedule,High,0.382,PHI,R,4-Seam Fastball 41.7%; Sinker 16.7%; Curveball 14.3%; Sweeper 13.1%,0.753,68,"4-Seam Fastball: batter est_wOBA 0.317, est_SLG 0.240, pitcher allowed est_wOBA 0.239; Sinker: batter est_wOBA 0.329, est_SLG 0.381, pitcher allowed est_wOBA 0.183",neutral,"4-Seam Fastball: batter est_wOBA 0.317, est_SLG 0.240, pitcher allowed est_wOBA 0.239; Sinker: batter est_wOBA 0.329, est_SLG 0.381, pitcher allowed est_wOBA 0.183",691594,Javier Sanoja,3B,WATCHLIST,PASS,0.371,unavailable,unavailable,,Zack Wheeler,0.273,-25.07,+1078,0.08486,0.33557,MIA,R,1.5,valid,+198,"lineup/starter change, price move through pass threshold, roof/weather change, or missing pitch-type/Statcast source conflict",,,0.237,0.284,0.269
88.3,0.217,0.089,,R,"4-Seam Fastball: batter est_wOBA 0.334, est_SLG 0.375, pitcher allowed est_wOBA 0.305; Split-Finger: batter est_wOBA 0.255, est_SLG 0.313, pitcher allowed est_wOBA 0.368",unavailable,0.117647,,,,,,,,,,,BvP fetch not used in model; point-in-time safe history unavailable,,7.5,7.5,unavailable,TOR@MIN,0.422,unavailable,unavailable,2,-12.37,+1692,0.055799,0.179533,valid,+457,0.166,0.220588,"{""avg"": 0.5, ""games"": 2, ""hr_rate"": 0.0, ""ops"": 1.0, ""pa"": 6, ""slg"": 0.5, ""tb_rate"": 0.5}","{""avg"": 0.23684210526315788, ""games"": 11, ""hr_rate"": 0.0, ""ops"": 0.6566985645933014, ""pa"": 44, ""slg"": 0.3157894736842105, ""tb_rate"": 0.2727272727272727}","{""avg"": 0.5, ""games"": 2, ""hr_rate"": 0.0, ""ops"": 1.0, ""pa"": 6, ""slg"": 0.5, ""tb_rate"": 0.5}",21.7,1,official_mlb_schedule,High,0.309,MIN,R,4-Seam Fastball 42.3%; Split-Finger 28.4%; Slider 25.4%; Curveball 4.0%,0.692,68,"4-Seam Fastball: batter est_wOBA 0.334, est_SLG 0.375, pitcher allowed est_wOBA 0.305; Split-Finger: batter est_wOBA 0.255, est_SLG 0.313, pitcher allowed est_wOBA 0.368",neutral,"4-Seam Fastball: batter est_wOBA 0.334, est_SLG 0.375, pitcher allowed est_wOBA 0.305; Split-Finger: batter est_wOBA 0.255, est_SLG 0.313, pitcher allowed est_wOBA 0.368",543807,George Springer,DH,PASS,PASS,0.383,unavailable,unavailable,,Simeon Woods Richardson,0.267,-18.62,+229,0.303991,0.490196,TOR,R,1.5,valid,+104,"lineup/starter change, price move through pass threshold, roof/weather change, or missing pitch-type/Statcast source conflict",,,0.213,0.372,0.303
93.1,0.253,0.092,,L,"4-Seam Fastball: batter est_wOBA 0.367, est_SLG 0.530, pitcher allowed est_wOBA 0.305; Split-Finger: batter est_wOBA 0.364, est_SLG 0.420, pitcher allowed est_wOBA 0.368",unavailable,0.049505,,,,,,,,,,,BvP fetch not used in model; point-in-time safe history unavailable,,7.5,7.5,unavailable,TOR@MIN,0.5,unavailable,unavailable,4,-6.4,+950,0.09527,0.159236,valid,+528,0.176,0.178218,"{""avg"": 0.23684210526315788, ""games"": 13, ""hr_rate"": 0.04878048780487805, ""ops"": 0.6893453145057766, ""pa"": 41, ""slg"": 0.42105263157894735, ""tb_rate"": 0.3902439024390244}","{""avg"": 0.21794871794871795, ""games"": 26, ""hr_rate"": 0.03529411764705882, ""ops"": 0.6199095022624435, ""pa"": 85, ""slg"": 0.38461538461538464, ""tb_rate"": 0.35294117647058826}","{""avg"": 0.2, ""games"": 7, ""hr_rate"": 0.09523809523809523, ""ops"": 0.7404761904761905, ""pa"": 21, ""slg"": 0.55, ""tb_rate"": 0.5238095238095238}",12.6,2,official_mlb_schedule,High,0.297,MIN,R,4-Seam Fastball 42.3%; Split-Finger 28.4%; Slider 25.4%; Curveball 4.0%,0.726,101,"4-Seam Fastball: batter est_wOBA 0.367, est_SLG 0.530, pitcher allowed est_wOBA 0.305; Split-Finger: batter est_wOBA 0.364, est_SLG 0.420, pitcher allowed est_wOBA 0.368",neutral,"4-Seam Fastball: batter est_wOBA 0.367, est_SLG 0.530, pitcher allowed est_wOBA 0.305; Split-Finger: batter est_wOBA 0.364, est_SLG 0.420, pitcher allowed est_wOBA 0.368",660821,Jesús Sánchez,RF,PASS,PASS,0.429,unavailable,unavailable,,Simeon Woods Richardson,0.329,-6.48,+168,0.373803,0.438596,TOR,R,1.5,valid,+128,"lineup/starter change, price move through pass threshold, roof/weather change, or missing pitch-type/Statcast source conflict",,,0.3,0.5,0.356
91.2,0.354,0.122,,R,"4-Seam Fastball: batter est_wOBA 0.497, est_SLG 0.640, pitcher allowed est_wOBA 0.305; Split-Finger: batter est_wOBA 0.226, est_SLG 0.265, pitcher allowed est_wOBA 0.368",unavailable,0.115385,,,,,,,,,,,BvP fetch not used in model; point-in-time safe history unavailable,,7.5,7.5,unavailable,TOR@MIN,0.459,unavailable,unavailable,2,-9.64,+1093,0.083811,0.18018,valid,+455,0.115,0.115385,"{""avg"": 0.3958333333333333, ""games"": 13, ""hr_rate"": 0.019230769230769232, ""ops"": 0.9439102564102564, ""pa"": 52, ""slg"": 0.5208333333333334, ""tb_rate"": 0.4807692307692308}","{""avg"": 0.35051546391752575, ""games"": 26, ""hr_rate"": 0.018518518518518517, ""ops"": 0.882684230622375, ""pa"": 108, ""slg"": 0.4845360824742268, ""tb_rate"": 0.4351851851851852}","{""avg"": 0.4166666666666667, ""games"": 7, ""hr_rate"": 0.0, ""ops"": 0.9444444444444444, ""pa"": 27, ""slg"": 0.5, ""tb_rate"": 0.4444444444444444}",7.0,3,official_mlb_schedule,High,0.438,MIN,R,4-Seam Fastball 42.3%; Split-Finger 28.4%; Slider 25.4%; Curveball 4.0%,0.907,130,"4-Seam Fastball: batter est_wOBA 0.497, est_SLG 0.640, pitcher allowed est_wOBA 0.305; Split-Finger: batter est_wOBA 0.226, est_SLG 0.265, pitcher allowed est_wOBA 0.368",favorable,"4-Seam Fastball: batter est_wOBA 0.497, est_SLG 0.640, pitcher allowed est_wOBA 0.305; Split-Finger: batter est_wOBA 0.226, est_SLG 0.265, pitcher allowed est_wOBA 0.368",665489,Vladimir Guerrero Jr.,1B,PASS,PASS,0.469,unavailable,unavailable,,Simeon Woods Richardson,0.337,-8.99,+144,0.410093,0.5,TOR,R,1.5,valid,+100,"lineup/starter change, price move through pass threshold, roof/weather change, or missing pitch-type/Statcast source conflict",,,0.332,0.498,0.396
92.3,0.218,0.125,,R,"4-Seam Fastball: batter est_wOBA 0.409, est_SLG 0.643, pitcher allowed est_wOBA 0.305; Split-Finger: batter split unavailable",unavailable,0.105691,,,,,,,,,,,BvP fetch not used in model; point-in-time safe history unavailable,,7.5,7.5,unavailable,TOR@MIN,0.514,unavailable,unavailable,5,-6.65,+1002,0.090771,0.157233,valid,+536,0.155,0.308943,"{""avg"": 0.24444444444444444, ""games"": 13, ""hr_rate"": 0.058823529411764705, ""ops"": 0.8, ""pa"": 51, ""slg"": 0.4666666666666667, ""tb_rate"": 0.4117647058823529}","{""avg"": 0.2, ""games"": 25, ""hr_rate"": 0.03, ""ops"": 0.6022222222222222, ""pa"": 100, ""slg"": 0.32222222222222224, ""tb_rate"": 0.29}","{""avg"": 0.2608695652173913, ""games"": 7, ""hr_rate"": 0.07692307692307693, ""ops"": 0.8678929765886287, ""pa"": 26, ""slg"": 0.5217391304347826, ""tb_rate"": 0.46153846153846156}",18.0,4,official_mlb_schedule,High,0.301,MIN,R,4-Seam Fastball 42.3%; Split-Finger 28.4%; Slider 25.4%; Curveball 4.0%,0.674,123,"4-Seam Fastball: batter est_wOBA 0.409, est_SLG 0.643, pitcher allowed est_wOBA 0.305; Split-Finger: batter split unavailable",favorable,"4-Seam Fastball: batter est_wOBA 0.409, est_SLG 0.643, pitcher allowed est_wOBA 0.305; Split-Finger: batter split unavailable",672960,Kazuma Okamoto,3B,PASS,PASS,0.373,unavailable,unavailable,,Simeon Woods Richardson,0.333,-7.25,+195,0.339022,0.411523,TOR,R,1.5,valid,+143,"lineup/starter change, price move through pass threshold, roof/weather change, or missing pitch-type/Statcast source conflict",,,0.226,0.42,0.32
84.7,0.235,0.064,,L,"4-Seam Fastball: batter est_wOBA 0.327, est_SLG 0.426, pitcher allowed est_wOBA 0.305; Split-Finger: batter est_wOBA 0.547, est_SLG 0.647, pitcher allowed est_wOBA 0.368",unavailable,0.082569,,,,,,,,,,,BvP fetch not used in model; point-in-time safe history unavailable,,7.5,7.5,unavailable,TOR@MIN,0.333,unavailable,unavailable,4,-13.79,+2357,0.040708,0.178571,valid,+460,0.173,0.183486,"{""avg"": 0.17647058823529413, ""games"": 11, ""hr_rate"": 0.02631578947368421, ""ops"": 0.5046439628482973, ""pa"": 38, ""slg"": 0.29411764705882354, ""tb_rate"": 0.2631578947368421}","{""avg"": 0.25, ""games"": 24, ""hr_rate"": 0.0449438202247191, ""ops"": 0.7658707865168539, ""pa"": 89, ""slg"": 0.4625, ""tb_rate"": 0.4157303370786517}","{""avg"": 0.13636363636363635, ""games"": 7, ""hr_rate"": 0.04, ""ops"": 0.5181818181818182, ""pa"": 25, ""slg"": 0.3181818181818182, ""tb_rate"": 0.28}",16.2,5,official_mlb_schedule,High,0.312,MIN,R,4-Seam Fastball 42.3%; Split-Finger 28.4%; Slider 25.4%; Curveball 4.0%,0.72,109,"4-Seam Fastball: batter est_wOBA 0.327, est_SLG 0.426, pitcher allowed est_wOBA 0.305; Split-Finger: batter est_wOBA 0.547, est_SLG 0.647, pitcher allowed est_wOBA 0.368",favorable,"4-Seam Fastball: batter est_wOBA 0.327, est_SLG 0.426, pitcher allowed est_wOBA 0.305; Split-Finger: batter est_wOBA 0.547, est_SLG 0.647, pitcher allowed est_wOBA 0.368",662139,Daulton Varsho,CF,PASS,PASS,0.408,unavailable,unavailable,,Simeon Woods Richardson,0.346,-25.09,+438,0.185742,0.436681,TOR,R,1.5,valid,+129,"lineup/starter change, price move through pass threshold, roof/weather change, or missing pitch-type/Statcast source conflict",,,0.256,0.382,0.315
,0.213,,,R,"4-Seam Fastball: batter est_wOBA 0.285, est_SLG 0.418, pitcher allowed est_wOBA 0.305; Split-Finger: batter est_wOBA 0.215, est_SLG 0.334, pitcher allowed est_wOBA 0.368",unavailable,0.0,,,,,,,,,,,BvP fetch not used in model; point-in-time safe history unavailable,,5.8,5.8,unavailable,TOR@MIN,,unavailable,unavailable,0,,+4037,0.024175,,missing,,0.082,0.206349,"{""avg"": 0.15, ""games"": 7, ""hr_rate"": 0.0, ""ops"": 0.33636363636363636, ""pa"": 22, ""slg"": 0.2, ""tb_rate"": 0.18181818181818182}","{""avg"": 0.2549019607843137, ""games"": 19, ""hr_rate"": 0.0, ""ops"": 0.5982241953385128, ""pa"": 53, ""slg"": 0.35294117647058826, ""tb_rate"": 0.33962264150943394}","{""avg"": 0.1, ""games"": 3, ""hr_rate"": 0.0, ""ops"": 0.2, ""pa"": 10, ""slg"": 0.1, ""tb_rate"": 0.1}",,6,official_mlb_schedule,High,0.21,MIN,R,4-Seam Fastball 42.3%; Split-Finger 28.4%; Slider 25.4%; Curveball 4.0%,0.505,63,"4-Seam Fastball: batter est_wOBA 0.285, est_SLG 0.418, pitcher allowed est_wOBA 0.305; Split-Finger: batter est_wOBA 0.215, est_SLG 0.334, pitcher allowed est_wOBA 0.368",neutral,"4-Seam Fastball: batter est_wOBA 0.285, est_SLG 0.418, pitcher allowed est_wOBA 0.305; Split-Finger: batter est_wOBA 0.215, est_SLG 0.334, pitcher allowed est_wOBA 0.368",672820,Lenyn Sosa,2B,WATCHLIST,WATCHLIST,0.295,unavailable,unavailable,,Simeon Woods Richardson,,,+558,0.151925,,TOR,R,,missing,,"lineup/starter change, price move through pass threshold, roof/weather change, or missing pitch-type/Statcast source conflict",,,,,
,0.333,,,L,"4-Seam Fastball: batter est_wOBA 0.547, est_SLG 0.706, pitcher allowed est_wOBA 0.305; Split-Finger: batter split unavailable",unavailable,0.142857,,,,,,,,,,,BvP fetch not used in model; point-in-time safe history unavailable,,7.5,7.5,unavailable,TOR@MIN,,unavailable,unavailable,0,-6.99,+2602,0.037005,0.106952,valid,+835,0.0,0.0,"{""avg"": 0.3333333333333333, ""games"": 4, ""hr_rate"": 0.0, ""ops"": 0.7619047619047619, ""pa"": 7, ""slg"": 0.3333333333333333, ""tb_rate"": 0.2857142857142857}","{""avg"": 0.3333333333333333, ""games"": 4, ""hr_rate"": 0.0, ""ops"": 0.7619047619047619, ""pa"": 7, ""slg"": 0.3333333333333333, ""tb_rate"": 0.2857142857142857}","{""avg"": 0.3333333333333333, ""games"": 4, ""hr_rate"": 0.0, ""ops"": 0.7619047619047619, ""pa"": 7, ""slg"": 0.3333333333333333, ""tb_rate"": 0.2857142857142857}",,7,official_mlb_schedule,High,0.429,MIN,R,4-Seam Fastball 42.3%; Split-Finger 28.4%; Slider 25.4%; Curveball 4.0%,0.762,7,"4-Seam Fastball: batter est_wOBA 0.547, est_SLG 0.706, pitcher allowed est_wOBA 0.305; Split-Finger: batter split unavailable",favorable,"4-Seam Fastball: batter est_wOBA 0.547, est_SLG 0.706, pitcher allowed est_wOBA 0.305; Split-Finger: batter split unavailable",682818,Yohendrick Pinango,LF,PASS,PASS,0.333,unavailable,unavailable,,Simeon Woods Richardson,,-9.59,+319,0.238512,0.334448,TOR,L,1.5,valid,+199,"lineup/starter change, price move through pass threshold, roof/weather change, or missing pitch-type/Statcast source conflict",,,,,
86.5,0.267,0.033,,L,"4-Seam Fastball: batter est_wOBA 0.279, est_SLG 0.374, pitcher allowed est_wOBA 0.305; Split-Finger: batter est_wOBA 0.213, est_SLG 0.310, pitcher allowed est_wOBA 0.368",unavailable,0.036036,,,,,,,,,,,BvP fetch not used in model; point-in-time safe history unavailable,,7.5,7.5,unavailable,TOR@MIN,0.278,unavailable,unavailable,3,-6.58,+3888,0.025074,0.090909,valid,+1000,0.162,0.153153,"{""avg"": 0.225, ""games"": 11, ""hr_rate"": 0.0, ""ops"": 0.5445121951219513, ""pa"": 41, ""slg"": 0.325, ""tb_rate"": 0.3170731707317073}","{""avg"": 0.22988505747126436, ""games"": 24, ""hr_rate"": 0.02197802197802198, ""ops"": 0.6095743337122648, ""pa"": 91, ""slg"": 0.367816091954023, ""tb_rate"": 0.3516483516483517}","{""avg"": 0.2631578947368421, ""games"": 5, ""hr_rate"": 0.0, ""ops"": 0.631578947368421, ""pa"": 19, ""slg"": 0.3684210526315789, ""tb_rate"": 0.3684210526315789}",10.9,8,official_mlb_schedule,High,0.291,MIN,R,4-Seam Fastball 42.3%; Split-Finger 28.4%; Slider 25.4%; Curveball 4.0%,0.72,111,"4-Seam Fastball: batter est_wOBA 0.279, est_SLG 0.374, pitcher allowed est_wOBA 0.305; Split-Finger: batter est_wOBA 0.213, est_SLG 0.310, pitcher allowed est_wOBA 0.368",neutral,"4-Seam Fastball: batter est_wOBA 0.279, est_SLG 0.374, pitcher allowed est_wOBA 0.305; Split-Finger: batter est_wOBA 0.213, est_SLG 0.310, pitcher allowed est_wOBA 0.368",665926,Andrés Giménez,SS,PASS,PASS,0.429,unavailable,unavailable,,Simeon Woods Richardson,0.267,-20.48,+480,0.172542,0.377358,TOR,R,1.5,valid,+165,"lineup/starter change, price move through pass threshold, roof/weather change, or missing pitch-type/Statcast source conflict",,,0.229,0.319,0.258
,0.178,,,S,"4-Seam Fastball: batter est_wOBA 0.279, est_SLG 0.305, pitcher allowed est_wOBA 0.305; Split-Finger: batter est_wOBA 0.010, est_SLG 0.011, pitcher allowed est_wOBA 0.368",unavailable,0.02,,,,,,,,,,,BvP fetch not used in model; point-in-time safe history unavailable,,7.5,7.5,unavailable,TOR@MIN,,unavailable,unavailable,0,-4.7,+4759,0.02058,0.067568,valid,+1380,0.0,0.26,"{""avg"": 0.08, ""games"": 8, ""hr_rate"": 0.0, ""ops"": 0.15407407407407409, ""pa"": 27, ""slg"": 0.08, ""tb_rate"": 0.07407407407407407}","{""avg"": 0.1282051282051282, ""games"": 16, ""hr_rate"": 0.0, ""ops"": 0.24448419797257004, ""pa"": 43, ""slg"": 0.1282051282051282, ""tb_rate"": 0.11627906976744186}","{""avg"": 0.07692307692307693, ""games"": 4, ""hr_rate"": 0.0, ""ops"": 0.15384615384615385, ""pa"": 13, ""slg"": 0.07692307692307693, ""tb_rate"": 0.07692307692307693}",,9,official_mlb_schedule,High,0.213,MIN,R,4-Seam Fastball 42.3%; Split-Finger 28.4%; Slider 25.4%; Curveball 4.0%,0.391,50,"4-Seam Fastball: batter est_wOBA 0.279, est_SLG 0.305, pitcher allowed est_wOBA 0.305; Split-Finger: batter est_wOBA 0.010, est_SLG 0.011, pitcher allowed est_wOBA 0.368",unfavorable,"4-Seam Fastball: batter est_wOBA 0.279, est_SLG 0.305, pitcher allowed est_wOBA 0.305; Split-Finger: batter est_wOBA 0.010, est_SLG 0.011, pitcher allowed est_wOBA 0.368",623168,Tyler Heineman,C,PASS,PASS,0.178,unavailable,unavailable,,Simeon Woods Richardson,,-21.34,+816,0.109179,0.322581,TOR,R,1.5,valid,+210,"lineup/starter change, price move through pass threshold, roof/weather change, or missing pitch-type/Statcast source conflict",,,,,
88.6,0.252,0.159,,R,"Sinker: batter est_wOBA 0.374, est_SLG 0.515, pitcher allowed est_wOBA 0.365; Slider: batter est_wOBA 0.295, est_SLG 0.518, pitcher allowed est_wOBA 0.160",unavailable,0.059701,,,,,,,,,,,BvP fetch not used in model; point-in-time safe history unavailable,,7.5,7.5,unavailable,TOR@MIN,0.455,unavailable,unavailable,8,-12.04,+836,0.106835,0.227273,valid,+340,0.252,0.268657,"{""avg"": 0.2727272727272727, ""games"": 12, ""hr_rate"": 0.0847457627118644, ""ops"": 0.8869029275808937, ""pa"": 59, ""slg"": 0.5818181818181818, ""tb_rate"": 0.5423728813559322}","{""avg"": 0.2523364485981308, ""games"": 25, ""hr_rate"": 0.06837606837606838, ""ops"": 0.8046169821870757, ""pa"": 117, ""slg"": 0.514018691588785, ""tb_rate"": 0.4700854700854701}","{""avg"": 0.3333333333333333, ""games"": 6, ""hr_rate"": 0.10714285714285714, ""ops"": 1.060846560846561, ""pa"": 28, ""slg"": 0.7037037037037037, ""tb_rate"": 0.6785714285714286}",23.9,1,official_mlb_schedule,High,0.306,TOR,L,Sinker 33.9%; Slider 27.5%; Cutter 21.1%; Changeup 11.8%,0.81,134,"Sinker: batter est_wOBA 0.374, est_SLG 0.515, pitcher allowed est_wOBA 0.365; Slider: batter est_wOBA 0.295, est_SLG 0.518, pitcher allowed est_wOBA 0.160",neutral,"Sinker: batter est_wOBA 0.374, est_SLG 0.515, pitcher allowed est_wOBA 0.365; Slider: batter est_wOBA 0.295, est_SLG 0.518, pitcher allowed est_wOBA 0.160",621439,Byron Buxton,CF,PASS,PASS,0.504,unavailable,unavailable,,Patrick Corbin,0.352,-12.21,+170,0.370523,0.492611,MIN,R,1.5,valid,+103,"lineup/starter change, price move through pass threshold, roof/weather change, or missing pitch-type/Statcast source conflict",,,0.221,0.439,0.308
86.1,0.313,0.038,,R,"Sinker: batter est_wOBA 0.396, est_SLG 0.235, pitcher allowed est_wOBA 0.365; Slider: batter est_wOBA 0.244, est_SLG 0.157, pitcher allowed est_wOBA 0.160",unavailable,0.22093,,,,,,,,,,,BvP fetch not used in model; point-in-time safe history unavailable,,7.5,7.5,unavailable,TOR@MIN,0.365,unavailable,unavailable,1,-6.54,+3821,0.025503,0.090909,valid,+1000,0.109,0.151163,"{""avg"": 0.3076923076923077, ""games"": 11, ""hr_rate"": 0.0, ""ops"": 0.8257918552036199, ""pa"": 34, ""slg"": 0.38461538461538464, ""tb_rate"": 0.29411764705882354}","{""avg"": 0.3050847457627119, ""games"": 25, ""hr_rate"": 0.012658227848101266, ""ops"": 0.8667667882428662, ""pa"": 79, ""slg"": 0.423728813559322, ""tb_rate"": 0.31645569620253167}","{""avg"": 0.2, ""games"": 5, ""hr_rate"": 0.0, ""ops"": 0.6, ""pa"": 18, ""slg"": 0.26666666666666666, ""tb_rate"": 0.2222222222222222}",10.1,2,official_mlb_schedule,High,0.477,TOR,L,Sinker 33.9%; Slider 27.5%; Cutter 21.1%; Changeup 11.8%,0.899,86,"Sinker: batter est_wOBA 0.396, est_SLG 0.235, pitcher allowed est_wOBA 0.365; Slider: batter est_wOBA 0.244, est_SLG 0.157, pitcher allowed est_wOBA 0.160",neutral,"Sinker: batter est_wOBA 0.396, est_SLG 0.235, pitcher allowed est_wOBA 0.365; Slider: batter est_wOBA 0.244, est_SLG 0.157, pitcher allowed est_wOBA 0.160",668885,Austin Martin,RF,PASS,PASS,0.422,unavailable,unavailable,,Patrick Corbin,0.308,-17.92,+337,0.229002,0.408163,MIN,R,1.5,valid,+145,"lineup/starter change, price move through pass threshold, roof/weather change, or missing pitch-type/Statcast source conflict",,,0.269,0.37,0.382
91.3,0.304,0.143,,R,"Sinker: batter est_wOBA 0.521, est_SLG 0.692, pitcher allowed est_wOBA 0.365; Slider: batter est_wOBA 0.318, est_SLG 0.413, pitcher allowed est_wOBA 0.160",unavailable,0.15625,,,,,,,,,,,BvP fetch not used in model; point-in-time safe history unavailable,,7.5,7.5,unavailable,TOR@MIN,0.413,unavailable,unavailable,4,-5.56,+911,0.098939,0.15456,valid,+547,0.202,0.177083,"{""avg"": 0.3235294117647059, ""games"": 11, ""hr_rate"": 0.04878048780487805, ""ops"": 0.9978479196556671, ""pa"": 41, ""slg"": 0.5588235294117647, ""tb_rate"": 0.4634146341463415}","{""avg"": 0.3235294117647059, ""games"": 21, ""hr_rate"": 0.047619047619047616, ""ops"": 0.9873949579831933, ""pa"": 84, ""slg"": 0.5588235294117647, ""tb_rate"": 0.4523809523809524}","{""avg"": 0.42105263157894735, ""games"": 5, ""hr_rate"": 0.047619047619047616, ""ops"": 1.055137844611529, ""pa"": 21, ""slg"": 0.5789473684210527, ""tb_rate"": 0.5238095238095238}",23.4,3,official_mlb_schedule,High,0.421,TOR,L,Sinker 33.9%; Slider 27.5%; Cutter 21.1%; Changeup 11.8%,0.927,96,"Sinker: batter est_wOBA 0.521, est_SLG 0.692, pitcher allowed est_wOBA 0.365; Slider: batter est_wOBA 0.318, est_SLG 0.413, pitcher allowed est_wOBA 0.160",favorable,"Sinker: batter est_wOBA 0.521, est_SLG 0.692, pitcher allowed est_wOBA 0.365; Slider: batter est_wOBA 0.318, est_SLG 0.413, pitcher allowed est_wOBA 0.160",680777,Ryan Jeffers,DH,PASS,PASS,0.506,unavailable,unavailable,,Patrick Corbin,0.349,-2.61,+147,0.404935,0.431034,MIN,R,1.5,valid,+132,"lineup/starter change, price move through pass threshold, roof/weather change, or missing pitch-type/Statcast source conflict",,,0.266,0.492,0.386
89.0,0.225,0.101,,S,"Sinker: batter est_wOBA 0.309, est_SLG 0.451, pitcher allowed est_wOBA 0.365; Slider: batter est_wOBA 0.470, est_SLG 0.753, pitcher allowed est_wOBA 0.160",unavailable,0.110236,,,,,,,,,,,BvP fetch not used in model; point-in-time safe history unavailable,,7.5,7.5,unavailable,TOR@MIN,0.427,unavailable,unavailable,3,-8.75,+2358,0.040689,0.128205,valid,+680,0.126,0.181102,"{""avg"": 0.20833333333333334, ""games"": 12, ""hr_rate"": 0.0, ""ops"": 0.47756410256410253, ""pa"": 52, ""slg"": 0.20833333333333334, ""tb_rate"": 0.19230769230769232}","{""avg"": 0.23232323232323232, ""games"": 27, ""hr_rate"": 0.02702702702702703, ""ops"": 0.6688506688506688, ""pa"": 111, ""slg"": 0.35353535353535354, ""tb_rate"": 0.3153153153153153}","{""avg"": 0.125, ""games"": 6, ""hr_rate"": 0.0, ""ops"": 0.3173076923076923, ""pa"": 26, ""slg"": 0.125, ""tb_rate"": 0.11538461538461539}",17.0,4,official_mlb_schedule,High,0.315,TOR,L,Sinker 33.9%; Slider 27.5%; Cutter 21.1%; Changeup 11.8%,0.666,127,"Sinker: batter est_wOBA 0.309, est_SLG 0.451, pitcher allowed est_wOBA 0.365; Slider: batter est_wOBA 0.470, est_SLG 0.753, pitcher allowed est_wOBA 0.160",neutral,"Sinker: batter est_wOBA 0.309, est_SLG 0.451, pitcher allowed est_wOBA 0.365; Slider: batter est_wOBA 0.470, est_SLG 0.753, pitcher allowed est_wOBA 0.160",605137,Josh Bell,1B,PASS,PASS,0.351,unavailable,unavailable,,Patrick Corbin,0.371,-22.65,+446,0.183287,0.409836,MIN,R,1.5,valid,+144,"lineup/starter change, price move through pass threshold, roof/weather change, or missing pitch-type/Statcast source conflict",,,0.241,0.427,0.332
87.6,0.221,0.045,,S,"Sinker: batter est_wOBA 0.319, est_SLG 0.363, pitcher allowed est_wOBA 0.365; Slider: batter est_wOBA 0.302, est_SLG 0.260, pitcher allowed est_wOBA 0.160",unavailable,0.086022,,,,,,,,,,,BvP fetch not used in model; point-in-time safe history unavailable,,7.5,7.5,unavailable,TOR@MIN,0.318,unavailable,unavailable,1,-9.43,+12880,0.007704,0.102041,valid,+880,0.052,0.16129,"{""avg"": 0.13043478260869565, ""games"": 7, ""hr_rate"": 0.0, ""ops"": 0.28428093645484953, ""pa"": 26, ""slg"": 0.13043478260869565, ""tb_rate"": 0.11538461538461539}","{""avg"": 0.21212121212121213, ""games"": 20, ""hr_rate"": 0.012345679012345678, ""ops"": 0.531986531986532, ""pa"": 81, ""slg"": 0.2727272727272727, ""tb_rate"": 0.2222222222222222}","{""avg"": 0.07692307692307693, ""games"": 4, ""hr_rate"": 0.0, ""ops"": 0.15384615384615385, ""pa"": 13, ""slg"": 0.07692307692307693, ""tb_rate"": 0.07692307692307693}",9.7,5,official_mlb_schedule,High,0.312,TOR,L,Sinker 33.9%; Slider 27.5%; Cutter 21.1%; Changeup 11.8%,0.585,93,"Sinker: batter est_wOBA 0.319, est_SLG 0.363, pitcher allowed est_wOBA 0.365; Slider: batter est_wOBA 0.302, est_SLG 0.260, pitcher allowed est_wOBA 0.160",neutral,"Sinker: batter est_wOBA 0.319, est_SLG 0.363, pitcher allowed est_wOBA 0.365; Slider: batter est_wOBA 0.302, est_SLG 0.260, pitcher allowed est_wOBA 0.160",605170,Victor Caratini,C,PASS,PASS,0.273,unavailable,unavailable,,Patrick Corbin,0.394,-28.74,+994,0.091393,0.378788,MIN,R,1.5,valid,+164,"lineup/starter change, price move through pass threshold, roof/weather change, or missing pitch-type/Statcast source conflict",,,0.255,0.371,0.34
84.3,0.217,0.03,,R,"Sinker: batter est_wOBA 0.295, est_SLG 0.320, pitcher allowed est_wOBA 0.365; Slider: batter est_wOBA 0.304, est_SLG 0.299, pitcher allowed est_wOBA 0.160",unavailable,0.061069,,,,,,,,,,,BvP fetch not used in model; point-in-time safe history unavailable,,7.5,7.5,unavailable,TOR@MIN,0.228,unavailable,unavailable,1,-8.69,+24900,0.004,0.090909,valid,+1000,0.058,0.160305,"{""avg"": 0.20833333333333334, ""games"": 12, ""hr_rate"": 0.0, ""ops"": 0.4807692307692308, ""pa"": 52, ""slg"": 0.25, ""tb_rate"": 0.23076923076923078}","{""avg"": 0.22641509433962265, ""games"": 27, ""hr_rate"": 0.008771929824561403, ""ops"": 0.5556107249255213, ""pa"": 114, ""slg"": 0.29245283018867924, ""tb_rate"": 0.2719298245614035}","{""avg"": 0.2857142857142857, ""games"": 6, ""hr_rate"": 0.0, ""ops"": 0.6533333333333333, ""pa"": 25, ""slg"": 0.3333333333333333, ""tb_rate"": 0.28}",17.6,6,official_mlb_schedule,High,0.267,TOR,L,Sinker 33.9%; Slider 27.5%; Cutter 21.1%; Changeup 11.8%,0.542,131,"Sinker: batter est_wOBA 0.295, est_SLG 0.320, pitcher allowed est_wOBA 0.365; Slider: batter est_wOBA 0.304, est_SLG 0.299, pitcher allowed est_wOBA 0.160",neutral,"Sinker: batter est_wOBA 0.295, est_SLG 0.320, pitcher allowed est_wOBA 0.365; Slider: batter est_wOBA 0.304, est_SLG 0.299, pitcher allowed est_wOBA 0.160",807712,Luke Keaschall,2B,PASS,PASS,0.275,unavailable,unavailable,,Patrick Corbin,0.297,-33.23,+1311,0.070884,0.403226,MIN,R,1.5,valid,+148,"lineup/starter change, price move through pass threshold, roof/weather change, or missing pitch-type/Statcast source conflict",,,0.227,0.322,0.268
89.2,0.197,0.133,,R,"Sinker: batter est_wOBA 0.340, est_SLG 0.462, pitcher allowed est_wOBA 0.365; Slider: batter est_wOBA 0.212, est_SLG 0.166, pitcher allowed est_wOBA 0.160",unavailable,0.118421,,,,,,,,,,,BvP fetch not used in model; point-in-time safe history unavailable,,7.5,7.5,unavailable,TOR@MIN,0.444,unavailable,unavailable,3,-8.43,+1668,0.056548,0.140845,valid,+610,0.167,0.276316,"{""avg"": 0.16666666666666666, ""games"": 8, ""hr_rate"": 0.03225806451612903, ""ops"": 0.46021505376344085, ""pa"": 31, ""slg"": 0.26666666666666666, ""tb_rate"": 0.25806451612903225}","{""avg"": 0.2037037037037037, ""games"": 16, ""hr_rate"": 0.016129032258064516, ""ops"": 0.602747909199522, ""pa"": 62, ""slg"": 0.2962962962962963, ""tb_rate"": 0.25806451612903225}","{""avg"": 0.18181818181818182, ""games"": 6, ""hr_rate"": 0.043478260869565216, ""ops"": 0.5355731225296443, ""pa"": 23, ""slg"": 0.3181818181818182, ""tb_rate"": 0.30434782608695654}",15.6,7,official_mlb_schedule,High,0.303,TOR,L,Sinker 33.9%; Slider 27.5%; Cutter 21.1%; Changeup 11.8%,0.667,76,"Sinker: batter est_wOBA 0.340, est_SLG 0.462, pitcher allowed est_wOBA 0.365; Slider: batter est_wOBA 0.212, est_SLG 0.166, pitcher allowed est_wOBA 0.160",neutral,"Sinker: batter est_wOBA 0.340, est_SLG 0.462, pitcher allowed est_wOBA 0.365; Slider: batter est_wOBA 0.212, est_SLG 0.166, pitcher allowed est_wOBA 0.160",668904,Royce Lewis,3B,PASS,PASS,0.364,unavailable,unavailable,,Patrick Corbin,0.333,-18.12,+406,0.197582,0.378788,MIN,R,1.5,valid,+164,"lineup/starter change, price move through pass threshold, roof/weather change, or missing pitch-type/Statcast source conflict",,,0.227,0.372,0.315
89.1,0.242,0.051,,S,"Sinker: batter est_wOBA 0.247, est_SLG 0.312, pitcher allowed est_wOBA 0.365; Slider: batter est_wOBA 0.301, est_SLG 0.336, pitcher allowed est_wOBA 0.160",unavailable,0.074074,,,,,,,,,,,BvP fetch not used in model; point-in-time safe history unavailable,,7.5,7.5,unavailable,TOR@MIN,0.342,unavailable,unavailable,5,-5.47,+1964,0.048438,0.103093,valid,+870,0.172,0.185185,"{""avg"": 0.24444444444444444, ""games"": 12, ""hr_rate"": 0.0392156862745098, ""ops"": 0.7333333333333334, ""pa"": 51, ""slg"": 0.4, ""tb_rate"": 0.35294117647058826}","{""avg"": 0.25555555555555554, ""games"": 25, ""hr_rate"": 0.050505050505050504, ""ops"": 0.7575757575757576, ""pa"": 99, ""slg"": 0.4444444444444444, ""tb_rate"": 0.40404040404040403}","{""avg"": 0.2608695652173913, ""games"": 6, ""hr_rate"": 0.08, ""ops"": 0.8852173913043477, ""pa"": 25, ""slg"": 0.5652173913043478, ""tb_rate"": 0.52}",16.5,8,official_mlb_schedule,High,0.306,TOR,L,Sinker 33.9%; Slider 27.5%; Cutter 21.1%; Changeup 11.8%,0.72,108,"Sinker: batter est_wOBA 0.247, est_SLG 0.312, pitcher allowed est_wOBA 0.365; Slider: batter est_wOBA 0.301, est_SLG 0.336, pitcher allowed est_wOBA 0.160",unfavorable,"Sinker: batter est_wOBA 0.247, est_SLG 0.312, pitcher allowed est_wOBA 0.365; Slider: batter est_wOBA 0.301, est_SLG 0.336, pitcher allowed est_wOBA 0.160",686797,Brooks Lee,SS,PASS,PASS,0.414,unavailable,unavailable,,Patrick Corbin,0.342,-16.12,+345,0.224915,0.3861,MIN,R,1.5,valid,+159,"lineup/starter change, price move through pass threshold, roof/weather change, or missing pitch-type/Statcast source conflict",,,0.213,0.333,0.274
,0.111,,,L,"Sinker: batter est_wOBA 0.801, est_SLG 1.091, pitcher allowed est_wOBA 0.365; Slider: batter est_wOBA 0.087, est_SLG 0.106, pitcher allowed est_wOBA 0.160",unavailable,0.068966,,,,,,,,,,,BvP fetch not used in model; point-in-time safe history unavailable,,5.8,7.5,unavailable,TOR@MIN,,unavailable,unavailable,0,,+2778,0.034744,,missing,,0.074,0.37931,"{""avg"": 0.3333333333333333, ""games"": 9, ""hr_rate"": 0.0, ""ops"": 0.8888888888888888, ""pa"": 9, ""slg"": 0.5555555555555556, ""tb_rate"": 0.5555555555555556}","{""avg"": 0.12, ""games"": 20, ""hr_rate"": 0.0, ""ops"": 0.35384615384615387, ""pa"": 26, ""slg"": 0.2, ""tb_rate"": 0.19230769230769232}","{""avg"": 0.2, ""games"": 4, ""hr_rate"": 0.0, ""ops"": 0.6000000000000001, ""pa"": 5, ""slg"": 0.4, ""tb_rate"": 0.4}",,9,official_mlb_schedule,High,0.172,TOR,L,Sinker 33.9%; Slider 27.5%; Cutter 21.1%; Changeup 11.8%,0.357,29,"Sinker: batter est_wOBA 0.801, est_SLG 1.091, pitcher allowed est_wOBA 0.365; Slider: batter est_wOBA 0.087, est_SLG 0.106, pitcher allowed est_wOBA 0.160",favorable,"Sinker: batter est_wOBA 0.801, est_SLG 1.091, pitcher allowed est_wOBA 0.365; Slider: batter est_wOBA 0.087, est_SLG 0.106, pitcher allowed est_wOBA 0.160",681546,James Outman,LF,WATCHLIST,PASS,0.185,unavailable,unavailable,,Patrick Corbin,,-0.81,+290,0.25642,0.26455,MIN,R,1.5,valid,+278,"lineup/starter change, price move through pass threshold, roof/weather change, or missing pitch-type/Statcast source conflict",,,,,
94.5,0.273,0.215,,L,"4-Seam Fastball: batter est_wOBA 0.389, est_SLG 0.471, pitcher allowed est_wOBA 0.405; Slider: batter est_wOBA 0.428, est_SLG 0.586, pitcher allowed est_wOBA 0.369",unavailable,0.165468,,,,,,,,,,,BvP fetch not used in model; point-in-time safe history unavailable,,7.5,7.5,unavailable,LAD@STL,0.519,unavailable,unavailable,6,-11.07,+638,0.135576,0.246305,valid,+306,0.218,0.23741,"{""avg"": 0.2978723404255319, ""games"": 12, ""hr_rate"": 0.017543859649122806, ""ops"": 0.8715938783128032, ""pa"": 57, ""slg"": 0.46808510638297873, ""tb_rate"": 0.38596491228070173}","{""avg"": 0.28421052631578947, ""games"": 24, ""hr_rate"": 0.05128205128205128, ""ops"": 0.912910481331534, ""pa"": 117, ""slg"": 0.5368421052631579, ""tb_rate"": 0.4358974358974359}","{""avg"": 0.4375, ""games"": 5, ""hr_rate"": 0.043478260869565216, ""ops"": 1.358695652173913, ""pa"": 23, ""slg"": 0.75, ""tb_rate"": 0.5217391304347826}",12.4,1,official_mlb_schedule,High,0.406,STL,L,4-Seam Fastball 35.6%; Slider 25.6%; Changeup 16.5%; Curveball 9.9%,0.897,139,"4-Seam Fastball: batter est_wOBA 0.389, est_SLG 0.471, pitcher allowed est_wOBA 0.405; Slider: batter est_wOBA 0.428, est_SLG 0.586, pitcher allowed est_wOBA 0.369",favorable,"4-Seam Fastball: batter est_wOBA 0.389, est_SLG 0.471, pitcher allowed est_wOBA 0.405; Slider: batter est_wOBA 0.428, est_SLG 0.586, pitcher allowed est_wOBA 0.369",660271,Shohei Ohtani,DH,PASS,PASS,0.491,unavailable,unavailable,,Matthew Liberatore,0.367,-4.4,+105,0.48876,0.53271,LAD,R,1.5,valid,-114,"lineup/starter change, price move through pass threshold, roof/weather change, or missing pitch-type/Statcast source conflict",,,0.274,0.548,0.411
92.0,0.259,0.137,,L,"4-Seam Fastball: batter est_wOBA 0.392, est_SLG 0.543, pitcher allowed est_wOBA 0.405; Slider: batter est_wOBA 0.548, est_SLG 0.849, pitcher allowed est_wOBA 0.369",unavailable,0.085938,,,,,,,,,,,BvP fetch not used in model; point-in-time safe history unavailable,,7.5,7.5,unavailable,LAD@STL,0.48,unavailable,unavailable,3,-3.54,+949,0.095355,0.130719,valid,+665,0.155,0.109375,"{""avg"": 0.23809523809523808, ""games"": 11, ""hr_rate"": 0.0, ""ops"": 0.6428571428571428, ""pa"": 48, ""slg"": 0.30952380952380953, ""tb_rate"": 0.2708333333333333}","{""avg"": 0.2708333333333333, ""games"": 24, ""hr_rate"": 0.028037383177570093, ""ops"": 0.7843652647975078, ""pa"": 107, ""slg"": 0.4479166666666667, ""tb_rate"": 0.40186915887850466}","{""avg"": 0.12, ""games"": 6, ""hr_rate"": 0.0, ""ops"": 0.30518518518518517, ""pa"": 27, ""slg"": 0.12, ""tb_rate"": 0.1111111111111111}",10.9,2,official_mlb_schedule,High,0.328,STL,L,4-Seam Fastball 35.6%; Slider 25.6%; Changeup 16.5%; Curveball 9.9%,0.742,128,"4-Seam Fastball: batter est_wOBA 0.392, est_SLG 0.543, pitcher allowed est_wOBA 0.405; Slider: batter est_wOBA 0.548, est_SLG 0.849, pitcher allowed est_wOBA 0.369",favorable,"4-Seam Fastball: batter est_wOBA 0.392, est_SLG 0.543, pitcher allowed est_wOBA 0.405; Slider: batter est_wOBA 0.548, est_SLG 0.849, pitcher allowed est_wOBA 0.369",518692,Freddie Freeman,1B,PASS,PASS,0.414,unavailable,unavailable,,Matthew Liberatore,0.363,-8.42,+164,0.378752,0.462963,LAD,R,1.5,valid,+116,"lineup/starter change, price move through pass threshold, roof/weather change, or missing pitch-type/Statcast source conflict",,,0.297,0.555,0.391
88.8,0.27,0.122,,R,"4-Seam Fastball: batter est_wOBA 0.466, est_SLG 0.682, pitcher allowed est_wOBA 0.405; Slider: batter est_wOBA 0.298, est_SLG 0.334, pitcher allowed est_wOBA 0.369",unavailable,0.090909,,,,,,,,,,,BvP fetch not used in model; point-in-time safe history unavailable,,7.5,7.5,unavailable,LAD@STL,0.365,unavailable,unavailable,3,-7.18,+1085,0.084409,0.15625,valid,+540,0.112,0.161616,"{""avg"": 0.24242424242424243, ""games"": 10, ""hr_rate"": 0.02857142857142857, ""ops"": 0.5904761904761904, ""pa"": 35, ""slg"": 0.3333333333333333, ""tb_rate"": 0.3142857142857143}","{""avg"": 0.273972602739726, ""games"": 22, ""hr_rate"": 0.012048192771084338, ""ops"": 0.678164713649117, ""pa"": 83, ""slg"": 0.3287671232876712, ""tb_rate"": 0.2891566265060241}","{""avg"": 0.2857142857142857, ""games"": 4, ""hr_rate"": 0.07142857142857142, ""ops"": 0.7857142857142857, ""pa"": 14, ""slg"": 0.5, ""tb_rate"": 0.5}",19.6,3,official_mlb_schedule,High,0.333,STL,L,4-Seam Fastball 35.6%; Slider 25.6%; Changeup 16.5%; Curveball 9.9%,0.715,99,"4-Seam Fastball: batter est_wOBA 0.466, est_SLG 0.682, pitcher allowed est_wOBA 0.405; Slider: batter est_wOBA 0.298, est_SLG 0.334, pitcher allowed est_wOBA 0.369",favorable,"4-Seam Fastball: batter est_wOBA 0.466, est_SLG 0.682, pitcher allowed est_wOBA 0.405; Slider: batter est_wOBA 0.298, est_SLG 0.334, pitcher allowed est_wOBA 0.369",669257,Will Smith,C,PASS,PASS,0.382,unavailable,unavailable,,Matthew Liberatore,0.405,-14.34,+217,0.315303,0.458716,LAD,R,1.5,valid,+118,"lineup/starter change, price move through pass threshold, roof/weather change, or missing pitch-type/Statcast source conflict",,,0.266,0.476,0.358
90.2,0.235,0.118,,R,"4-Seam Fastball: batter est_wOBA 0.380, est_SLG 0.503, pitcher allowed est_wOBA 0.405; Slider: batter est_wOBA 0.520, est_SLG 0.894, pitcher allowed est_wOBA 0.369",unavailable,0.091743,,,,,,,,,,,BvP fetch not used in model; point-in-time safe history unavailable,,7.5,7.5,unavailable,LAD@STL,0.412,unavailable,unavailable,4,-9.58,+1322,0.070314,0.166113,valid,+502,0.163,0.284404,"{""avg"": 0.125, ""games"": 11, ""hr_rate"": 0.0, ""ops"": 0.38913043478260867, ""pa"": 46, ""slg"": 0.15, ""tb_rate"": 0.13043478260869565}","{""avg"": 0.2375, ""games"": 22, ""hr_rate"": 0.04395604395604396, ""ops"": 0.7561813186813187, ""pa"": 91, ""slg"": 0.4375, ""tb_rate"": 0.38461538461538464}","{""avg"": 0.1875, ""games"": 5, ""hr_rate"": 0.0, ""ops"": 0.5375, ""pa"": 20, ""slg"": 0.1875, ""tb_rate"": 0.15}",13.9,4,official_mlb_schedule,High,0.303,STL,L,4-Seam Fastball 35.6%; Slider 25.6%; Changeup 16.5%; Curveball 9.9%,0.701,109,"4-Seam Fastball: batter est_wOBA 0.380, est_SLG 0.503, pitcher allowed est_wOBA 0.405; Slider: batter est_wOBA 0.520, est_SLG 0.894, pitcher allowed est_wOBA 0.369",favorable,"4-Seam Fastball: batter est_wOBA 0.380, est_SLG 0.503, pitcher allowed est_wOBA 0.405; Slider: batter est_wOBA 0.520, est_SLG 0.894, pitcher allowed est_wOBA 0.369",606192,Teoscar Hernández,LF,PASS,PASS,0.398,unavailable,unavailable,,Matthew Liberatore,0.338,-24.47,+336,0.229218,0.473934,LAD,R,1.5,valid,+111,"lineup/starter change, price move through pass threshold, roof/weather change, or missing pitch-type/Statcast source conflict",,,0.239,0.423,0.32
89.2,0.241,0.08,,L,"4-Seam Fastball: batter est_wOBA 0.397, est_SLG 0.528, pitcher allowed est_wOBA 0.405; Slider: batter est_wOBA 0.138, est_SLG 0.116, pitcher allowed est_wOBA 0.369",unavailable,0.120301,,,,,,,,,,,BvP fetch not used in model; point-in-time safe history unavailable,,7.5,7.5,unavailable,LAD@STL,0.42,unavailable,unavailable,3,-6.09,+1368,0.068106,0.129032,valid,+675,0.13,0.218045,"{""avg"": 0.24489795918367346, ""games"": 12, ""hr_rate"": 0.018867924528301886, ""ops"": 0.7100500577589526, ""pa"": 53, ""slg"": 0.40816326530612246, ""tb_rate"": 0.37735849056603776}","{""avg"": 0.24742268041237114, ""games"": 25, ""hr_rate"": 0.026785714285714284, ""ops"": 0.731038291605302, ""pa"": 112, ""slg"": 0.3917525773195876, ""tb_rate"": 0.3392857142857143}","{""avg"": 0.22727272727272727, ""games"": 6, ""hr_rate"": 0.0, ""ops"": 0.7097902097902098, ""pa"": 26, ""slg"": 0.36363636363636365, ""tb_rate"": 0.3076923076923077}",16.1,5,official_mlb_schedule,High,0.331,STL,L,4-Seam Fastball 35.6%; Slider 25.6%; Changeup 16.5%; Curveball 9.9%,0.702,133,"4-Seam Fastball: batter est_wOBA 0.397, est_SLG 0.528, pitcher allowed est_wOBA 0.405; Slider: batter est_wOBA 0.138, est_SLG 0.116, pitcher allowed est_wOBA 0.369",neutral,"4-Seam Fastball: batter est_wOBA 0.397, est_SLG 0.528, pitcher allowed est_wOBA 0.405; Slider: batter est_wOBA 0.138, est_SLG 0.116, pitcher allowed est_wOBA 0.369",663656,Kyle Tucker,RF,PASS,PASS,0.371,unavailable,unavailable,,Matthew Liberatore,0.364,-11.72,+234,0.299497,0.416667,LAD,R,1.5,valid,+140,"lineup/starter change, price move through pass threshold, roof/weather change, or missing pitch-type/Statcast source conflict",,,0.235,0.379,0.316
90.3,0.321,0.058,,R,"4-Seam Fastball: batter est_wOBA 0.244, est_SLG 0.296, pitcher allowed est_wOBA 0.405; Slider: batter est_wOBA 0.340, est_SLG 0.507, pitcher allowed est_wOBA 0.369",unavailable,0.065041,,,,,,,,,,,BvP fetch not used in model; point-in-time safe history unavailable,,7.5,7.5,unavailable,LAD@STL,0.535,unavailable,unavailable,5,-5.96,+1117,0.0822,0.141844,valid,+605,0.197,0.227642,"{""avg"": 0.1956521739130435, ""games"": 13, ""hr_rate"": 0.0, ""ops"": 0.5108695652173914, ""pa"": 52, ""slg"": 0.2608695652173913, ""tb_rate"": 0.23076923076923078}","{""avg"": 0.3191489361702128, ""games"": 26, ""hr_rate"": 0.0380952380952381, ""ops"": 0.8831813576494427, ""pa"": 105, ""slg"": 0.5212765957446809, ""tb_rate"": 0.4666666666666667}","{""avg"": 0.2608695652173913, ""games"": 6, ""hr_rate"": 0.0, ""ops"": 0.671304347826087, ""pa"": 25, ""slg"": 0.391304347826087, ""tb_rate"": 0.36}",16.3,6,official_mlb_schedule,High,0.366,STL,L,4-Seam Fastball 35.6%; Slider 25.6%; Changeup 16.5%; Curveball 9.9%,0.884,123,"4-Seam Fastball: batter est_wOBA 0.244, est_SLG 0.296, pitcher allowed est_wOBA 0.405; Slider: batter est_wOBA 0.340, est_SLG 0.507, pitcher allowed est_wOBA 0.369",neutral,"4-Seam Fastball: batter est_wOBA 0.244, est_SLG 0.296, pitcher allowed est_wOBA 0.405; Slider: batter est_wOBA 0.340, est_SLG 0.507, pitcher allowed est_wOBA 0.369",681624,Andy Pages,CF,PASS,PASS,0.518,unavailable,unavailable,,Matthew Liberatore,0.349,-14.09,+217,0.315703,0.456621,LAD,R,1.5,valid,+119,"lineup/starter change, price move through pass threshold, roof/weather change, or missing pitch-type/Statcast source conflict",,,0.288,0.446,0.346
91.9,0.287,0.178,,L,"4-Seam Fastball: batter est_wOBA 0.388, est_SLG 0.507, pitcher allowed est_wOBA 0.405; Slider: batter est_wOBA 0.322, est_SLG 0.462, pitcher allowed est_wOBA 0.369",unavailable,0.121739,,,,,,,,,,,BvP fetch not used in model; point-in-time safe history unavailable,,7.5,7.5,unavailable,LAD@STL,0.534,unavailable,unavailable,9,-2.17,+448,0.182371,0.204082,valid,+390,0.307,0.243478,"{""avg"": 0.38095238095238093, ""games"": 12, ""hr_rate"": 0.10416666666666667, ""ops"": 1.2916666666666667, ""pa"": 48, ""slg"": 0.8333333333333334, ""tb_rate"": 0.7291666666666666}","{""avg"": 0.2777777777777778, ""games"": 24, ""hr_rate"": 0.08, ""ops"": 0.9388888888888889, ""pa"": 100, ""slg"": 0.5888888888888889, ""tb_rate"": 0.53}","{""avg"": 0.25, ""games"": 5, ""hr_rate"": 0.05555555555555555, ""ops"": 0.8958333333333333, ""pa"": 18, ""slg"": 0.5625, ""tb_rate"": 0.5}",12.3,7,official_mlb_schedule,High,0.374,STL,L,4-Seam Fastball 35.6%; Slider 25.6%; Changeup 16.5%; Curveball 9.9%,0.968,115,"4-Seam Fastball: batter est_wOBA 0.388, est_SLG 0.507, pitcher allowed est_wOBA 0.405; Slider: batter est_wOBA 0.322, est_SLG 0.462, pitcher allowed est_wOBA 0.369",favorable,"4-Seam Fastball: batter est_wOBA 0.388, est_SLG 0.507, pitcher allowed est_wOBA 0.405; Slider: batter est_wOBA 0.322, est_SLG 0.462, pitcher allowed est_wOBA 0.369",571970,Max Muncy,3B,PASS,LEAN,0.594,unavailable,unavailable,,Matthew Liberatore,0.342,12.63,-122,0.55,0.423729,LAD,R,1.5,valid,+136,"lineup/starter change, price move through pass threshold, roof/weather change, or missing pitch-type/Statcast source conflict",,,0.295,0.592,0.413
,0.341,,,R,"4-Seam Fastball: batter est_wOBA 0.412, est_SLG 0.576, pitcher allowed est_wOBA 0.405; Slider: batter est_wOBA 0.271, est_SLG 0.339, pitcher allowed est_wOBA 0.369",unavailable,0.061224,,,,,,,,,,,BvP fetch not used in model; point-in-time safe history unavailable,,7.5,7.5,unavailable,LAD@STL,,unavailable,unavailable,1,-1.55,+1015,0.089716,0.105263,valid,+850,0.136,0.142857,"{""avg"": 0.3125, ""games"": 7, ""hr_rate"": 0.058823529411764705, ""ops"": 0.8566176470588236, ""pa"": 17, ""slg"": 0.5625, ""tb_rate"": 0.5294117647058824}","{""avg"": 0.3333333333333333, ""games"": 14, ""hr_rate"": 0.02631578947368421, ""ops"": 0.8532695374800638, ""pa"": 38, ""slg"": 0.48484848484848486, ""tb_rate"": 0.42105263157894735}","{""avg"": 0.16666666666666666, ""games"": 3, ""hr_rate"": 0.0, ""ops"": 0.5, ""pa"": 6, ""slg"": 0.3333333333333333, ""tb_rate"": 0.3333333333333333}",,8,official_mlb_schedule,High,0.375,STL,L,4-Seam Fastball 35.6%; Slider 25.6%; Changeup 16.5%; Curveball 9.9%,0.852,49,"4-Seam Fastball: batter est_wOBA 0.412, est_SLG 0.576, pitcher allowed est_wOBA 0.405; Slider: batter est_wOBA 0.271, est_SLG 0.339, pitcher allowed est_wOBA 0.369",neutral,"4-Seam Fastball: batter est_wOBA 0.412, est_SLG 0.576, pitcher allowed est_wOBA 0.405; Slider: batter est_wOBA 0.271, est_SLG 0.339, pitcher allowed est_wOBA 0.369",500743,Miguel Rojas,SS,PASS,PASS,0.477,unavailable,unavailable,,Matthew Liberatore,,-2.17,+176,0.362963,0.384615,LAD,R,1.5,valid,+160,"lineup/starter change, price move through pass threshold, roof/weather change, or missing pitch-type/Statcast source conflict",,,,,
,0.217,,,R,"4-Seam Fastball: batter est_wOBA 0.351, est_SLG 0.531, pitcher allowed est_wOBA 0.405; Slider: batter est_wOBA 0.423, est_SLG 0.521, pitcher allowed est_wOBA 0.369",unavailable,0.0,,,,,,,,,,,BvP fetch not used in model; point-in-time safe history unavailable,,7.5,7.5,unavailable,LAD@STL,,unavailable,unavailable,0,-1.58,+1680,0.05618,0.071942,valid,+1290,0.087,0.08,"{""avg"": 0.3, ""games"": 6, ""hr_rate"": 0.0, ""ops"": 0.6727272727272727, ""pa"": 11, ""slg"": 0.4, ""tb_rate"": 0.36363636363636365}","{""avg"": 0.23809523809523808, ""games"": 12, ""hr_rate"": 0.0, ""ops"": 0.5507246376811594, ""pa"": 23, ""slg"": 0.3333333333333333, ""tb_rate"": 0.30434782608695654}","{""avg"": 0.2, ""games"": 3, ""hr_rate"": 0.0, ""ops"": 0.6000000000000001, ""pa"": 5, ""slg"": 0.4, ""tb_rate"": 0.4}",,9,official_mlb_schedule,High,0.217,STL,L,4-Seam Fastball 35.6%; Slider 25.6%; Changeup 16.5%; Curveball 9.9%,0.521,25,"4-Seam Fastball: batter est_wOBA 0.351, est_SLG 0.531, pitcher allowed est_wOBA 0.405; Slider: batter est_wOBA 0.423, est_SLG 0.521, pitcher allowed est_wOBA 0.369",favorable,"4-Seam Fastball: batter est_wOBA 0.351, est_SLG 0.531, pitcher allowed est_wOBA 0.405; Slider: batter est_wOBA 0.423, est_SLG 0.521, pitcher allowed est_wOBA 0.369",669289,Santiago Espinal,2B,PASS,PASS,0.304,unavailable,unavailable,,Matthew Liberatore,,-8.64,+250,0.285393,0.371747,LAD,R,1.5,valid,+169,"lineup/starter change, price move through pass threshold, roof/weather change, or missing pitch-type/Statcast source conflict",,,,,
90.0,0.256,0.096,,L,"4-Seam Fastball: batter est_wOBA 0.490, est_SLG 0.791, pitcher allowed est_wOBA 0.487; Slider: batter est_wOBA 0.208, est_SLG 0.320, pitcher allowed est_wOBA 0.225",unavailable,0.118881,,,,,,,,,,,BvP fetch not used in model; point-in-time safe history unavailable,,7.5,7.5,unavailable,LAD@STL,0.447,unavailable,unavailable,7,-6.39,+1495,0.062696,0.126582,valid,+690,0.223,0.174825,"{""avg"": 0.29411764705882354, ""games"": 13, ""hr_rate"": 0.06557377049180328, ""ops"": 0.9357119897139183, ""pa"": 61, ""slg"": 0.6078431372549019, ""tb_rate"": 0.5081967213114754}","{""avg"": 0.24742268041237114, ""games"": 26, ""hr_rate"": 0.05, ""ops"": 0.8095360824742268, ""pa"": 120, ""slg"": 0.4845360824742268, ""tb_rate"": 0.39166666666666666}","{""avg"": 0.36666666666666664, ""games"": 7, ""hr_rate"": 0.12121212121212122, ""ops"": 1.2606060606060607, ""pa"": 33, ""slg"": 0.8666666666666667, ""tb_rate"": 0.7878787878787878}",18.4,1,official_mlb_schedule,High,0.378,LAD,R,4-Seam Fastball 40.1%; Slider 32.6%; Changeup 17.7%; Curveball 9.6%,0.857,143,"4-Seam Fastball: batter est_wOBA 0.490, est_SLG 0.791, pitcher allowed est_wOBA 0.487; Slider: batter est_wOBA 0.208, est_SLG 0.320, pitcher allowed est_wOBA 0.225",favorable,"4-Seam Fastball: batter est_wOBA 0.490, est_SLG 0.791, pitcher allowed est_wOBA 0.487; Slider: batter est_wOBA 0.208, est_SLG 0.320, pitcher allowed est_wOBA 0.225",802139,JJ Wetherholt,2B,PASS,PASS,0.479,unavailable,unavailable,,Emmet Sheehan,0.362,-8.86,+221,0.311409,0.4,STL,R,1.5,valid,+150,"lineup/starter change, price move through pass threshold, roof/weather change, or missing pitch-type/Statcast source conflict",,,0.227,0.454,0.364
90.2,0.248,0.091,,R,"4-Seam Fastball: batter est_wOBA 0.431, est_SLG 0.498, pitcher allowed est_wOBA 0.487; Slider: batter est_wOBA 0.479, est_SLG 0.510, pitcher allowed est_wOBA 0.225",unavailable,0.174825,,,,,,,,,,,BvP fetch not used in model; point-in-time safe history unavailable,,7.5,7.5,unavailable,LAD@STL,0.466,unavailable,unavailable,4,-8.14,+2035,0.046829,0.128205,valid,+680,0.174,0.153846,"{""avg"": 0.3191489361702128, ""games"": 13, ""hr_rate"": 0.05, ""ops"": 0.9624113475177305, ""pa"": 60, ""slg"": 0.5957446808510638, ""tb_rate"": 0.4666666666666667}","{""avg"": 0.26666666666666666, ""games"": 26, ""hr_rate"": 0.03305785123966942, ""ops"": 0.8439853076216712, ""pa"": 121, ""slg"": 0.45555555555555555, ""tb_rate"": 0.33884297520661155}","{""avg"": 0.3181818181818182, ""games"": 7, ""hr_rate"": 0.03125, ""ops"": 1.0284090909090908, ""pa"": 32, ""slg"": 0.5909090909090909, ""tb_rate"": 0.40625}",10.5,2,official_mlb_schedule,High,0.42,LAD,R,4-Seam Fastball 40.1%; Slider 32.6%; Changeup 17.7%; Curveball 9.6%,0.842,143,"4-Seam Fastball: batter est_wOBA 0.431, est_SLG 0.498, pitcher allowed est_wOBA 0.487; Slider: batter est_wOBA 0.479, est_SLG 0.510, pitcher allowed est_wOBA 0.225",favorable,"4-Seam Fastball: batter est_wOBA 0.431, est_SLG 0.498, pitcher allowed est_wOBA 0.487; Slider: batter est_wOBA 0.479, est_SLG 0.510, pitcher allowed est_wOBA 0.225",671056,Iván Herrera,DH,PASS,PASS,0.422,unavailable,unavailable,,Emmet Sheehan,0.295,-10.41,+229,0.304076,0.408163,STL,R,1.5,valid,+145,"lineup/starter change, price move through pass threshold, roof/weather change, or missing pitch-type/Statcast source conflict",,,0.269,0.453,0.392
91.5,0.277,0.118,,L,"4-Seam Fastball: batter est_wOBA 0.445, est_SLG 0.705, pitcher allowed est_wOBA 0.487; Slider: batter est_wOBA 0.412, est_SLG 0.719, pitcher allowed est_wOBA 0.225",unavailable,0.111111,,,,,,,,,,,BvP fetch not used in model; point-in-time safe history unavailable,,7.5,7.5,unavailable,LAD@STL,0.471,unavailable,unavailable,4,-8.05,+1558,0.060327,0.140845,valid,+610,0.168,0.133333,"{""avg"": 0.27450980392156865, ""games"": 12, ""hr_rate"": 0.03636363636363636, ""ops"": 0.8174688057040997, ""pa"": 55, ""slg"": 0.49019607843137253, ""tb_rate"": 0.45454545454545453}","{""avg"": 0.2647058823529412, ""games"": 25, ""hr_rate"": 0.02654867256637168, ""ops"": 0.7578518132916884, ""pa"": 113, ""slg"": 0.4215686274509804, ""tb_rate"": 0.3805309734513274}","{""avg"": 0.27586206896551724, ""games"": 7, ""hr_rate"": 0.03125, ""ops"": 0.7920258620689655, ""pa"": 32, ""slg"": 0.4482758620689655, ""tb_rate"": 0.40625}",7.8,3,official_mlb_schedule,High,0.356,LAD,R,4-Seam Fastball 40.1%; Slider 32.6%; Changeup 17.7%; Curveball 9.6%,0.801,135,"4-Seam Fastball: batter est_wOBA 0.445, est_SLG 0.705, pitcher allowed est_wOBA 0.487; Slider: batter est_wOBA 0.412, est_SLG 0.719, pitcher allowed est_wOBA 0.225",favorable,"4-Seam Fastball: batter est_wOBA 0.445, est_SLG 0.705, pitcher allowed est_wOBA 0.487; Slider: batter est_wOBA 0.412, est_SLG 0.719, pitcher allowed est_wOBA 0.225",676475,Alec Burleson,1B,PASS,PASS,0.445,unavailable,unavailable,,Emmet Sheehan,0.304,-7.95,+197,0.33719,0.416667,STL,L,1.5,valid,+140,"lineup/starter change, price move through pass threshold, roof/weather change, or missing pitch-type/Statcast source conflict",,,0.278,0.558,0.386
95.5,0.284,0.211,,R,"4-Seam Fastball: batter est_wOBA 0.393, est_SLG 0.618, pitcher allowed est_wOBA 0.487; Slider: batter est_wOBA 0.609, est_SLG 1.000, pitcher allowed est_wOBA 0.225",unavailable,0.092308,,,,,,,,,,,BvP fetch not used in model; point-in-time safe history unavailable,,7.5,7.5,unavailable,LAD@STL,0.592,unavailable,unavailable,9,-5.09,+1036,0.087997,0.138889,valid,+620,0.268,0.315385,"{""avg"": 0.23404255319148937, ""games"": 12, ""hr_rate"": 0.01818181818181818, ""ops"": 0.6282398452611219, ""pa"": 55, ""slg"": 0.3191489361702128, ""tb_rate"": 0.2727272727272727}","{""avg"": 0.2828282828282828, ""games"": 25, ""hr_rate"": 0.07272727272727272, ""ops"": 0.8818181818181818, ""pa"": 110, ""slg"": 0.5454545454545454, ""tb_rate"": 0.4909090909090909}","{""avg"": 0.25925925925925924, ""games"": 7, ""hr_rate"": 0.03125, ""ops"": 0.6828703703703703, ""pa"": 32, ""slg"": 0.37037037037037035, ""tb_rate"": 0.3125}",13.0,4,official_mlb_schedule,High,0.354,LAD,R,4-Seam Fastball 40.1%; Slider 32.6%; Changeup 17.7%; Curveball 9.6%,0.906,130,"4-Seam Fastball: batter est_wOBA 0.393, est_SLG 0.618, pitcher allowed est_wOBA 0.487; Slider: batter est_wOBA 0.609, est_SLG 1.000, pitcher allowed est_wOBA 0.225",favorable,"4-Seam Fastball: batter est_wOBA 0.393, est_SLG 0.618, pitcher allowed est_wOBA 0.487; Slider: batter est_wOBA 0.609, est_SLG 1.000, pitcher allowed est_wOBA 0.225",691023,Jordan Walker,RF,PASS,PASS,0.552,unavailable,unavailable,,Emmet Sheehan,0.395,-4.39,+193,0.340731,0.384615,STL,R,1.5,valid,+160,"lineup/starter change, price move through pass threshold, roof/weather change, or missing pitch-type/Statcast source conflict",,,0.268,0.549,0.384
87.5,0.223,0.055,,L,"4-Seam Fastball: batter est_wOBA 0.411, est_SLG 0.598, pitcher allowed est_wOBA 0.487; Slider: batter est_wOBA 0.478, est_SLG 0.667, pitcher allowed est_wOBA 0.225",unavailable,0.094017,,,,,,,,,,,BvP fetch not used in model; point-in-time safe history unavailable,,7.5,7.5,unavailable,LAD@STL,0.411,unavailable,unavailable,4,-11.79,+7226,0.01365,0.131579,valid,+660,0.136,0.282051,"{""avg"": 0.24, ""games"": 13, ""hr_rate"": 0.03636363636363636, ""ops"": 0.6909090909090909, ""pa"": 55, ""slg"": 0.4, ""tb_rate"": 0.36363636363636365}","{""avg"": 0.2235294117647059, ""games"": 25, ""hr_rate"": 0.020202020202020204, ""ops"": 0.6206773618538324, ""pa"": 99, ""slg"": 0.3176470588235294, ""tb_rate"": 0.2727272727272727}","{""avg"": 0.2692307692307692, ""games"": 7, ""hr_rate"": 0.034482758620689655, ""ops"": 0.73342175066313, ""pa"": 29, ""slg"": 0.4230769230769231, ""tb_rate"": 0.3793103448275862}",19.2,5,official_mlb_schedule,High,0.291,LAD,R,4-Seam Fastball 40.1%; Slider 32.6%; Changeup 17.7%; Curveball 9.6%,0.65,117,"4-Seam Fastball: batter est_wOBA 0.411, est_SLG 0.598, pitcher allowed est_wOBA 0.487; Slider: batter est_wOBA 0.478, est_SLG 0.667, pitcher allowed est_wOBA 0.225",favorable,"4-Seam Fastball: batter est_wOBA 0.411, est_SLG 0.598, pitcher allowed est_wOBA 0.487; Slider: batter est_wOBA 0.478, est_SLG 0.667, pitcher allowed est_wOBA 0.225",669357,Nolan Gorman,3B,PASS,PASS,0.359,unavailable,unavailable,,Emmet Sheehan,0.356,-14.59,+500,0.166558,0.3125,STL,R,1.5,valid,+220,"lineup/starter change, price move through pass threshold, roof/weather change, or missing pitch-type/Statcast source conflict",,,0.206,0.364,0.279
86.0,0.253,0.027,,R,"4-Seam Fastball: batter est_wOBA 0.295, est_SLG 0.291, pitcher allowed est_wOBA 0.487; Slider: batter est_wOBA 0.305, est_SLG 0.195, pitcher allowed est_wOBA 0.225",unavailable,0.097345,,,,,,,,,,,BvP fetch not used in model; point-in-time safe history unavailable,,7.5,7.5,unavailable,LAD@STL,0.267,unavailable,unavailable,1,-6.74,+24900,0.004,0.071429,valid,+1300,0.101,0.221239,"{""avg"": 0.3137254901960784, ""games"": 12, ""hr_rate"": 0.018518518518518517, ""ops"": 0.7843137254901961, ""pa"": 54, ""slg"": 0.45098039215686275, ""tb_rate"": 0.42592592592592593}","{""avg"": 0.28205128205128205, ""games"": 21, ""hr_rate"": 0.01098901098901099, ""ops"": 0.7362637362637363, ""pa"": 91, ""slg"": 0.38461538461538464, ""tb_rate"": 0.32967032967032966}","{""avg"": 0.2413793103448276, ""games"": 7, ""hr_rate"": 0.0, ""ops"": 0.5317018909899889, ""pa"": 31, ""slg"": 0.2413793103448276, ""tb_rate"": 0.22580645161290322}",16.6,6,official_mlb_schedule,High,0.336,LAD,R,4-Seam Fastball 40.1%; Slider 32.6%; Changeup 17.7%; Curveball 9.6%,0.69,113,"4-Seam Fastball: batter est_wOBA 0.295, est_SLG 0.291, pitcher allowed est_wOBA 0.487; Slider: batter est_wOBA 0.305, est_SLG 0.195, pitcher allowed est_wOBA 0.225",neutral,"4-Seam Fastball: batter est_wOBA 0.295, est_SLG 0.291, pitcher allowed est_wOBA 0.487; Slider: batter est_wOBA 0.305, est_SLG 0.195, pitcher allowed est_wOBA 0.225",691026,Masyn Winn,SS,PASS,PASS,0.354,unavailable,unavailable,,Emmet Sheehan,0.36,-20.55,+682,0.127851,0.333333,STL,R,1.5,valid,+200,"lineup/starter change, price move through pass threshold, roof/weather change, or missing pitch-type/Statcast source conflict",,,0.251,0.321,0.3
87.1,0.235,0.138,,L,"4-Seam Fastball: batter est_wOBA 0.267, est_SLG 0.320, pitcher allowed est_wOBA 0.487; Slider: batter est_wOBA 0.221, est_SLG 0.321, pitcher allowed est_wOBA 0.225",unavailable,0.043478,,,,,,,,,,,BvP fetch not used in model; point-in-time safe history unavailable,,7.5,7.5,unavailable,LAD@STL,0.385,unavailable,unavailable,5,-3.78,+1587,0.05928,0.097087,valid,+930,0.2,0.23913,"{""avg"": 0.2608695652173913, ""games"": 12, ""hr_rate"": 0.08, ""ops"": 0.8434782608695652, ""pa"": 50, ""slg"": 0.5434782608695652, ""tb_rate"": 0.5}","{""avg"": 0.2463768115942029, ""games"": 24, ""hr_rate"": 0.06578947368421052, ""ops"": 0.7690694126620901, ""pa"": 76, ""slg"": 0.4927536231884058, ""tb_rate"": 0.4473684210526316}","{""avg"": 0.23333333333333334, ""games"": 7, ""hr_rate"": 0.0967741935483871, ""ops"": 0.7924731182795699, ""pa"": 31, ""slg"": 0.5666666666666667, ""tb_rate"": 0.5483870967741935}",11.9,7,official_mlb_schedule,High,0.272,LAD,R,4-Seam Fastball 40.1%; Slider 32.6%; Changeup 17.7%; Curveball 9.6%,0.707,92,"4-Seam Fastball: batter est_wOBA 0.267, est_SLG 0.320, pitcher allowed est_wOBA 0.487; Slider: batter est_wOBA 0.221, est_SLG 0.321, pitcher allowed est_wOBA 0.225",neutral,"4-Seam Fastball: batter est_wOBA 0.267, est_SLG 0.320, pitcher allowed est_wOBA 0.487; Slider: batter est_wOBA 0.221, est_SLG 0.321, pitcher allowed est_wOBA 0.225",701675,Nathan Church,LF,PASS,PASS,0.435,unavailable,unavailable,,Emmet Sheehan,0.354,-3.6,+267,0.272627,0.308642,STL,L,1.5,valid,+224,"lineup/starter change, price move through pass threshold, roof/weather change, or missing pitch-type/Statcast source conflict",,,0.24,0.455,0.313
84.9,0.262,0.078,,R,"4-Seam Fastball: batter est_wOBA 0.338, est_SLG 0.498, pitcher allowed est_wOBA 0.487; Slider: batter est_wOBA 0.297, est_SLG 0.432, pitcher allowed est_wOBA 0.225",unavailable,0.041667,,,,,,,,,,,BvP fetch not used in model; point-in-time safe history unavailable,,7.5,7.5,unavailable,LAD@STL,0.314,unavailable,unavailable,3,-6.11,+3875,0.025155,0.086207,valid,+1060,0.169,0.222222,"{""avg"": 0.3225806451612903, ""games"": 8, ""hr_rate"": 0.06060606060606061, ""ops"": 0.9120234604105572, ""pa"": 33, ""slg"": 0.5483870967741935, ""tb_rate"": 0.5151515151515151}","{""avg"": 0.25925925925925924, ""games"": 16, ""hr_rate"": 0.03278688524590164, ""ops"": 0.6860959319975712, ""pa"": 61, ""slg"": 0.4074074074074074, ""tb_rate"": 0.36065573770491804}","{""avg"": 0.4375, ""games"": 4, ""hr_rate"": 0.11764705882352941, ""ops"": 1.2830882352941178, ""pa"": 17, ""slg"": 0.8125, ""tb_rate"": 0.7647058823529411}",10.9,8,official_mlb_schedule,High,0.31,LAD,R,4-Seam Fastball 40.1%; Slider 32.6%; Changeup 17.7%; Curveball 9.6%,0.741,72,"4-Seam Fastball: batter est_wOBA 0.338, est_SLG 0.498, pitcher allowed est_wOBA 0.487; Slider: batter est_wOBA 0.297, est_SLG 0.432, pitcher allowed est_wOBA 0.225",neutral,"4-Seam Fastball: batter est_wOBA 0.338, est_SLG 0.498, pitcher allowed est_wOBA 0.487; Slider: batter est_wOBA 0.297, est_SLG 0.432, pitcher allowed est_wOBA 0.225",686780,Pedro Pagés,C,PASS,PASS,0.431,unavailable,unavailable,,Emmet Sheehan,0.333,-9.73,+365,0.215209,0.3125,STL,R,1.5,valid,+220,"lineup/starter change, price move through pass threshold, roof/weather change, or missing pitch-type/Statcast source conflict",,,0.236,0.396,0.298
87.5,0.179,0.017,,L,"4-Seam Fastball: batter est_wOBA 0.192, est_SLG 0.134, pitcher allowed est_wOBA 0.487; Slider: batter est_wOBA 0.226, est_SLG 0.277, pitcher allowed est_wOBA 0.225",unavailable,0.065217,,,,,,,,,,,BvP fetch not used in model; point-in-time safe history unavailable,,7.5,7.5,unavailable,LAD@STL,0.267,unavailable,unavailable,1,-5.62,+24900,0.004,0.060241,valid,+1560,0.052,0.271739,"{""avg"": 0.06451612903225806, ""games"": 12, ""hr_rate"": 0.027777777777777776, ""ops"": 0.3001792114695341, ""pa"": 36, ""slg"": 0.16129032258064516, ""tb_rate"": 0.1388888888888889}","{""avg"": 0.11290322580645161, ""games"": 25, ""hr_rate"": 0.013513513513513514, ""ops"": 0.33696599825632084, ""pa"": 74, ""slg"": 0.16129032258064516, ""tb_rate"": 0.13513513513513514}","{""avg"": 0.11764705882352941, ""games"": 6, ""hr_rate"": 0.05, ""ops"": 0.4441176470588235, ""pa"": 20, ""slg"": 0.29411764705882354, ""tb_rate"": 0.25}",2.6,9,official_mlb_schedule,High,0.244,LAD,R,4-Seam Fastball 40.1%; Slider 32.6%; Changeup 17.7%; Curveball 9.6%,0.475,92,"4-Seam Fastball: batter est_wOBA 0.192, est_SLG 0.134, pitcher allowed est_wOBA 0.487; Slider: batter est_wOBA 0.226, est_SLG 0.277, pitcher allowed est_wOBA 0.225",unfavorable,"4-Seam Fastball: batter est_wOBA 0.192, est_SLG 0.134, pitcher allowed est_wOBA 0.487; Slider: batter est_wOBA 0.226, est_SLG 0.277, pitcher allowed est_wOBA 0.225",687363,Victor Scott II,CF,PASS,PASS,0.231,unavailable,unavailable,,Emmet Sheehan,0.233,-20.04,+1567,0.06,0.260417,STL,L,1.5,valid,+284,"lineup/starter change, price move through pass threshold, roof/weather change, or missing pitch-type/Statcast source conflict",,,0.214,0.288,0.257
89.1,0.24,0.13,,R,"4-Seam Fastball: batter est_wOBA 0.283, est_SLG 0.311, pitcher allowed est_wOBA 0.330; Sinker: batter est_wOBA 0.420, est_SLG 0.605, pitcher allowed est_wOBA 0.355",unavailable,0.131034,,,,,,,,,,,BvP fetch not used in model; point-in-time safe history unavailable,,7.5,7.5,unavailable,ATL@COL,0.424,unavailable,unavailable,2,-14.06,+1303,0.071259,0.211864,valid,+372,0.132,0.213793,"{""avg"": 0.22916666666666666, ""games"": 13, ""hr_rate"": 0.016666666666666666, ""ops"": 0.6875, ""pa"": 60, ""slg"": 0.3541666666666667, ""tb_rate"": 0.2833333333333333}","{""avg"": 0.2524271844660194, ""games"": 27, ""hr_rate"": 0.016260162601626018, ""ops"": 0.7395216670613308, ""pa"": 123, ""slg"": 0.39805825242718446, ""tb_rate"": 0.3333333333333333}","{""avg"": 0.2727272727272727, ""games"": 6, ""hr_rate"": 0.037037037037037035, ""ops"": 0.9528619528619529, ""pa"": 27, ""slg"": 0.5454545454545454, ""tb_rate"": 0.4444444444444444}",16.3,1,official_mlb_schedule,High,0.352,COL,L,4-Seam Fastball 30.5%; Sinker 21.0%; Changeup 20.4%; Curveball 15.5%,0.724,145,"4-Seam Fastball: batter est_wOBA 0.283, est_SLG 0.311, pitcher allowed est_wOBA 0.330; Sinker: batter est_wOBA 0.420, est_SLG 0.605, pitcher allowed est_wOBA 0.355",neutral,"4-Seam Fastball: batter est_wOBA 0.283, est_SLG 0.311, pitcher allowed est_wOBA 0.330; Sinker: batter est_wOBA 0.420, est_SLG 0.605, pitcher allowed est_wOBA 0.355",660670,Ronald Acuña Jr.,RF,PASS,PASS,0.372,unavailable,unavailable,,Jose Quintana,0.315,-25.43,+222,0.310892,0.565217,ATL,R,1.5,valid,-130,"lineup/starter change, price move through pass threshold, roof/weather change, or missing pitch-type/Statcast source conflict",,,0.256,0.479,0.375
90.9,0.308,0.137,,L,"4-Seam Fastball: batter est_wOBA 0.564, est_SLG 0.893, pitcher allowed est_wOBA 0.330; Sinker: batter est_wOBA 0.485, est_SLG 0.643, pitcher allowed est_wOBA 0.355",unavailable,0.09589,,,,,,,,,,,BvP fetch not used in model; point-in-time safe history unavailable,,7.5,7.5,unavailable,ATL@COL,0.49,unavailable,unavailable,7,-6.44,+846,0.105677,0.170068,valid,+488,0.192,0.191781,"{""avg"": 0.28846153846153844, ""games"": 13, ""hr_rate"": 0.03333333333333333, ""ops"": 0.8064102564102564, ""pa"": 60, ""slg"": 0.4230769230769231, ""tb_rate"": 0.36666666666666664}","{""avg"": 0.3153153153153153, ""games"": 27, ""hr_rate"": 0.03225806451612903, ""ops"": 0.8304272013949434, ""pa"": 124, ""slg"": 0.4594594594594595, ""tb_rate"": 0.4112903225806452}","{""avg"": 0.2608695652173913, ""games"": 6, ""hr_rate"": 0.0, ""ops"": 0.6070234113712374, ""pa"": 26, ""slg"": 0.2608695652173913, ""tb_rate"": 0.23076923076923078}",11.4,2,official_mlb_schedule,High,0.384,COL,L,4-Seam Fastball 30.5%; Sinker 21.0%; Changeup 20.4%; Curveball 15.5%,0.884,146,"4-Seam Fastball: batter est_wOBA 0.564, est_SLG 0.893, pitcher allowed est_wOBA 0.330; Sinker: batter est_wOBA 0.485, est_SLG 0.643, pitcher allowed est_wOBA 0.355",favorable,"4-Seam Fastball: batter est_wOBA 0.564, est_SLG 0.893, pitcher allowed est_wOBA 0.330; Sinker: batter est_wOBA 0.485, est_SLG 0.643, pitcher allowed est_wOBA 0.355",686948,Drake Baldwin,DH,PASS,PASS,0.5,unavailable,unavailable,,Jose Quintana,0.412,-14.06,+135,0.42464,0.565217,ATL,R,1.5,valid,-130,"lineup/starter change, price move through pass threshold, roof/weather change, or missing pitch-type/Statcast source conflict",,,0.299,0.543,0.394
87.0,0.323,0.045,,S,"4-Seam Fastball: batter est_wOBA 0.464, est_SLG 0.687, pitcher allowed est_wOBA 0.330; Sinker: batter est_wOBA 0.273, est_SLG 0.381, pitcher allowed est_wOBA 0.355",unavailable,0.066176,,,,,,,,,,,BvP fetch not used in model; point-in-time safe history unavailable,,7.5,7.5,unavailable,ATL@COL,0.309,unavailable,unavailable,7,-8.52,+1079,0.084842,0.170068,valid,+488,0.217,0.117647,"{""avg"": 0.37254901960784315, ""games"": 13, ""hr_rate"": 0.05357142857142857, ""ops"": 1.0577731092436975, ""pa"": 56, ""slg"": 0.6470588235294118, ""tb_rate"": 0.5892857142857143}","{""avg"": 0.3238095238095238, ""games"": 27, ""hr_rate"": 0.05172413793103448, ""ops"": 0.9144499178981937, ""pa"": 116, ""slg"": 0.5523809523809524, ""tb_rate"": 0.5}","{""avg"": 0.43478260869565216, ""games"": 6, ""hr_rate"": 0.08, ""ops"": 1.3060869565217392, ""pa"": 25, ""slg"": 0.8260869565217391, ""tb_rate"": 0.76}",16.4,3,official_mlb_schedule,High,0.368,COL,L,4-Seam Fastball 30.5%; Sinker 21.0%; Changeup 20.4%; Curveball 15.5%,0.908,136,"4-Seam Fastball: batter est_wOBA 0.464, est_SLG 0.687, pitcher allowed est_wOBA 0.330; Sinker: batter est_wOBA 0.273, est_SLG 0.381, pitcher allowed est_wOBA 0.355",neutral,"4-Seam Fastball: batter est_wOBA 0.464, est_SLG 0.687, pitcher allowed est_wOBA 0.330; Sinker: batter est_wOBA 0.273, est_SLG 0.381, pitcher allowed est_wOBA 0.355",645277,Ozzie Albies,2B,PASS,PASS,0.54,unavailable,unavailable,,Jose Quintana,0.373,-21.92,+168,0.372636,0.591837,ATL,R,1.5,valid,-145,"lineup/starter change, price move through pass threshold, roof/weather change, or missing pitch-type/Statcast source conflict",,,0.264,0.409,0.315
92.7,0.296,0.183,,L,"4-Seam Fastball: batter est_wOBA 0.509, est_SLG 0.822, pitcher allowed est_wOBA 0.330; Sinker: batter est_wOBA 0.393, est_SLG 0.572, pitcher allowed est_wOBA 0.355",unavailable,0.111888,,,,,,,,,,,BvP fetch not used in model; point-in-time safe history unavailable,,7.5,7.5,unavailable,ATL@COL,0.495,unavailable,unavailable,9,-12.15,+579,0.147352,0.268817,valid,+272,0.32,0.237762,"{""avg"": 0.3, ""games"": 13, ""hr_rate"": 0.06779661016949153, ""ops"": 0.9928813559322034, ""pa"": 59, ""slg"": 0.62, ""tb_rate"": 0.5254237288135594}","{""avg"": 0.3018867924528302, ""games"": 27, ""hr_rate"": 0.07317073170731707, ""ops"": 1.0424911796287775, ""pa"": 123, ""slg"": 0.660377358490566, ""tb_rate"": 0.5691056910569106}","{""avg"": 0.36363636363636365, ""games"": 6, ""hr_rate"": 0.07692307692307693, ""ops"": 1.1503496503496504, ""pa"": 26, ""slg"": 0.7272727272727273, ""tb_rate"": 0.6153846153846154}",16.5,4,official_mlb_schedule,High,0.371,COL,L,4-Seam Fastball 30.5%; Sinker 21.0%; Changeup 20.4%; Curveball 15.5%,0.987,143,"4-Seam Fastball: batter est_wOBA 0.509, est_SLG 0.822, pitcher allowed est_wOBA 0.330; Sinker: batter est_wOBA 0.393, est_SLG 0.572, pitcher allowed est_wOBA 0.355",favorable,"4-Seam Fastball: batter est_wOBA 0.509, est_SLG 0.822, pitcher allowed est_wOBA 0.330; Sinker: batter est_wOBA 0.393, est_SLG 0.572, pitcher allowed est_wOBA 0.355",621566,Matt Olson,1B,PASS,PASS,0.616,unavailable,unavailable,,Jose Quintana,0.355,-2.33,-109,0.522154,0.545455,ATL,R,1.5,valid,-120,"lineup/starter change, price move through pass threshold, roof/weather change, or missing pitch-type/Statcast source conflict",,,0.257,0.579,0.389
87.2,0.275,0.067,,R,"4-Seam Fastball: batter est_wOBA 0.258, est_SLG 0.362, pitcher allowed est_wOBA 0.330; Sinker: batter est_wOBA 0.334, est_SLG 0.356, pitcher allowed est_wOBA 0.355",unavailable,0.051282,,,,,,,,,,,BvP fetch not used in model; point-in-time safe history unavailable,,7.5,7.5,unavailable,ATL@COL,0.315,unavailable,unavailable,2,-9.48,+2493,0.038558,0.133333,valid,+650,0.147,0.17094,"{""avg"": 0.18604651162790697, ""games"": 12, ""hr_rate"": 0.0, ""ops"": 0.491835724888669, ""pa"": 47, ""slg"": 0.27906976744186046, ""tb_rate"": 0.2553191489361702}","{""avg"": 0.25263157894736843, ""games"": 26, ""hr_rate"": 0.0196078431372549, ""ops"": 0.6948400412796698, ""pa"": 102, ""slg"": 0.4105263157894737, ""tb_rate"": 0.38235294117647056}","{""avg"": 0.25, ""games"": 6, ""hr_rate"": 0.0, ""ops"": 0.6727272727272727, ""pa"": 22, ""slg"": 0.4, ""tb_rate"": 0.36363636363636365}",17.1,5,official_mlb_schedule,High,0.325,COL,L,4-Seam Fastball 30.5%; Sinker 21.0%; Changeup 20.4%; Curveball 15.5%,0.747,117,"4-Seam Fastball: batter est_wOBA 0.258, est_SLG 0.362, pitcher allowed est_wOBA 0.330; Sinker: batter est_wOBA 0.334, est_SLG 0.356, pitcher allowed est_wOBA 0.355",neutral,"4-Seam Fastball: batter est_wOBA 0.258, est_SLG 0.362, pitcher allowed est_wOBA 0.330; Sinker: batter est_wOBA 0.334, est_SLG 0.356, pitcher allowed est_wOBA 0.355",643289,Mauricio Dubón,CF,PASS,PASS,0.422,unavailable,unavailable,,Jose Quintana,0.337,-28.42,+391,0.203576,0.487805,ATL,R,1.5,valid,+105,"lineup/starter change, price move through pass threshold, roof/weather change, or missing pitch-type/Statcast source conflict",,,0.252,0.385,0.303
90.0,0.19,0.08,,R,"4-Seam Fastball: batter est_wOBA 0.362, est_SLG 0.456, pitcher allowed est_wOBA 0.330; Sinker: batter est_wOBA 0.275, est_SLG 0.288, pitcher allowed est_wOBA 0.355",unavailable,0.088889,,,,,,,,,,,BvP fetch not used in model; point-in-time safe history unavailable,,7.5,7.5,unavailable,ATL@COL,0.432,unavailable,unavailable,3,-15.78,+1748,0.054105,0.211864,valid,+372,0.124,0.244444,"{""avg"": 0.13725490196078433, ""games"": 13, ""hr_rate"": 0.03571428571428571, ""ops"": 0.4726890756302521, ""pa"": 56, ""slg"": 0.29411764705882354, ""tb_rate"": 0.26785714285714285}","{""avg"": 0.18446601941747573, ""games"": 27, ""hr_rate"": 0.02608695652173913, ""ops"": 0.582271000422119, ""pa"": 115, ""slg"": 0.3300970873786408, ""tb_rate"": 0.2956521739130435}","{""avg"": 0.045454545454545456, ""games"": 6, ""hr_rate"": 0.0, ""ops"": 0.13438735177865613, ""pa"": 23, ""slg"": 0.09090909090909091, ""tb_rate"": 0.08695652173913043}",18.4,6,official_mlb_schedule,High,0.274,COL,L,4-Seam Fastball 30.5%; Sinker 21.0%; Changeup 20.4%; Curveball 15.5%,0.588,135,"4-Seam Fastball: batter est_wOBA 0.362, est_SLG 0.456, pitcher allowed est_wOBA 0.330; Sinker: batter est_wOBA 0.275, est_SLG 0.288, pitcher allowed est_wOBA 0.355",neutral,"4-Seam Fastball: batter est_wOBA 0.362, est_SLG 0.456, pitcher allowed est_wOBA 0.330; Sinker: batter est_wOBA 0.275, est_SLG 0.288, pitcher allowed est_wOBA 0.355",663586,Austin Riley,3B,PASS,PASS,0.314,unavailable,unavailable,,Jose Quintana,0.261,-33.16,+392,0.203296,0.534884,ATL,R,1.5,valid,-115,"lineup/starter change, price move through pass threshold, roof/weather change, or missing pitch-type/Statcast source conflict",,,0.208,0.353,0.288
,0.195,,,R,"4-Seam Fastball: batter est_wOBA 0.318, est_SLG 0.439, pitcher allowed est_wOBA 0.330; Sinker: batter est_wOBA 0.270, est_SLG 0.422, pitcher allowed est_wOBA 0.355",unavailable,0.023256,,,,,,,,,,,BvP fetch not used in model; point-in-time safe history unavailable,,7.5,7.5,unavailable,ATL@COL,,unavailable,unavailable,2,-8.2,+1182,0.078022,0.16,valid,+525,0.171,0.186047,"{""avg"": 0.21428571428571427, ""games"": 11, ""hr_rate"": 0.07142857142857142, ""ops"": 0.6428571428571428, ""pa"": 28, ""slg"": 0.42857142857142855, ""tb_rate"": 0.42857142857142855}","{""avg"": 0.19444444444444445, ""games"": 15, ""hr_rate"": 0.05405405405405406, ""ops"": 0.5780780780780781, ""pa"": 37, ""slg"": 0.3888888888888889, ""tb_rate"": 0.3783783783783784}","{""avg"": 0.2, ""games"": 5, ""hr_rate"": 0.06666666666666667, ""ops"": 0.6000000000000001, ""pa"": 15, ""slg"": 0.4, ""tb_rate"": 0.4}",,7,official_mlb_schedule,High,0.209,COL,L,4-Seam Fastball 30.5%; Sinker 21.0%; Changeup 20.4%; Curveball 15.5%,0.575,43,"4-Seam Fastball: batter est_wOBA 0.318, est_SLG 0.439, pitcher allowed est_wOBA 0.330; Sinker: batter est_wOBA 0.270, est_SLG 0.422, pitcher allowed est_wOBA 0.355",neutral,"4-Seam Fastball: batter est_wOBA 0.318, est_SLG 0.439, pitcher allowed est_wOBA 0.330; Sinker: batter est_wOBA 0.270, est_SLG 0.422, pitcher allowed est_wOBA 0.355",642201,Eli White,LF,PASS,PASS,0.366,unavailable,unavailable,,Jose Quintana,,-14.75,+253,0.283511,0.431034,ATL,R,1.5,valid,+132,"lineup/starter change, price move through pass threshold, roof/weather change, or missing pitch-type/Statcast source conflict",,,,,
,0.219,,,S,"4-Seam Fastball: batter est_wOBA 0.408, est_SLG 0.457, pitcher allowed est_wOBA 0.330; Sinker: batter est_wOBA 0.004, est_SLG 0.004, pitcher allowed est_wOBA 0.355",unavailable,0.111111,,,,,,,,,,,BvP fetch not used in model; point-in-time safe history unavailable,,7.5,7.5,unavailable,ATL@COL,,unavailable,unavailable,0,-11.1,+1940,0.049008,0.16,valid,+525,0.094,0.138889,"{""avg"": 0.3076923076923077, ""games"": 4, ""hr_rate"": 0.0, ""ops"": 0.8186813186813187, ""pa"": 14, ""slg"": 0.46153846153846156, ""tb_rate"": 0.42857142857142855}","{""avg"": 0.25925925925925924, ""games"": 8, ""hr_rate"": 0.0, ""ops"": 0.656084656084656, ""pa"": 28, ""slg"": 0.37037037037037035, ""tb_rate"": 0.35714285714285715}","{""avg"": 0.0, ""games"": 1, ""hr_rate"": 0.0, ""ops"": 0.0, ""pa"": 2, ""slg"": 0.0, ""tb_rate"": 0.0}",,8,official_mlb_schedule,High,0.306,COL,L,4-Seam Fastball 30.5%; Sinker 21.0%; Changeup 20.4%; Curveball 15.5%,0.619,36,"4-Seam Fastball: batter est_wOBA 0.408, est_SLG 0.457, pitcher allowed est_wOBA 0.330; Sinker: batter est_wOBA 0.004, est_SLG 0.004, pitcher allowed est_wOBA 0.355",neutral,"4-Seam Fastball: batter est_wOBA 0.408, est_SLG 0.457, pitcher allowed est_wOBA 0.330; Sinker: batter est_wOBA 0.004, est_SLG 0.004, pitcher allowed est_wOBA 0.355",641680,Jonah Heim,C,PASS,PASS,0.313,unavailable,unavailable,,Jose Quintana,,-17.29,+242,0.292176,0.465116,ATL,R,1.5,valid,+115,"lineup/starter change, price move through pass threshold, roof/weather change, or missing pitch-type/Statcast source conflict",,,,,
,0.267,,,R,"4-Seam Fastball: batter est_wOBA 0.531, est_SLG 0.608, pitcher allowed est_wOBA 0.330; Sinker: batter est_wOBA 0.286, est_SLG 0.180, pitcher allowed est_wOBA 0.355",unavailable,0.0625,,,,,,,,,,,BvP fetch not used in model; point-in-time safe history unavailable,,7.5,7.5,unavailable,ATL@COL,,unavailable,unavailable,1,-10.23,+2157,0.044299,0.146628,valid,+582,0.133,0.40625,"{""avg"": 0.07142857142857142, ""games"": 8, ""hr_rate"": 0.0, ""ops"": 0.20476190476190476, ""pa"": 15, ""slg"": 0.07142857142857142, ""tb_rate"": 0.06666666666666667}","{""avg"": 0.2962962962962963, ""games"": 15, ""hr_rate"": 0.034482758620689655, ""ops"": 0.789272030651341, ""pa"": 29, ""slg"": 0.4444444444444444, ""tb_rate"": 0.41379310344827586}","{""avg"": 0.14285714285714285, ""games"": 5, ""hr_rate"": 0.0, ""ops"": 0.2857142857142857, ""pa"": 7, ""slg"": 0.14285714285714285, ""tb_rate"": 0.14285714285714285}",,9,official_mlb_schedule,High,0.313,COL,L,4-Seam Fastball 30.5%; Sinker 21.0%; Changeup 20.4%; Curveball 15.5%,0.713,32,"4-Seam Fastball: batter est_wOBA 0.531, est_SLG 0.608, pitcher allowed est_wOBA 0.330; Sinker: batter est_wOBA 0.286, est_SLG 0.180, pitcher allowed est_wOBA 0.355",favorable,"4-Seam Fastball: batter est_wOBA 0.531, est_SLG 0.608, pitcher allowed est_wOBA 0.330; Sinker: batter est_wOBA 0.286, est_SLG 0.180, pitcher allowed est_wOBA 0.355",622761,Jorge Mateo,SS,PASS,PASS,0.4,unavailable,unavailable,,Jose Quintana,,-22.44,+502,0.166247,0.390625,ATL,R,1.5,valid,+156,"lineup/starter change, price move through pass threshold, roof/weather change, or missing pitch-type/Statcast source conflict",,,,,
90.8,0.304,0.105,,L,"Slider: batter est_wOBA 0.408, est_SLG 0.587, pitcher allowed est_wOBA 0.293; 4-Seam Fastball: batter est_wOBA 0.380, est_SLG 0.466, pitcher allowed est_wOBA 0.374",unavailable,0.120879,,,,,,,,,,,BvP fetch not used in model; point-in-time safe history unavailable,,7.5,7.5,unavailable,ATL@COL,0.439,unavailable,unavailable,2,-7.35,+1208,0.076449,0.149925,valid,+567,0.139,0.241758,"{""avg"": 0.3611111111111111, ""games"": 10, ""hr_rate"": 0.023809523809523808, ""ops"": 0.9841269841269842, ""pa"": 42, ""slg"": 0.5555555555555556, ""tb_rate"": 0.47619047619047616}","{""avg"": 0.323943661971831, ""games"": 23, ""hr_rate"": 0.024096385542168676, ""ops"": 0.8744272866112337, ""pa"": 83, ""slg"": 0.4647887323943662, ""tb_rate"": 0.39759036144578314}","{""avg"": 0.46153846153846156, ""games"": 4, ""hr_rate"": 0.0625, ""ops"": 1.2692307692307692, ""pa"": 16, ""slg"": 0.7692307692307693, ""tb_rate"": 0.625}",6.4,1,official_mlb_schedule,High,0.396,ATL,R,Slider 38.9%; 4-Seam Fastball 37.4%; Curveball 10.4%; Sinker 6.3%,0.839,91,"Slider: batter est_wOBA 0.408, est_SLG 0.587, pitcher allowed est_wOBA 0.293; 4-Seam Fastball: batter est_wOBA 0.380, est_SLG 0.466, pitcher allowed est_wOBA 0.374",favorable,"Slider: batter est_wOBA 0.408, est_SLG 0.587, pitcher allowed est_wOBA 0.293; 4-Seam Fastball: batter est_wOBA 0.380, est_SLG 0.466, pitcher allowed est_wOBA 0.374",666397,Edouard Julien,2B,PASS,PASS,0.443,unavailable,unavailable,,Grant Holmes,0.439,-4.56,+157,0.389164,0.434783,COL,R,1.5,valid,+130,"lineup/starter change, price move through pass threshold, roof/weather change, or missing pitch-type/Statcast source conflict",,,0.283,0.488,0.379
89.8,0.315,0.123,,L,"Slider: batter est_wOBA 0.397, est_SLG 0.594, pitcher allowed est_wOBA 0.293; 4-Seam Fastball: batter est_wOBA 0.355, est_SLG 0.540, pitcher allowed est_wOBA 0.374",unavailable,0.061856,,,,,,,,,,,BvP fetch not used in model; point-in-time safe history unavailable,,7.5,7.5,unavailable,ATL@COL,0.369,unavailable,unavailable,8,-8.82,+794,0.111841,0.2,valid,+400,0.337,0.257732,"{""avg"": 0.3695652173913043, ""games"": 12, ""hr_rate"": 0.058823529411764705, ""ops"": 1.0856777493606138, ""pa"": 51, ""slg"": 0.6739130434782609, ""tb_rate"": 0.6078431372549019}","{""avg"": 0.3146067415730337, ""games"": 25, ""hr_rate"": 0.08247422680412371, ""ops"": 1.0022008571759526, ""pa"": 97, ""slg"": 0.651685393258427, ""tb_rate"": 0.5979381443298969}","{""avg"": 0.2857142857142857, ""games"": 6, ""hr_rate"": 0.0, ""ops"": 0.6933333333333334, ""pa"": 25, ""slg"": 0.3333333333333333, ""tb_rate"": 0.28}",24.6,2,official_mlb_schedule,High,0.361,ATL,R,Slider 38.9%; 4-Seam Fastball 37.4%; Curveball 10.4%; Sinker 6.3%,1.013,97,"Slider: batter est_wOBA 0.397, est_SLG 0.594, pitcher allowed est_wOBA 0.293; 4-Seam Fastball: batter est_wOBA 0.355, est_SLG 0.540, pitcher allowed est_wOBA 0.374",favorable,"Slider: batter est_wOBA 0.397, est_SLG 0.594, pitcher allowed est_wOBA 0.293; 4-Seam Fastball: batter est_wOBA 0.355, est_SLG 0.540, pitcher allowed est_wOBA 0.374",666160,Mickey Moniak,LF,PASS,PASS,0.652,unavailable,unavailable,,Grant Holmes,0.323,-8.64,+135,0.425806,0.512195,COL,R,1.5,valid,-105,"lineup/starter change, price move through pass threshold, roof/weather change, or missing pitch-type/Statcast source conflict",,,0.231,0.451,0.316
94.0,0.257,0.159,,R,"Slider: batter est_wOBA 0.313, est_SLG 0.492, pitcher allowed est_wOBA 0.293; 4-Seam Fastball: batter est_wOBA 0.259, est_SLG 0.368, pitcher allowed est_wOBA 0.374",unavailable,0.07438,,,,,,,,,,,BvP fetch not used in model; point-in-time safe history unavailable,,7.5,7.5,unavailable,ATL@COL,0.54,unavailable,unavailable,9,-9.79,+679,0.128309,0.226244,valid,+342,0.303,0.380165,"{""avg"": 0.2558139534883721, ""games"": 10, ""hr_rate"": 0.0851063829787234, ""ops"": 0.925779317169718, ""pa"": 47, ""slg"": 0.627906976744186, ""tb_rate"": 0.574468085106383}","{""avg"": 0.23595505617977527, ""games"": 24, ""hr_rate"": 0.08, ""ops"": 0.8517977528089888, ""pa"": 100, ""slg"": 0.5617977528089888, ""tb_rate"": 0.5}","{""avg"": 0.22727272727272727, ""games"": 5, ""hr_rate"": 0.125, ""ops"": 0.928030303030303, ""pa"": 24, ""slg"": 0.6363636363636364, ""tb_rate"": 0.5833333333333334}",24.7,3,official_mlb_schedule,High,0.331,ATL,R,Slider 38.9%; 4-Seam Fastball 37.4%; Curveball 10.4%; Sinker 6.3%,0.891,121,"Slider: batter est_wOBA 0.313, est_SLG 0.492, pitcher allowed est_wOBA 0.293; 4-Seam Fastball: batter est_wOBA 0.259, est_SLG 0.368, pitcher allowed est_wOBA 0.374",neutral,"Slider: batter est_wOBA 0.313, est_SLG 0.492, pitcher allowed est_wOBA 0.293; 4-Seam Fastball: batter est_wOBA 0.259, est_SLG 0.368, pitcher allowed est_wOBA 0.374",696100,Hunter Goodman,C,PASS,PASS,0.56,unavailable,unavailable,,Grant Holmes,0.381,-5.92,+127,0.440776,0.5,COL,R,1.5,valid,+100,"lineup/starter change, price move through pass threshold, roof/weather change, or missing pitch-type/Statcast source conflict",,,0.227,0.468,0.332
87.0,0.263,0.084,,L,"Slider: batter est_wOBA 0.340, est_SLG 0.515, pitcher allowed est_wOBA 0.293; 4-Seam Fastball: batter est_wOBA 0.427, est_SLG 0.589, pitcher allowed est_wOBA 0.374",unavailable,0.086614,,,,,,,,,,,BvP fetch not used in model; point-in-time safe history unavailable,,7.5,7.5,unavailable,ATL@COL,0.389,unavailable,unavailable,3,-7.44,+1939,0.049043,0.123457,valid,+710,0.149,0.15748,"{""avg"": 0.26, ""games"": 13, ""hr_rate"": 0.01818181818181818, ""ops"": 0.729090909090909, ""pa"": 55, ""slg"": 0.42, ""tb_rate"": 0.38181818181818183}","{""avg"": 0.22916666666666666, ""games"": 27, ""hr_rate"": 0.018691588785046728, ""ops"": 0.6543029595015576, ""pa"": 107, ""slg"": 0.3645833333333333, ""tb_rate"": 0.32710280373831774}","{""avg"": 0.2608695652173913, ""games"": 6, ""hr_rate"": 0.0, ""ops"": 0.681159420289855, ""pa"": 27, ""slg"": 0.34782608695652173, ""tb_rate"": 0.2962962962962963}",12.3,4,official_mlb_schedule,High,0.331,ATL,R,Slider 38.9%; 4-Seam Fastball 37.4%; Curveball 10.4%; Sinker 6.3%,0.743,127,"Slider: batter est_wOBA 0.340, est_SLG 0.515, pitcher allowed est_wOBA 0.293; 4-Seam Fastball: batter est_wOBA 0.427, est_SLG 0.589, pitcher allowed est_wOBA 0.374",favorable,"Slider: batter est_wOBA 0.340, est_SLG 0.515, pitcher allowed est_wOBA 0.293; 4-Seam Fastball: batter est_wOBA 0.427, est_SLG 0.589, pitcher allowed est_wOBA 0.374",681198,TJ Rumfield,1B,PASS,PASS,0.412,unavailable,unavailable,,Grant Holmes,0.379,-15.02,+247,0.288396,0.438596,COL,R,1.5,valid,+128,"lineup/starter change, price move through pass threshold, roof/weather change, or missing pitch-type/Statcast source conflict",,,0.272,0.443,0.341
,0.286,,,R,"Slider: batter est_wOBA 0.290, est_SLG 0.351, pitcher allowed est_wOBA 0.293; 4-Seam Fastball: batter est_wOBA 0.355, est_SLG 0.416, pitcher allowed est_wOBA 0.374",unavailable,0.030769,,,,,,,,,,,BvP fetch not used in model; point-in-time safe history unavailable,,5.8,7.5,unavailable,ATL@COL,,unavailable,unavailable,1,,+2322,0.041297,,missing,,0.071,0.107692,"{""avg"": 0.2692307692307692, ""games"": 8, ""hr_rate"": 0.03333333333333333, ""ops"": 0.6897435897435897, ""pa"": 30, ""slg"": 0.4230769230769231, ""tb_rate"": 0.36666666666666664}","{""avg"": 0.2857142857142857, ""games"": 18, ""hr_rate"": 0.015384615384615385, ""ops"": 0.634065934065934, ""pa"": 65, ""slg"": 0.35714285714285715, ""tb_rate"": 0.3076923076923077}","{""avg"": 0.26666666666666666, ""games"": 4, ""hr_rate"": 0.058823529411764705, ""ops"": 0.7019607843137254, ""pa"": 17, ""slg"": 0.4666666666666667, ""tb_rate"": 0.4117647058823529}",,5,official_mlb_schedule,High,0.355,ATL,R,Slider 38.9%; 4-Seam Fastball 37.4%; Curveball 10.4%; Sinker 6.3%,0.712,65,"Slider: batter est_wOBA 0.290, est_SLG 0.351, pitcher allowed est_wOBA 0.293; 4-Seam Fastball: batter est_wOBA 0.355, est_SLG 0.416, pitcher allowed est_wOBA 0.374",neutral,"Slider: batter est_wOBA 0.290, est_SLG 0.351, pitcher allowed est_wOBA 0.293; 4-Seam Fastball: batter est_wOBA 0.355, est_SLG 0.416, pitcher allowed est_wOBA 0.374",671289,Tyler Freeman,RF,WATCHLIST,PASS,0.357,unavailable,unavailable,,Grant Holmes,,-18.19,+298,0.25104,0.4329,COL,R,1.5,valid,+131,"lineup/starter change, price move through pass threshold, roof/weather change, or missing pitch-type/Statcast source conflict",,,,,
89.4,0.313,0.027,,L,"Slider: batter est_wOBA 0.298, est_SLG 0.439, pitcher allowed est_wOBA 0.293; 4-Seam Fastball: batter est_wOBA 0.369, est_SLG 0.454, pitcher allowed est_wOBA 0.374",unavailable,0.075472,,,,,,,,,,,BvP fetch not used in model; point-in-time safe history unavailable,,7.5,7.5,unavailable,ATL@COL,0.413,unavailable,unavailable,2,-8.98,+2501,0.03845,0.128205,valid,+680,0.135,0.207547,"{""avg"": 0.3333333333333333, ""games"": 12, ""hr_rate"": 0.0, ""ops"": 0.8099773242630386, ""pa"": 49, ""slg"": 0.4222222222222222, ""tb_rate"": 0.3877551020408163}","{""avg"": 0.3176470588235294, ""games"": 24, ""hr_rate"": 0.010526315789473684, ""ops"": 0.8037151702786378, ""pa"": 95, ""slg"": 0.43529411764705883, ""tb_rate"": 0.3894736842105263}","{""avg"": 0.2631578947368421, ""games"": 5, ""hr_rate"": 0.0, ""ops"": 0.6491228070175439, ""pa"": 21, ""slg"": 0.3157894736842105, ""tb_rate"": 0.2857142857142857}",10.8,6,official_mlb_schedule,High,0.371,ATL,R,Slider 38.9%; 4-Seam Fastball 37.4%; Curveball 10.4%; Sinker 6.3%,0.819,106,"Slider: batter est_wOBA 0.298, est_SLG 0.439, pitcher allowed est_wOBA 0.293; 4-Seam Fastball: batter est_wOBA 0.369, est_SLG 0.454, pitcher allowed est_wOBA 0.374",neutral,"Slider: batter est_wOBA 0.298, est_SLG 0.439, pitcher allowed est_wOBA 0.293; 4-Seam Fastball: batter est_wOBA 0.369, est_SLG 0.454, pitcher allowed est_wOBA 0.374",687859,Troy Johnston,DH,PASS,PASS,0.448,unavailable,unavailable,,Grant Holmes,0.453,-13.42,+250,0.285925,0.420168,COL,L,1.5,valid,+138,"lineup/starter change, price move through pass threshold, roof/weather change, or missing pitch-type/Statcast source conflict",,,0.263,0.398,0.321
88.5,0.247,0.083,,S,"Slider: batter est_wOBA 0.352, est_SLG 0.484, pitcher allowed est_wOBA 0.293; 4-Seam Fastball: batter est_wOBA 0.274, est_SLG 0.332, pitcher allowed est_wOBA 0.374",unavailable,0.082353,,,,,,,,,,,BvP fetch not used in model; point-in-time safe history unavailable,,7.5,7.5,unavailable,ATL@COL,0.438,unavailable,unavailable,1,-8.14,+2881,0.033542,0.114943,valid,+770,0.104,0.341176,"{""avg"": 0.3333333333333333, ""games"": 8, ""hr_rate"": 0.0, ""ops"": 0.7976190476190477, ""pa"": 24, ""slg"": 0.38095238095238093, ""tb_rate"": 0.3333333333333333}","{""avg"": 0.27586206896551724, ""games"": 19, ""hr_rate"": 0.015384615384615385, ""ops"": 0.7177718832891247, ""pa"": 65, ""slg"": 0.3793103448275862, ""tb_rate"": 0.3384615384615385}","{""avg"": 0.25, ""games"": 3, ""hr_rate"": 0.0, ""ops"": 0.7083333333333333, ""pa"": 9, ""slg"": 0.375, ""tb_rate"": 0.3333333333333333}",18.2,7,official_mlb_schedule,High,0.318,ATL,R,Slider 38.9%; 4-Seam Fastball 37.4%; Curveball 10.4%; Sinker 6.3%,0.669,85,"Slider: batter est_wOBA 0.352, est_SLG 0.484, pitcher allowed est_wOBA 0.293; 4-Seam Fastball: batter est_wOBA 0.274, est_SLG 0.332, pitcher allowed est_wOBA 0.374",neutral,"Slider: batter est_wOBA 0.352, est_SLG 0.484, pitcher allowed est_wOBA 0.293; 4-Seam Fastball: batter est_wOBA 0.274, est_SLG 0.332, pitcher allowed est_wOBA 0.374",650489,Willi Castro,3B,PASS,PASS,0.351,unavailable,unavailable,,Grant Holmes,0.313,-16.19,+314,0.241289,0.403226,COL,R,1.5,valid,+148,"lineup/starter change, price move through pass threshold, roof/weather change, or missing pitch-type/Statcast source conflict",,,0.207,0.354,0.283
87.1,0.202,0.076,,R,"Slider: batter est_wOBA 0.287, est_SLG 0.405, pitcher allowed est_wOBA 0.293; 4-Seam Fastball: batter est_wOBA 0.215, est_SLG 0.312, pitcher allowed est_wOBA 0.374",unavailable,0.041322,,,,,,,,,,,BvP fetch not used in model; point-in-time safe history unavailable,,7.5,7.5,unavailable,ATL@COL,0.367,unavailable,unavailable,1,-10.03,+11878,0.008349,0.108696,valid,+820,0.096,0.289256,"{""avg"": 0.14634146341463414, ""games"": 13, ""hr_rate"": 0.0, ""ops"": 0.352549889135255, ""pa"": 44, ""slg"": 0.17073170731707318, ""tb_rate"": 0.1590909090909091}","{""avg"": 0.17391304347826086, ""games"": 27, ""hr_rate"": 0.0, ""ops"": 0.4512516469038208, ""pa"": 99, ""slg"": 0.2391304347826087, ""tb_rate"": 0.2222222222222222}","{""avg"": 0.19047619047619047, ""games"": 6, ""hr_rate"": 0.0, ""ops"": 0.45134575569358176, ""pa"": 23, ""slg"": 0.19047619047619047, ""tb_rate"": 0.17391304347826086}",14.9,8,official_mlb_schedule,High,0.248,ATL,R,Slider 38.9%; 4-Seam Fastball 37.4%; Curveball 10.4%; Sinker 6.3%,0.546,121,"Slider: batter est_wOBA 0.287, est_SLG 0.405, pitcher allowed est_wOBA 0.293; 4-Seam Fastball: batter est_wOBA 0.215, est_SLG 0.312, pitcher allowed est_wOBA 0.374",unfavorable,"Slider: batter est_wOBA 0.287, est_SLG 0.405, pitcher allowed est_wOBA 0.293; 4-Seam Fastball: batter est_wOBA 0.215, est_SLG 0.312, pitcher allowed est_wOBA 0.374",678662,Ezequiel Tovar,SS,PASS,PASS,0.298,unavailable,unavailable,,Grant Holmes,0.43,-30.38,+786,0.112854,0.416667,COL,R,1.5,valid,+140,"lineup/starter change, price move through pass threshold, roof/weather change, or missing pitch-type/Statcast source conflict",,,0.233,0.368,0.284
,0.268,,,L,"Slider: batter est_wOBA 0.051, est_SLG 0.061, pitcher allowed est_wOBA 0.293; 4-Seam Fastball: batter est_wOBA 0.281, est_SLG 0.245, pitcher allowed est_wOBA 0.374",unavailable,0.075758,,,,,,,,,,,BvP fetch not used in model; point-in-time safe history unavailable,,7.5,7.5,unavailable,ATL@COL,,unavailable,unavailable,0,-4.13,+2356,0.040716,0.081967,valid,+1120,0.125,0.181818,"{""avg"": 0.38095238095238093, ""games"": 8, ""hr_rate"": 0.0, ""ops"": 0.9151138716356109, ""pa"": 23, ""slg"": 0.5238095238095238, ""tb_rate"": 0.4782608695652174}","{""avg"": 0.34210526315789475, ""games"": 19, ""hr_rate"": 0.0, ""ops"": 0.8829787234042553, ""pa"": 47, ""slg"": 0.5, ""tb_rate"": 0.40425531914893614}","{""avg"": 0.4444444444444444, ""games"": 4, ""hr_rate"": 0.0, ""ops"": 1.0101010101010102, ""pa"": 11, ""slg"": 0.5555555555555556, ""tb_rate"": 0.45454545454545453}",,9,official_mlb_schedule,High,0.333,ATL,R,Slider 38.9%; 4-Seam Fastball 37.4%; Curveball 10.4%; Sinker 6.3%,0.726,66,"Slider: batter est_wOBA 0.051, est_SLG 0.061, pitcher allowed est_wOBA 0.293; 4-Seam Fastball: batter est_wOBA 0.281, est_SLG 0.245, pitcher allowed est_wOBA 0.374",unfavorable,"Slider: batter est_wOBA 0.051, est_SLG 0.061, pitcher allowed est_wOBA 0.293; 4-Seam Fastball: batter est_wOBA 0.281, est_SLG 0.245, pitcher allowed est_wOBA 0.374",664983,Jake McCarthy,CF,PASS,PASS,0.393,unavailable,unavailable,,Grant Holmes,,-5.98,+233,0.299886,0.359712,COL,L,1.5,valid,+178,"lineup/starter change, price move through pass threshold, roof/weather change, or missing pitch-type/Statcast source conflict",,,,,
,,,,,missing player id,unavailable,,,,,,,,,,,,BvP fetch not used in model; point-in-time safe history unavailable,,6.0,6.0,unavailable,NYM@LAA,,unavailable,unavailable,,-10.17,+4189,0.023317,0.125,valid,+700,,,"{""avg"": null, ""games"": 0, ""hr_rate"": null, ""ops"": null, ""pa"": 0, ""slg"": null, ""tb_rate"": null}","{""avg"": null, ""games"": 0, ""hr_rate"": null, ""ops"": null, ""pa"": 0, ""slg"": null, ""tb_rate"": null}","{""avg"": null, ""games"": 0, ""hr_rate"": null, ""ops"": null, ""pa"": 0, ""slg"": null, ""tb_rate"": null}",,1,Expected Lineup,Low,,LAA,R,Changeup 30.8%; 4-Seam Fastball 28.6%; Sinker 25.2%; Sweeper 15.4%,,,missing player id,unavailable,missing player id,,Bo Bichette,3B,PASS,PASS,,unavailable,unavailable,,Walbert Urena,,-35.03,+537,0.157075,0.507389,NYM,,1.5,valid,-103,"lineup/starter change, price move through pass threshold, roof/weather change, or missing pitch-type/Statcast source conflict",,,,,
,,,,,missing player id,unavailable,,,,,,,,,,,,BvP fetch not used in model; point-in-time safe history unavailable,,6.0,6.0,unavailable,NYM@LAA,,unavailable,unavailable,,-24.62,+4189,0.023317,0.269542,valid,+271,,,"{""avg"": null, ""games"": 0, ""hr_rate"": null, ""ops"": null, ""pa"": 0, ""slg"": null, ""tb_rate"": null}","{""avg"": null, ""games"": 0, ""hr_rate"": null, ""ops"": null, ""pa"": 0, ""slg"": null, ""tb_rate"": null}","{""avg"": null, ""games"": 0, ""hr_rate"": null, ""ops"": null, ""pa"": 0, ""slg"": null, ""tb_rate"": null}",,2,Expected Lineup,Low,,LAA,R,Changeup 30.8%; 4-Seam Fastball 28.6%; Sinker 25.2%; Sweeper 15.4%,,,missing player id,unavailable,missing player id,,Juan Soto,DH,PASS,PASS,,unavailable,unavailable,,Walbert Urena,,-33.07,+537,0.157075,0.487805,NYM,,1.5,valid,+105,"lineup/starter change, price move through pass threshold, roof/weather change, or missing pitch-type/Statcast source conflict",,,,,
,,,,,missing player id,unavailable,,,,,,,,,,,,BvP fetch not used in model; point-in-time safe history unavailable,,6.0,6.0,unavailable,NYM@LAA,,unavailable,unavailable,,-19.04,+4189,0.023317,0.213675,valid,+368,,,"{""avg"": null, ""games"": 0, ""hr_rate"": null, ""ops"": null, ""pa"": 0, ""slg"": null, ""tb_rate"": null}","{""avg"": null, ""games"": 0, ""hr_rate"": null, ""ops"": null, ""pa"": 0, ""slg"": null, ""tb_rate"": null}","{""avg"": null, ""games"": 0, ""hr_rate"": null, ""ops"": null, ""pa"": 0, ""slg"": null, ""tb_rate"": null}",,3,Expected Lineup,Low,,LAA,R,Changeup 30.8%; 4-Seam Fastball 28.6%; Sinker 25.2%; Sweeper 15.4%,,,missing player id,unavailable,missing player id,,MJ Melendez,LF,PASS,PASS,,unavailable,unavailable,,Walbert Urena,,-25.61,+537,0.157075,0.413223,NYM,,1.5,valid,+142,"lineup/starter change, price move through pass threshold, roof/weather change, or missing pitch-type/Statcast source conflict",,,,,
,,,,,missing player id,unavailable,,,,,,,,,,,,BvP fetch not used in model; point-in-time safe history unavailable,,6.0,6.0,unavailable,NYM@LAA,,unavailable,unavailable,,-13.8,+4189,0.023317,0.16129,valid,+520,,,"{""avg"": null, ""games"": 0, ""hr_rate"": null, ""ops"": null, ""pa"": 0, ""slg"": null, ""tb_rate"": null}","{""avg"": null, ""games"": 0, ""hr_rate"": null, ""ops"": null, ""pa"": 0, ""slg"": null, ""tb_rate"": null}","{""avg"": null, ""games"": 0, ""hr_rate"": null, ""ops"": null, ""pa"": 0, ""slg"": null, ""tb_rate"": null}",,4,Expected Lineup,Low,,LAA,R,Changeup 30.8%; 4-Seam Fastball 28.6%; Sinker 25.2%; Sweeper 15.4%,,,missing player id,unavailable,missing player id,,Francisco Alvarez,C,PASS,PASS,,unavailable,unavailable,,Walbert Urena,,-26.85,+537,0.157075,0.425532,NYM,,1.5,valid,+135,"lineup/starter change, price move through pass threshold, roof/weather change, or missing pitch-type/Statcast source conflict",,,,,
,,,,,missing player id,unavailable,,,,,,,,,,,,BvP fetch not used in model; point-in-time safe history unavailable,,6.0,6.0,unavailable,NYM@LAA,,unavailable,unavailable,,-11.65,+4189,0.023317,0.13986,valid,+615,,,"{""avg"": null, ""games"": 0, ""hr_rate"": null, ""ops"": null, ""pa"": 0, ""slg"": null, ""tb_rate"": null}","{""avg"": null, ""games"": 0, ""hr_rate"": null, ""ops"": null, ""pa"": 0, ""slg"": null, ""tb_rate"": null}","{""avg"": null, ""games"": 0, ""hr_rate"": null, ""ops"": null, ""pa"": 0, ""slg"": null, ""tb_rate"": null}",,5,Expected Lineup,Low,,LAA,R,Changeup 30.8%; 4-Seam Fastball 28.6%; Sinker 25.2%; Sweeper 15.4%,,,missing player id,unavailable,missing player id,,Brett Baty,1B,PASS,PASS,,unavailable,unavailable,,Walbert Urena,,-22.46,+537,0.157075,0.381679,NYM,,1.5,valid,+162,"lineup/starter change, price move through pass threshold, roof/weather change, or missing pitch-type/Statcast source conflict",,,,,
,,,,,missing player id,unavailable,,,,,,,,,,,,BvP fetch not used in model; point-in-time safe history unavailable,,6.0,6.0,unavailable,NYM@LAA,,unavailable,unavailable,,-9.1,+4189,0.023317,0.114286,valid,+775,,,"{""avg"": null, ""games"": 0, ""hr_rate"": null, ""ops"": null, ""pa"": 0, ""slg"": null, ""tb_rate"": null}","{""avg"": null, ""games"": 0, ""hr_rate"": null, ""ops"": null, ""pa"": 0, ""slg"": null, ""tb_rate"": null}","{""avg"": null, ""games"": 0, ""hr_rate"": null, ""ops"": null, ""pa"": 0, ""slg"": null, ""tb_rate"": null}",,6,Expected Lineup,Low,,LAA,R,Changeup 30.8%; 4-Seam Fastball 28.6%; Sinker 25.2%; Sweeper 15.4%,,,missing player id,unavailable,missing player id,,Tyrone Taylor,CF,PASS,PASS,,unavailable,unavailable,,Walbert Urena,,-40.81,+537,0.157075,0.565217,NYM,,0.5,valid,-130,"lineup/starter change, price move through pass threshold, roof/weather change, or missing pitch-type/Statcast source conflict",,,,,
,,,,,missing player id,unavailable,,,,,,,,,,,,BvP fetch not used in model; point-in-time safe history unavailable,,6.0,6.0,unavailable,NYM@LAA,,unavailable,unavailable,,-10.17,+4189,0.023317,0.125,valid,+700,,,"{""avg"": null, ""games"": 0, ""hr_rate"": null, ""ops"": null, ""pa"": 0, ""slg"": null, ""tb_rate"": null}","{""avg"": null, ""games"": 0, ""hr_rate"": null, ""ops"": null, ""pa"": 0, ""slg"": null, ""tb_rate"": null}","{""avg"": null, ""games"": 0, ""hr_rate"": null, ""ops"": null, ""pa"": 0, ""slg"": null, ""tb_rate"": null}",,7,Expected Lineup,Low,,LAA,R,Changeup 30.8%; 4-Seam Fastball 28.6%; Sinker 25.2%; Sweeper 15.4%,,,missing player id,unavailable,missing player id,,Carson Benge,RF,PASS,PASS,,unavailable,unavailable,,Walbert Urena,,-23.2,+537,0.157075,0.389105,NYM,,1.5,valid,+157,"lineup/starter change, price move through pass threshold, roof/weather change, or missing pitch-type/Statcast source conflict",,,,,
,,,,,missing player id,unavailable,,,,,,,,,,,,BvP fetch not used in model; point-in-time safe history unavailable,,6.0,6.0,unavailable,NYM@LAA,,unavailable,unavailable,,-11.22,+4189,0.023317,0.135501,valid,+638,,,"{""avg"": null, ""games"": 0, ""hr_rate"": null, ""ops"": null, ""pa"": 0, ""slg"": null, ""tb_rate"": null}","{""avg"": null, ""games"": 0, ""hr_rate"": null, ""ops"": null, ""pa"": 0, ""slg"": null, ""tb_rate"": null}","{""avg"": null, ""games"": 0, ""hr_rate"": null, ""ops"": null, ""pa"": 0, ""slg"": null, ""tb_rate"": null}",,8,Expected Lineup,Low,,LAA,R,Changeup 30.8%; 4-Seam Fastball 28.6%; Sinker 25.2%; Sweeper 15.4%,,,missing player id,unavailable,missing player id,,Marcus Semien,2B,PASS,PASS,,unavailable,unavailable,,Walbert Urena,,-25.61,+537,0.157075,0.413223,NYM,,1.5,valid,+142,"lineup/starter change, price move through pass threshold, roof/weather change, or missing pitch-type/Statcast source conflict",,,,,
,,,,,missing player id,unavailable,,,,,,,,,,,,BvP fetch not used in model; point-in-time safe history unavailable,,6.0,6.0,unavailable,NYM@LAA,,unavailable,unavailable,,-10.17,+4189,0.023317,0.125,valid,+700,,,"{""avg"": null, ""games"": 0, ""hr_rate"": null, ""ops"": null, ""pa"": 0, ""slg"": null, ""tb_rate"": null}","{""avg"": null, ""games"": 0, ""hr_rate"": null, ""ops"": null, ""pa"": 0, ""slg"": null, ""tb_rate"": null}","{""avg"": null, ""games"": 0, ""hr_rate"": null, ""ops"": null, ""pa"": 0, ""slg"": null, ""tb_rate"": null}",,9,Expected Lineup,Low,,LAA,R,Changeup 30.8%; 4-Seam Fastball 28.6%; Sinker 25.2%; Sweeper 15.4%,,,missing player id,unavailable,missing player id,,Ronny Mauricio,SS,PASS,PASS,,unavailable,unavailable,,Walbert Urena,,-20.66,+537,0.157075,0.363636,NYM,,1.5,valid,+175,"lineup/starter change, price move through pass threshold, roof/weather change, or missing pitch-type/Statcast source conflict",,,,,
,,,,,missing player id,unavailable,,,,,,,,,,,,BvP fetch not used in model; point-in-time safe history unavailable,,6.0,6.0,unavailable,NYM@LAA,,unavailable,unavailable,,-12.9,+1958,0.04858,0.17762,valid,+463,,,"{""avg"": null, ""games"": 0, ""hr_rate"": null, ""ops"": null, ""pa"": 0, ""slg"": null, ""tb_rate"": null}","{""avg"": null, ""games"": 0, ""hr_rate"": null, ""ops"": null, ""pa"": 0, ""slg"": null, ""tb_rate"": null}","{""avg"": null, ""games"": 0, ""hr_rate"": null, ""ops"": null, ""pa"": 0, ""slg"": null, ""tb_rate"": null}",,1,Expected Lineup,Low,,NYM,R,4-Seam Fastball 55.8%; Cutter 20.9%; Split-Finger 2.3%,,,missing player id,unavailable,missing player id,,Zach Neto,SS,PASS,PASS,,unavailable,unavailable,,Christian Scott,,-22.2,+370,0.21274,0.434783,LAA,,1.5,valid,+130,"lineup/starter change, price move through pass threshold, roof/weather change, or missing pitch-type/Statcast source conflict",,,,,
,,,,,missing player id,unavailable,,,,,,,,,,,,BvP fetch not used in model; point-in-time safe history unavailable,,6.0,6.0,unavailable,NYM@LAA,,unavailable,unavailable,,-20.33,+1958,0.04858,0.251889,valid,+297,,,"{""avg"": null, ""games"": 0, ""hr_rate"": null, ""ops"": null, ""pa"": 0, ""slg"": null, ""tb_rate"": null}","{""avg"": null, ""games"": 0, ""hr_rate"": null, ""ops"": null, ""pa"": 0, ""slg"": null, ""tb_rate"": null}","{""avg"": null, ""games"": 0, ""hr_rate"": null, ""ops"": null, ""pa"": 0, ""slg"": null, ""tb_rate"": null}",,2,Expected Lineup,Low,,NYM,R,4-Seam Fastball 55.8%; Cutter 20.9%; Split-Finger 2.3%,,,missing player id,unavailable,missing player id,,Mike Trout,CF,PASS,PASS,,unavailable,unavailable,,Christian Scott,,-25.45,+370,0.21274,0.46729,LAA,,1.5,valid,+114,"lineup/starter change, price move through pass threshold, roof/weather change, or missing pitch-type/Statcast source conflict",,,,,
,,,,,missing player id,unavailable,,,,,,,,,,,,BvP fetch not used in model; point-in-time safe history unavailable,,6.0,6.0,unavailable,NYM@LAA,,unavailable,unavailable,,-11.75,+1958,0.04858,0.166113,valid,+502,,,"{""avg"": null, ""games"": 0, ""hr_rate"": null, ""ops"": null, ""pa"": 0, ""slg"": null, ""tb_rate"": null}","{""avg"": null, ""games"": 0, ""hr_rate"": null, ""ops"": null, ""pa"": 0, ""slg"": null, ""tb_rate"": null}","{""avg"": null, ""games"": 0, ""hr_rate"": null, ""ops"": null, ""pa"": 0, ""slg"": null, ""tb_rate"": null}",,3,Expected Lineup,Low,,NYM,R,4-Seam Fastball 55.8%; Cutter 20.9%; Split-Finger 2.3%,,,missing player id,unavailable,missing player id,,Yoan Moncada,3B,PASS,PASS,,unavailable,unavailable,,Christian Scott,,-20.39,+370,0.21274,0.416667,LAA,,1.5,valid,+140,"lineup/starter change, price move through pass threshold, roof/weather change, or missing pitch-type/Statcast source conflict",,,,,
,,,,,missing player id,unavailable,,,,,,,,,,,,BvP fetch not used in model; point-in-time safe history unavailable,,6.0,6.0,unavailable,NYM@LAA,,unavailable,unavailable,,-13.1,+1958,0.04858,0.179533,valid,+457,,,"{""avg"": null, ""games"": 0, ""hr_rate"": null, ""ops"": null, ""pa"": 0, ""slg"": null, ""tb_rate"": null}","{""avg"": null, ""games"": 0, ""hr_rate"": null, ""ops"": null, ""pa"": 0, ""slg"": null, ""tb_rate"": null}","{""avg"": null, ""games"": 0, ""hr_rate"": null, ""ops"": null, ""pa"": 0, ""slg"": null, ""tb_rate"": null}",,4,Expected Lineup,Low,,NYM,R,4-Seam Fastball 55.8%; Cutter 20.9%; Split-Finger 2.3%,,,missing player id,unavailable,missing player id,,Jorge Soler,DH,PASS,PASS,,unavailable,unavailable,,Christian Scott,,-18.73,+370,0.21274,0.4,LAA,,1.5,valid,+150,"lineup/starter change, price move through pass threshold, roof/weather change, or missing pitch-type/Statcast source conflict",,,,,
,,,,,missing player id,unavailable,,,,,,,,,,,,BvP fetch not used in model; point-in-time safe history unavailable,,6.0,6.0,unavailable,NYM@LAA,,unavailable,unavailable,,-5.67,+1958,0.04858,0.105263,valid,+850,,,"{""avg"": null, ""games"": 0, ""hr_rate"": null, ""ops"": null, ""pa"": 0, ""slg"": null, ""tb_rate"": null}","{""avg"": null, ""games"": 0, ""hr_rate"": null, ""ops"": null, ""pa"": 0, ""slg"": null, ""tb_rate"": null}","{""avg"": null, ""games"": 0, ""hr_rate"": null, ""ops"": null, ""pa"": 0, ""slg"": null, ""tb_rate"": null}",,5,Expected Lineup,Low,,NYM,R,4-Seam Fastball 55.8%; Cutter 20.9%; Split-Finger 2.3%,,,missing player id,unavailable,missing player id,,Nolan Schanuel,1B,PASS,PASS,,unavailable,unavailable,,Christian Scott,,-17.94,+370,0.21274,0.392157,LAA,,1.5,valid,+155,"lineup/starter change, price move through pass threshold, roof/weather change, or missing pitch-type/Statcast source conflict",,,,,
,,,,,missing player id,unavailable,,,,,,,,,,,,BvP fetch not used in model; point-in-time safe history unavailable,,6.0,6.0,unavailable,NYM@LAA,,unavailable,unavailable,,-12.75,+1958,0.04858,0.176056,valid,+468,,,"{""avg"": null, ""games"": 0, ""hr_rate"": null, ""ops"": null, ""pa"": 0, ""slg"": null, ""tb_rate"": null}","{""avg"": null, ""games"": 0, ""hr_rate"": null, ""ops"": null, ""pa"": 0, ""slg"": null, ""tb_rate"": null}","{""avg"": null, ""games"": 0, ""hr_rate"": null, ""ops"": null, ""pa"": 0, ""slg"": null, ""tb_rate"": null}",,6,Expected Lineup,Low,,NYM,R,4-Seam Fastball 55.8%; Cutter 20.9%; Split-Finger 2.3%,,,missing player id,unavailable,missing player id,,Jo Adell,RF,PASS,PASS,,unavailable,unavailable,,Christian Scott,,-21.28,+370,0.21274,0.425532,LAA,,1.5,valid,+135,"lineup/starter change, price move through pass threshold, roof/weather change, or missing pitch-type/Statcast source conflict",,,,,
,,,,,missing player id,unavailable,,,,,,,,,,,,BvP fetch not used in model; point-in-time safe history unavailable,,6.0,6.0,unavailable,NYM@LAA,,unavailable,unavailable,,-9.78,+1958,0.04858,0.146413,valid,+583,,,"{""avg"": null, ""games"": 0, ""hr_rate"": null, ""ops"": null, ""pa"": 0, ""slg"": null, ""tb_rate"": null}","{""avg"": null, ""games"": 0, ""hr_rate"": null, ""ops"": null, ""pa"": 0, ""slg"": null, ""tb_rate"": null}","{""avg"": null, ""games"": 0, ""hr_rate"": null, ""ops"": null, ""pa"": 0, ""slg"": null, ""tb_rate"": null}",,7,Expected Lineup,Low,,NYM,R,4-Seam Fastball 55.8%; Cutter 20.9%; Split-Finger 2.3%,,,missing player id,unavailable,missing player id,,Josh Lowe,LF,PASS,PASS,,unavailable,unavailable,,Christian Scott,,-17.49,+370,0.21274,0.387597,LAA,,1.5,valid,+158,"lineup/starter change, price move through pass threshold, roof/weather change, or missing pitch-type/Statcast source conflict",,,,,
,,,,,missing player id,unavailable,,,,,,,,,,,,BvP fetch not used in model; point-in-time safe history unavailable,,6.0,6.0,unavailable,NYM@LAA,,unavailable,unavailable,,-6.91,+1958,0.04858,0.117647,valid,+750,,,"{""avg"": null, ""games"": 0, ""hr_rate"": null, ""ops"": null, ""pa"": 0, ""slg"": null, ""tb_rate"": null}","{""avg"": null, ""games"": 0, ""hr_rate"": null, ""ops"": null, ""pa"": 0, ""slg"": null, ""tb_rate"": null}","{""avg"": null, ""games"": 0, ""hr_rate"": null, ""ops"": null, ""pa"": 0, ""slg"": null, ""tb_rate"": null}",,8,Expected Lineup,Low,,NYM,R,4-Seam Fastball 55.8%; Cutter 20.9%; Split-Finger 2.3%,,,missing player id,unavailable,missing player id,,Travis d'Arnaud,C,PASS,PASS,,unavailable,unavailable,,Christian Scott,,-12.62,+370,0.21274,0.338983,LAA,,1.5,valid,+195,"lineup/starter change, price move through pass threshold, roof/weather change, or missing pitch-type/Statcast source conflict",,,,,
,,,,,missing player id,unavailable,,,,,,,,,,,,BvP fetch not used in model; point-in-time safe history unavailable,,6.0,6.0,unavailable,NYM@LAA,,unavailable,unavailable,,-3.08,+1958,0.04858,0.079365,valid,+1160,,,"{""avg"": null, ""games"": 0, ""hr_rate"": null, ""ops"": null, ""pa"": 0, ""slg"": null, ""tb_rate"": null}","{""avg"": null, ""games"": 0, ""hr_rate"": null, ""ops"": null, ""pa"": 0, ""slg"": null, ""tb_rate"": null}","{""avg"": null, ""games"": 0, ""hr_rate"": null, ""ops"": null, ""pa"": 0, ""slg"": null, ""tb_rate"": null}",,9,Expected Lineup,Low,,NYM,R,4-Seam Fastball 55.8%; Cutter 20.9%; Split-Finger 2.3%,,,missing player id,unavailable,missing player id,,Adam Frazier,2B,PASS,PASS,,unavailable,unavailable,,Christian Scott,,-9.98,+370,0.21274,0.3125,LAA,,1.5,valid,+220,"lineup/starter change, price move through pass threshold, roof/weather change, or missing pitch-type/Statcast source conflict",,,,,
,,,,,missing player id,unavailable,,,,,,,,,,,,BvP fetch not used in model; point-in-time safe history unavailable,,6.0,6.0,unavailable,CLE@ATH,,unavailable,unavailable,,-5.93,+4447,0.021995,0.081301,valid,+1130,,,"{""avg"": null, ""games"": 0, ""hr_rate"": null, ""ops"": null, ""pa"": 0, ""slg"": null, ""tb_rate"": null}","{""avg"": null, ""games"": 0, ""hr_rate"": null, ""ops"": null, ""pa"": 0, ""slg"": null, ""tb_rate"": null}","{""avg"": null, ""games"": 0, ""hr_rate"": null, ""ops"": null, ""pa"": 0, ""slg"": null, ""tb_rate"": null}",,1,Expected Lineup,Low,,ATH,R,Sinker 37.1%; Cutter 17.0%; Slider 16.0%; Changeup 16.0%,,,missing player id,unavailable,missing player id,,Steven Kwan,LF,PASS,PASS,,unavailable,unavailable,,J.T. Ginn,,-31.59,+524,0.160269,0.47619,CLE,,1.5,valid,+110,"lineup/starter change, price move through pass threshold, roof/weather change, or missing pitch-type/Statcast source conflict",,,,,
,,,,,missing player id,unavailable,,,,,,,,,,,,BvP fetch not used in model; point-in-time safe history unavailable,,6.0,6.0,unavailable,CLE@ATH,,unavailable,unavailable,,-15.66,+4447,0.021995,0.178571,valid,+460,,,"{""avg"": null, ""games"": 0, ""hr_rate"": null, ""ops"": null, ""pa"": 0, ""slg"": null, ""tb_rate"": null}","{""avg"": null, ""games"": 0, ""hr_rate"": null, ""ops"": null, ""pa"": 0, ""slg"": null, ""tb_rate"": null}","{""avg"": null, ""games"": 0, ""hr_rate"": null, ""ops"": null, ""pa"": 0, ""slg"": null, ""tb_rate"": null}",,2,Expected Lineup,Low,,ATH,R,Sinker 37.1%; Cutter 17.0%; Slider 16.0%; Changeup 16.0%,,,missing player id,unavailable,missing player id,,Chase DeLauter,DH,PASS,PASS,,unavailable,unavailable,,J.T. Ginn,,-31.59,+524,0.160269,0.47619,CLE,,1.5,valid,+110,"lineup/starter change, price move through pass threshold, roof/weather change, or missing pitch-type/Statcast source conflict",,,,,
,,,,,missing player id,unavailable,,,,,,,,,,,,BvP fetch not used in model; point-in-time safe history unavailable,,6.0,6.0,unavailable,CLE@ATH,,unavailable,unavailable,,-20.27,+4447,0.021995,0.224719,valid,+345,,,"{""avg"": null, ""games"": 0, ""hr_rate"": null, ""ops"": null, ""pa"": 0, ""slg"": null, ""tb_rate"": null}","{""avg"": null, ""games"": 0, ""hr_rate"": null, ""ops"": null, ""pa"": 0, ""slg"": null, ""tb_rate"": null}","{""avg"": null, ""games"": 0, ""hr_rate"": null, ""ops"": null, ""pa"": 0, ""slg"": null, ""tb_rate"": null}",,3,Expected Lineup,Low,,ATH,R,Sinker 37.1%; Cutter 17.0%; Slider 16.0%; Changeup 16.0%,,,missing player id,unavailable,missing player id,,Jose Ramirez,3B,PASS,PASS,,unavailable,unavailable,,J.T. Ginn,,-37.46,+524,0.160269,0.534884,CLE,,1.5,valid,-115,"lineup/starter change, price move through pass threshold, roof/weather change, or missing pitch-type/Statcast source conflict",,,,,
,,,,,missing player id,unavailable,,,,,,,,,,,,BvP fetch not used in model; point-in-time safe history unavailable,,6.0,6.0,unavailable,CLE@ATH,,unavailable,unavailable,,-15.82,+4447,0.021995,0.18018,valid,+455,,,"{""avg"": null, ""games"": 0, ""hr_rate"": null, ""ops"": null, ""pa"": 0, ""slg"": null, ""tb_rate"": null}","{""avg"": null, ""games"": 0, ""hr_rate"": null, ""ops"": null, ""pa"": 0, ""slg"": null, ""tb_rate"": null}","{""avg"": null, ""games"": 0, ""hr_rate"": null, ""ops"": null, ""pa"": 0, ""slg"": null, ""tb_rate"": null}",,4,Expected Lineup,Low,,ATH,R,Sinker 37.1%; Cutter 17.0%; Slider 16.0%; Changeup 16.0%,,,missing player id,unavailable,missing player id,,Kyle Manzardo,1B,PASS,PASS,,unavailable,unavailable,,J.T. Ginn,,-27.45,+524,0.160269,0.434783,CLE,,1.5,valid,+130,"lineup/starter change, price move through pass threshold, roof/weather change, or missing pitch-type/Statcast source conflict",,,,,
,,,,,missing player id,unavailable,,,,,,,,,,,,BvP fetch not used in model; point-in-time safe history unavailable,,6.0,6.0,unavailable,CLE@ATH,,unavailable,unavailable,,-13.23,+4447,0.021995,0.154321,valid,+548,,,"{""avg"": null, ""games"": 0, ""hr_rate"": null, ""ops"": null, ""pa"": 0, ""slg"": null, ""tb_rate"": null}","{""avg"": null, ""games"": 0, ""hr_rate"": null, ""ops"": null, ""pa"": 0, ""slg"": null, ""tb_rate"": null}","{""avg"": null, ""games"": 0, ""hr_rate"": null, ""ops"": null, ""pa"": 0, ""slg"": null, ""tb_rate"": null}",,5,Expected Lineup,Low,,ATH,R,Sinker 37.1%; Cutter 17.0%; Slider 16.0%; Changeup 16.0%,,,missing player id,unavailable,missing player id,,Daniel Schneemann,CF,PASS,PASS,,unavailable,unavailable,,J.T. Ginn,,-23.97,+524,0.160269,0.4,CLE,,1.5,valid,+150,"lineup/starter change, price move through pass threshold, roof/weather change, or missing pitch-type/Statcast source conflict",,,,,
,,,,,missing player id,unavailable,,,,,,,,,,,,BvP fetch not used in model; point-in-time safe history unavailable,,6.0,6.0,unavailable,CLE@ATH,,unavailable,unavailable,,-12.95,+4447,0.021995,0.151515,valid,+560,,,"{""avg"": null, ""games"": 0, ""hr_rate"": null, ""ops"": null, ""pa"": 0, ""slg"": null, ""tb_rate"": null}","{""avg"": null, ""games"": 0, ""hr_rate"": null, ""ops"": null, ""pa"": 0, ""slg"": null, ""tb_rate"": null}","{""avg"": null, ""games"": 0, ""hr_rate"": null, ""ops"": null, ""pa"": 0, ""slg"": null, ""tb_rate"": null}",,6,Expected Lineup,Low,,ATH,R,Sinker 37.1%; Cutter 17.0%; Slider 16.0%; Changeup 16.0%,,,missing player id,unavailable,missing player id,,Angel Martinez,RF,PASS,PASS,,unavailable,unavailable,,J.T. Ginn,,-27.83,+524,0.160269,0.438596,CLE,,1.5,valid,+128,"lineup/starter change, price move through pass threshold, roof/weather change, or missing pitch-type/Statcast source conflict",,,,,
,,,,,missing player id,unavailable,,,,,,,,,,,,BvP fetch not used in model; point-in-time safe history unavailable,,6.0,6.0,unavailable,CLE@ATH,,unavailable,unavailable,,-10.3,+4447,0.021995,0.125,valid,+700,,,"{""avg"": null, ""games"": 0, ""hr_rate"": null, ""ops"": null, ""pa"": 0, ""slg"": null, ""tb_rate"": null}","{""avg"": null, ""games"": 0, ""hr_rate"": null, ""ops"": null, ""pa"": 0, ""slg"": null, ""tb_rate"": null}","{""avg"": null, ""games"": 0, ""hr_rate"": null, ""ops"": null, ""pa"": 0, ""slg"": null, ""tb_rate"": null}",,7,Expected Lineup,Low,,ATH,R,Sinker 37.1%; Cutter 17.0%; Slider 16.0%; Changeup 16.0%,,,missing player id,unavailable,missing player id,,Travis Bazzana,2B,PASS,PASS,,unavailable,unavailable,,J.T. Ginn,,-23.34,+524,0.160269,0.393701,CLE,,1.5,valid,+154,"lineup/starter change, price move through pass threshold, roof/weather change, or missing pitch-type/Statcast source conflict",,,,,
,,,,,missing player id,unavailable,,,,,,,,,,,,BvP fetch not used in model; point-in-time safe history unavailable,,6.0,6.0,unavailable,CLE@ATH,,unavailable,unavailable,,-13.8,+4447,0.021995,0.16,valid,+525,,,"{""avg"": null, ""games"": 0, ""hr_rate"": null, ""ops"": null, ""pa"": 0, ""slg"": null, ""tb_rate"": null}","{""avg"": null, ""games"": 0, ""hr_rate"": null, ""ops"": null, ""pa"": 0, ""slg"": null, ""tb_rate"": null}","{""avg"": null, ""games"": 0, ""hr_rate"": null, ""ops"": null, ""pa"": 0, ""slg"": null, ""tb_rate"": null}",,8,Expected Lineup,Low,,ATH,R,Sinker 37.1%; Cutter 17.0%; Slider 16.0%; Changeup 16.0%,,,missing player id,unavailable,missing player id,,Bo Naylor,C,PASS,PASS,,unavailable,unavailable,,J.T. Ginn,,-23.34,+524,0.160269,0.393701,CLE,,1.5,valid,+154,"lineup/starter change, price move through pass threshold, roof/weather change, or missing pitch-type/Statcast source conflict",,,,,
,,,,,missing player id,unavailable,,,,,,,,,,,,BvP fetch not used in model; point-in-time safe history unavailable,,6.0,6.0,unavailable,CLE@ATH,,unavailable,unavailable,,-7.32,+4447,0.021995,0.095238,valid,+950,,,"{""avg"": null, ""games"": 0, ""hr_rate"": null, ""ops"": null, ""pa"": 0, ""slg"": null, ""tb_rate"": null}","{""avg"": null, ""games"": 0, ""hr_rate"": null, ""ops"": null, ""pa"": 0, ""slg"": null, ""tb_rate"": null}","{""avg"": null, ""games"": 0, ""hr_rate"": null, ""ops"": null, ""pa"": 0, ""slg"": null, ""tb_rate"": null}",,9,Expected Lineup,Low,,ATH,R,Sinker 37.1%; Cutter 17.0%; Slider 16.0%; Changeup 16.0%,,,missing player id,unavailable,missing player id,,Brayan Rocchio,SS,PASS,PASS,,unavailable,unavailable,,J.T. Ginn,,-23.19,+524,0.160269,0.392157,CLE,,1.5,valid,+155,"lineup/starter change, price move through pass threshold, roof/weather change, or missing pitch-type/Statcast source conflict",,,,,
,,,,,missing player id,unavailable,,,,,,,,,,,,BvP fetch not used in model; point-in-time safe history unavailable,,5.8,6.0,unavailable,CLE@ATH,,unavailable,unavailable,,,+5507,0.017836,,missing,,,,"{""avg"": null, ""games"": 0, ""hr_rate"": null, ""ops"": null, ""pa"": 0, ""slg"": null, ""tb_rate"": null}","{""avg"": null, ""games"": 0, ""hr_rate"": null, ""ops"": null, ""pa"": 0, ""slg"": null, ""tb_rate"": null}","{""avg"": null, ""games"": 0, ""hr_rate"": null, ""ops"": null, ""pa"": 0, ""slg"": null, ""tb_rate"": null}",,1,Expected Lineup,Low,,CLE,L,4-Seam Fastball 45.5%; Changeup 23.6%; Curveball 16.7%; Slider 14.2%,,,missing player id,unavailable,missing player id,,Jacob Wilson,SS,WATCHLIST,PASS,,unavailable,unavailable,,Joey Cantillo,,-34.66,+552,0.153352,0.5,ATH,,1.5,valid,+100,"lineup/starter change, price move through pass threshold, roof/weather change, or missing pitch-type/Statcast source conflict",,,,,
,,,,,missing player id,unavailable,,,,,,,,,,,,BvP fetch not used in model; point-in-time safe history unavailable,,5.8,5.8,unavailable,CLE@ATH,,unavailable,unavailable,,,+5507,0.017836,,missing,,,,"{""avg"": null, ""games"": 0, ""hr_rate"": null, ""ops"": null, ""pa"": 0, ""slg"": null, ""tb_rate"": null}","{""avg"": null, ""games"": 0, ""hr_rate"": null, ""ops"": null, ""pa"": 0, ""slg"": null, ""tb_rate"": null}","{""avg"": null, ""games"": 0, ""hr_rate"": null, ""ops"": null, ""pa"": 0, ""slg"": null, ""tb_rate"": null}",,2,Expected Lineup,Low,,CLE,L,4-Seam Fastball 45.5%; Changeup 23.6%; Curveball 16.7%; Slider 14.2%,,,missing player id,unavailable,missing player id,,Shea Langeliers,C,WATCHLIST,PASS,,unavailable,unavailable,,Joey Cantillo,,,+552,0.153352,,ATH,,1.5,invalid_or_outlier_market_odds,-2,"lineup/starter change, price move through pass threshold, roof/weather change, or missing pitch-type/Statcast source conflict",,,,,
,,,,,missing player id,unavailable,,,,,,,,,,,,BvP fetch not used in model; point-in-time safe history unavailable,,5.8,6.0,unavailable,CLE@ATH,,unavailable,unavailable,,,+5507,0.017836,,missing,,,,"{""avg"": null, ""games"": 0, ""hr_rate"": null, ""ops"": null, ""pa"": 0, ""slg"": null, ""tb_rate"": null}","{""avg"": null, ""games"": 0, ""hr_rate"": null, ""ops"": null, ""pa"": 0, ""slg"": null, ""tb_rate"": null}","{""avg"": null, ""games"": 0, ""hr_rate"": null, ""ops"": null, ""pa"": 0, ""slg"": null, ""tb_rate"": null}",,3,Expected Lineup,Low,,CLE,L,4-Seam Fastball 45.5%; Changeup 23.6%; Curveball 16.7%; Slider 14.2%,,,missing player id,unavailable,missing player id,,Nick Kurtz,1B,WATCHLIST,PASS,,unavailable,unavailable,,Joey Cantillo,,-24.03,+552,0.153352,0.393701,ATH,,1.5,valid,+154,"lineup/starter change, price move through pass threshold, roof/weather change, or missing pitch-type/Statcast source conflict",,,,,
,,,,,missing player id,unavailable,,,,,,,,,,,,BvP fetch not used in model; point-in-time safe history unavailable,,5.8,6.0,unavailable,CLE@ATH,,unavailable,unavailable,,,+5507,0.017836,,missing,,,,"{""avg"": null, ""games"": 0, ""hr_rate"": null, ""ops"": null, ""pa"": 0, ""slg"": null, ""tb_rate"": null}","{""avg"": null, ""games"": 0, ""hr_rate"": null, ""ops"": null, ""pa"": 0, ""slg"": null, ""tb_rate"": null}","{""avg"": null, ""games"": 0, ""hr_rate"": null, ""ops"": null, ""pa"": 0, ""slg"": null, ""tb_rate"": null}",,4,Expected Lineup,Low,,CLE,L,4-Seam Fastball 45.5%; Changeup 23.6%; Curveball 16.7%; Slider 14.2%,,,missing player id,unavailable,missing player id,,Brent Rooker,DH,WATCHLIST,PASS,,unavailable,unavailable,,Joey Cantillo,,-28.14,+552,0.153352,0.434783,ATH,,1.5,valid,+130,"lineup/starter change, price move through pass threshold, roof/weather change, or missing pitch-type/Statcast source conflict",,,,,
,,,,,missing player id,unavailable,,,,,,,,,,,,BvP fetch not used in model; point-in-time safe history unavailable,,5.8,6.0,unavailable,CLE@ATH,,unavailable,unavailable,,,+5507,0.017836,,missing,,,,"{""avg"": null, ""games"": 0, ""hr_rate"": null, ""ops"": null, ""pa"": 0, ""slg"": null, ""tb_rate"": null}","{""avg"": null, ""games"": 0, ""hr_rate"": null, ""ops"": null, ""pa"": 0, ""slg"": null, ""tb_rate"": null}","{""avg"": null, ""games"": 0, ""hr_rate"": null, ""ops"": null, ""pa"": 0, ""slg"": null, ""tb_rate"": null}",,5,Expected Lineup,Low,,CLE,L,4-Seam Fastball 45.5%; Changeup 23.6%; Curveball 16.7%; Slider 14.2%,,,missing player id,unavailable,missing player id,,Colby Thomas,RF,WATCHLIST,PASS,,unavailable,unavailable,,Joey Cantillo,,-22.4,+552,0.153352,0.377358,ATH,,1.5,valid,+165,"lineup/starter change, price move through pass threshold, roof/weather change, or missing pitch-type/Statcast source conflict",,,,,
,,,,,missing player id,unavailable,,,,,,,,,,,,BvP fetch not used in model; point-in-time safe history unavailable,,5.8,6.0,unavailable,CLE@ATH,,unavailable,unavailable,,,+5507,0.017836,,missing,,,,"{""avg"": null, ""games"": 0, ""hr_rate"": null, ""ops"": null, ""pa"": 0, ""slg"": null, ""tb_rate"": null}","{""avg"": null, ""games"": 0, ""hr_rate"": null, ""ops"": null, ""pa"": 0, ""slg"": null, ""tb_rate"": null}","{""avg"": null, ""games"": 0, ""hr_rate"": null, ""ops"": null, ""pa"": 0, ""slg"": null, ""tb_rate"": null}",,6,Expected Lineup,Low,,CLE,L,4-Seam Fastball 45.5%; Changeup 23.6%; Curveball 16.7%; Slider 14.2%,,,missing player id,unavailable,missing player id,,Tyler Soderstrom,LF,WATCHLIST,PASS,,unavailable,unavailable,,Joey Cantillo,,-26.68,+552,0.153352,0.420168,ATH,,1.5,valid,+138,"lineup/starter change, price move through pass threshold, roof/weather change, or missing pitch-type/Statcast source conflict",,,,,
,,,,,missing player id,unavailable,,,,,,,,,,,,BvP fetch not used in model; point-in-time safe history unavailable,,5.8,6.0,unavailable,CLE@ATH,,unavailable,unavailable,,,+5507,0.017836,,missing,,,,"{""avg"": null, ""games"": 0, ""hr_rate"": null, ""ops"": null, ""pa"": 0, ""slg"": null, ""tb_rate"": null}","{""avg"": null, ""games"": 0, ""hr_rate"": null, ""ops"": null, ""pa"": 0, ""slg"": null, ""tb_rate"": null}","{""avg"": null, ""games"": 0, ""hr_rate"": null, ""ops"": null, ""pa"": 0, ""slg"": null, ""tb_rate"": null}",,7,Expected Lineup,Low,,CLE,L,4-Seam Fastball 45.5%; Changeup 23.6%; Curveball 16.7%; Slider 14.2%,,,missing player id,unavailable,missing player id,,Zack Gelof,CF,WATCHLIST,PASS,,unavailable,unavailable,,Joey Cantillo,,-18.0,+552,0.153352,0.333333,ATH,,1.5,valid,+200,"lineup/starter change, price move through pass threshold, roof/weather change, or missing pitch-type/Statcast source conflict",,,,,
,,,,,missing player id,unavailable,,,,,,,,,,,,BvP fetch not used in model; point-in-time safe history unavailable,,5.8,6.0,unavailable,CLE@ATH,,unavailable,unavailable,,,+5507,0.017836,,missing,,,,"{""avg"": null, ""games"": 0, ""hr_rate"": null, ""ops"": null, ""pa"": 0, ""slg"": null, ""tb_rate"": null}","{""avg"": null, ""games"": 0, ""hr_rate"": null, ""ops"": null, ""pa"": 0, ""slg"": null, ""tb_rate"": null}","{""avg"": null, ""games"": 0, ""hr_rate"": null, ""ops"": null, ""pa"": 0, ""slg"": null, ""tb_rate"": null}",,8,Expected Lineup,Low,,CLE,L,4-Seam Fastball 45.5%; Changeup 23.6%; Curveball 16.7%; Slider 14.2%,,,missing player id,unavailable,missing player id,,Darell Hernaiz,3B,WATCHLIST,PASS,,unavailable,unavailable,,Joey Cantillo,,-22.26,+552,0.153352,0.37594,ATH,,1.5,valid,+166,"lineup/starter change, price move through pass threshold, roof/weather change, or missing pitch-type/Statcast source conflict",,,,,
,,,,,missing player id,unavailable,,,,,,,,,,,,BvP fetch not used in model; point-in-time safe history unavailable,,5.8,6.0,unavailable,CLE@ATH,,unavailable,unavailable,,,+5507,0.017836,,missing,,,,"{""avg"": null, ""games"": 0, ""hr_rate"": null, ""ops"": null, ""pa"": 0, ""slg"": null, ""tb_rate"": null}","{""avg"": null, ""games"": 0, ""hr_rate"": null, ""ops"": null, ""pa"": 0, ""slg"": null, ""tb_rate"": null}","{""avg"": null, ""games"": 0, ""hr_rate"": null, ""ops"": null, ""pa"": 0, ""slg"": null, ""tb_rate"": null}",,9,Expected Lineup,Low,,CLE,L,4-Seam Fastball 45.5%; Changeup 23.6%; Curveball 16.7%; Slider 14.2%,,,missing player id,unavailable,missing player id,,Jeff McNeil,2B,WATCHLIST,PASS,,unavailable,unavailable,,Joey Cantillo,,-20.64,+552,0.153352,0.359712,ATH,,1.5,valid,+178,"lineup/starter change, price move through pass threshold, roof/weather change, or missing pitch-type/Statcast source conflict",,,,,
,,,,,missing player id,unavailable,,,,,,,,,,,,BvP fetch not used in model; point-in-time safe history unavailable,,6.0,6.0,unavailable,CWS@SD,,unavailable,unavailable,,-11.45,+1943,0.048944,0.163399,valid,+512,,,"{""avg"": null, ""games"": 0, ""hr_rate"": null, ""ops"": null, ""pa"": 0, ""slg"": null, ""tb_rate"": null}","{""avg"": null, ""games"": 0, ""hr_rate"": null, ""ops"": null, ""pa"": 0, ""slg"": null, ""tb_rate"": null}","{""avg"": null, ""games"": 0, ""hr_rate"": null, ""ops"": null, ""pa"": 0, ""slg"": null, ""tb_rate"": null}",,1,Expected Lineup,Low,,SD,R,Curveball 40.4%; 4-Seam Fastball 36.5%; Sinker 11.1%; Slider 8.6%,,,missing player id,unavailable,missing player id,,Andrew Benintendi,DH,PASS,PASS,,unavailable,unavailable,,Germán Márquez,,-21.89,+363,0.215928,0.434783,CWS,,1.5,valid,+130,"lineup/starter change, price move through pass threshold, roof/weather change, or missing pitch-type/Statcast source conflict",,,,,
,,,,,missing player id,unavailable,,,,,,,,,,,,BvP fetch not used in model; point-in-time safe history unavailable,,6.0,6.0,unavailable,CWS@SD,,unavailable,unavailable,,-22.88,+1943,0.048944,0.277778,valid,+260,,,"{""avg"": null, ""games"": 0, ""hr_rate"": null, ""ops"": null, ""pa"": 0, ""slg"": null, ""tb_rate"": null}","{""avg"": null, ""games"": 0, ""hr_rate"": null, ""ops"": null, ""pa"": 0, ""slg"": null, ""tb_rate"": null}","{""avg"": null, ""games"": 0, ""hr_rate"": null, ""ops"": null, ""pa"": 0, ""slg"": null, ""tb_rate"": null}",,2,Expected Lineup,Low,,SD,R,Curveball 40.4%; 4-Seam Fastball 36.5%; Sinker 11.1%; Slider 8.6%,,,missing player id,unavailable,missing player id,,Munetaka Murakami,1B,PASS,PASS,,unavailable,unavailable,,Germán Márquez,,-22.85,+363,0.215928,0.444444,CWS,,1.5,valid,+125,"lineup/starter change, price move through pass threshold, roof/weather change, or missing pitch-type/Statcast source conflict",,,,,
,,,,,missing player id,unavailable,,,,,,,,,,,,BvP fetch not used in model; point-in-time safe history unavailable,,6.0,6.0,unavailable,CWS@SD,,unavailable,unavailable,,-11.77,+1943,0.048944,0.166667,valid,+500,,,"{""avg"": null, ""games"": 0, ""hr_rate"": null, ""ops"": null, ""pa"": 0, ""slg"": null, ""tb_rate"": null}","{""avg"": null, ""games"": 0, ""hr_rate"": null, ""ops"": null, ""pa"": 0, ""slg"": null, ""tb_rate"": null}","{""avg"": null, ""games"": 0, ""hr_rate"": null, ""ops"": null, ""pa"": 0, ""slg"": null, ""tb_rate"": null}",,3,Expected Lineup,Low,,SD,R,Curveball 40.4%; 4-Seam Fastball 36.5%; Sinker 11.1%; Slider 8.6%,,,missing player id,unavailable,missing player id,,Miguel Vargas,3B,PASS,PASS,,unavailable,unavailable,,Germán Márquez,,-19.73,+363,0.215928,0.413223,CWS,,1.5,valid,+142,"lineup/starter change, price move through pass threshold, roof/weather change, or missing pitch-type/Statcast source conflict",,,,,
,,,,,missing player id,unavailable,,,,,,,,,,,,BvP fetch not used in model; point-in-time safe history unavailable,,6.0,6.0,unavailable,CWS@SD,,unavailable,unavailable,,-15.77,+1943,0.048944,0.206612,valid,+384,,,"{""avg"": null, ""games"": 0, ""hr_rate"": null, ""ops"": null, ""pa"": 0, ""slg"": null, ""tb_rate"": null}","{""avg"": null, ""games"": 0, ""hr_rate"": null, ""ops"": null, ""pa"": 0, ""slg"": null, ""tb_rate"": null}","{""avg"": null, ""games"": 0, ""hr_rate"": null, ""ops"": null, ""pa"": 0, ""slg"": null, ""tb_rate"": null}",,4,Expected Lineup,Low,,SD,R,Curveball 40.4%; 4-Seam Fastball 36.5%; Sinker 11.1%; Slider 8.6%,,,missing player id,unavailable,missing player id,,Colson Montgomery,SS,PASS,PASS,,unavailable,unavailable,,Germán Márquez,,-22.08,+363,0.215928,0.436681,CWS,,1.5,valid,+129,"lineup/starter change, price move through pass threshold, roof/weather change, or missing pitch-type/Statcast source conflict",,,,,
,,,,,missing player id,unavailable,,,,,,,,,,,,BvP fetch not used in model; point-in-time safe history unavailable,,6.0,6.0,unavailable,CWS@SD,,unavailable,unavailable,,-9.09,+1943,0.048944,0.13986,valid,+615,,,"{""avg"": null, ""games"": 0, ""hr_rate"": null, ""ops"": null, ""pa"": 0, ""slg"": null, ""tb_rate"": null}","{""avg"": null, ""games"": 0, ""hr_rate"": null, ""ops"": null, ""pa"": 0, ""slg"": null, ""tb_rate"": null}","{""avg"": null, ""games"": 0, ""hr_rate"": null, ""ops"": null, ""pa"": 0, ""slg"": null, ""tb_rate"": null}",,5,Expected Lineup,Low,,SD,R,Curveball 40.4%; 4-Seam Fastball 36.5%; Sinker 11.1%; Slider 8.6%,,,missing player id,unavailable,missing player id,,Austin Hays,RF,PASS,PASS,,unavailable,unavailable,,Germán Márquez,,-18.73,+363,0.215928,0.403226,CWS,,1.5,valid,+148,"lineup/starter change, price move through pass threshold, roof/weather change, or missing pitch-type/Statcast source conflict",,,,,
,,,,,missing player id,unavailable,,,,,,,,,,,,BvP fetch not used in model; point-in-time safe history unavailable,,6.0,6.0,unavailable,CWS@SD,,unavailable,unavailable,,-3.27,+1943,0.048944,0.081633,valid,+1125,,,"{""avg"": null, ""games"": 0, ""hr_rate"": null, ""ops"": null, ""pa"": 0, ""slg"": null, ""tb_rate"": null}","{""avg"": null, ""games"": 0, ""hr_rate"": null, ""ops"": null, ""pa"": 0, ""slg"": null, ""tb_rate"": null}","{""avg"": null, ""games"": 0, ""hr_rate"": null, ""ops"": null, ""pa"": 0, ""slg"": null, ""tb_rate"": null}",,6,Expected Lineup,Low,,SD,R,Curveball 40.4%; 4-Seam Fastball 36.5%; Sinker 11.1%; Slider 8.6%,,,missing player id,unavailable,missing player id,,Sam Antonacci,LF,PASS,PASS,,unavailable,unavailable,,Germán Márquez,,-13.49,+363,0.215928,0.350877,CWS,,1.5,valid,+185,"lineup/starter change, price move through pass threshold, roof/weather change, or missing pitch-type/Statcast source conflict",,,,,
,,,,,missing player id,unavailable,,,,,,,,,,,,BvP fetch not used in model; point-in-time safe history unavailable,,6.0,6.0,unavailable,CWS@SD,,unavailable,unavailable,,-3.11,+1943,0.048944,0.08,valid,+1150,,,"{""avg"": null, ""games"": 0, ""hr_rate"": null, ""ops"": null, ""pa"": 0, ""slg"": null, ""tb_rate"": null}","{""avg"": null, ""games"": 0, ""hr_rate"": null, ""ops"": null, ""pa"": 0, ""slg"": null, ""tb_rate"": null}","{""avg"": null, ""games"": 0, ""hr_rate"": null, ""ops"": null, ""pa"": 0, ""slg"": null, ""tb_rate"": null}",,7,Expected Lineup,Low,,SD,R,Curveball 40.4%; 4-Seam Fastball 36.5%; Sinker 11.1%; Slider 8.6%,,,missing player id,unavailable,missing player id,,Chase Meidroth,2B,PASS,PASS,,unavailable,unavailable,,Germán Márquez,,-12.08,+363,0.215928,0.3367,CWS,,1.5,valid,+197,"lineup/starter change, price move through pass threshold, roof/weather change, or missing pitch-type/Statcast source conflict",,,,,
,,,,,missing player id,unavailable,,,,,,,,,,,,BvP fetch not used in model; point-in-time safe history unavailable,,6.0,6.0,unavailable,CWS@SD,,unavailable,unavailable,,-3.11,+1943,0.048944,0.08,valid,+1150,,,"{""avg"": null, ""games"": 0, ""hr_rate"": null, ""ops"": null, ""pa"": 0, ""slg"": null, ""tb_rate"": null}","{""avg"": null, ""games"": 0, ""hr_rate"": null, ""ops"": null, ""pa"": 0, ""slg"": null, ""tb_rate"": null}","{""avg"": null, ""games"": 0, ""hr_rate"": null, ""ops"": null, ""pa"": 0, ""slg"": null, ""tb_rate"": null}",,8,Expected Lineup,Low,,SD,R,Curveball 40.4%; 4-Seam Fastball 36.5%; Sinker 11.1%; Slider 8.6%,,,missing player id,unavailable,missing player id,,Tristan Peters,CF,PASS,PASS,,unavailable,unavailable,,Germán Márquez,,-7.82,+363,0.215928,0.294118,CWS,,1.5,valid,+240,"lineup/starter change, price move through pass threshold, roof/weather change, or missing pitch-type/Statcast source conflict",,,,,
,,,,,missing player id,unavailable,,,,,,,,,,,,BvP fetch not used in model; point-in-time safe history unavailable,,6.0,6.0,unavailable,CWS@SD,,unavailable,unavailable,,-2.8,+1943,0.048944,0.076923,valid,+1200,,,"{""avg"": null, ""games"": 0, ""hr_rate"": null, ""ops"": null, ""pa"": 0, ""slg"": null, ""tb_rate"": null}","{""avg"": null, ""games"": 0, ""hr_rate"": null, ""ops"": null, ""pa"": 0, ""slg"": null, ""tb_rate"": null}","{""avg"": null, ""games"": 0, ""hr_rate"": null, ""ops"": null, ""pa"": 0, ""slg"": null, ""tb_rate"": null}",,9,Expected Lineup,Low,,SD,R,Curveball 40.4%; 4-Seam Fastball 36.5%; Sinker 11.1%; Slider 8.6%,,,missing player id,unavailable,missing player id,,Edgar Quero,C,PASS,PASS,,unavailable,unavailable,,Germán Márquez,,-8.9,+363,0.215928,0.304878,CWS,,1.5,valid,+228,"lineup/starter change, price move through pass threshold, roof/weather change, or missing pitch-type/Statcast source conflict",,,,,
,,,,,missing player id,unavailable,,,,,,,,,,,,BvP fetch not used in model; point-in-time safe history unavailable,,6.0,6.0,unavailable,CWS@SD,,unavailable,unavailable,,-15.86,+24900,0.004,0.162602,valid,+515,,,"{""avg"": null, ""games"": 0, ""hr_rate"": null, ""ops"": null, ""pa"": 0, ""slg"": null, ""tb_rate"": null}","{""avg"": null, ""games"": 0, ""hr_rate"": null, ""ops"": null, ""pa"": 0, ""slg"": null, ""tb_rate"": null}","{""avg"": null, ""games"": 0, ""hr_rate"": null, ""ops"": null, ""pa"": 0, ""slg"": null, ""tb_rate"": null}",,1,Expected Lineup,Low,,CWS,L,4-Seam Fastball 32.5%; Sweeper 21.3%; Sinker 20.1%; Cutter 18.9%,,,missing player id,unavailable,missing player id,,Ramon Laureano,LF,PASS,PASS,,unavailable,unavailable,,Noah Schultz,,-31.45,+744,0.118437,0.4329,SD,,1.5,valid,+131,"lineup/starter change, price move through pass threshold, roof/weather change, or missing pitch-type/Statcast source conflict",,,,,
,,,,,missing player id,unavailable,,,,,,,,,,,,BvP fetch not used in model; point-in-time safe history unavailable,,6.0,6.0,unavailable,CWS@SD,,unavailable,unavailable,,-19.76,+24900,0.004,0.201613,valid,+396,,,"{""avg"": null, ""games"": 0, ""hr_rate"": null, ""ops"": null, ""pa"": 0, ""slg"": null, ""tb_rate"": null}","{""avg"": null, ""games"": 0, ""hr_rate"": null, ""ops"": null, ""pa"": 0, ""slg"": null, ""tb_rate"": null}","{""avg"": null, ""games"": 0, ""hr_rate"": null, ""ops"": null, ""pa"": 0, ""slg"": null, ""tb_rate"": null}",,2,Expected Lineup,Low,,CWS,L,4-Seam Fastball 32.5%; Sweeper 21.3%; Sinker 20.1%; Cutter 18.9%,,,missing player id,unavailable,missing player id,,Fernando Tatis,2B,PASS,PASS,,unavailable,unavailable,,Noah Schultz,,-34.24,+744,0.118437,0.460829,SD,,1.5,valid,+117,"lineup/starter change, price move through pass threshold, roof/weather change, or missing pitch-type/Statcast source conflict",,,,,
,,,,,missing player id,unavailable,,,,,,,,,,,,BvP fetch not used in model; point-in-time safe history unavailable,,6.0,6.0,unavailable,CWS@SD,,unavailable,unavailable,,-13.49,+24900,0.004,0.138889,valid,+620,,,"{""avg"": null, ""games"": 0, ""hr_rate"": null, ""ops"": null, ""pa"": 0, ""slg"": null, ""tb_rate"": null}","{""avg"": null, ""games"": 0, ""hr_rate"": null, ""ops"": null, ""pa"": 0, ""slg"": null, ""tb_rate"": null}","{""avg"": null, ""games"": 0, ""hr_rate"": null, ""ops"": null, ""pa"": 0, ""slg"": null, ""tb_rate"": null}",,3,Expected Lineup,Low,,CWS,L,4-Seam Fastball 32.5%; Sweeper 21.3%; Sinker 20.1%; Cutter 18.9%,,,missing player id,unavailable,missing player id,,Jackson Merrill,CF,PASS,PASS,,unavailable,unavailable,,Noah Schultz,,-30.89,+744,0.118437,0.42735,SD,,1.5,valid,+134,"lineup/starter change, price move through pass threshold, roof/weather change, or missing pitch-type/Statcast source conflict",,,,,
,,,,,missing player id,unavailable,,,,,,,,,,,,BvP fetch not used in model; point-in-time safe history unavailable,,6.0,6.0,unavailable,CWS@SD,,unavailable,unavailable,,-18.33,+24900,0.004,0.187266,valid,+434,,,"{""avg"": null, ""games"": 0, ""hr_rate"": null, ""ops"": null, ""pa"": 0, ""slg"": null, ""tb_rate"": null}","{""avg"": null, ""games"": 0, ""hr_rate"": null, ""ops"": null, ""pa"": 0, ""slg"": null, ""tb_rate"": null}","{""avg"": null, ""games"": 0, ""hr_rate"": null, ""ops"": null, ""pa"": 0, ""slg"": null, ""tb_rate"": null}",,4,Expected Lineup,Low,,CWS,L,4-Seam Fastball 32.5%; Sweeper 21.3%; Sinker 20.1%; Cutter 18.9%,,,missing player id,unavailable,missing player id,,Manny Machado,3B,PASS,PASS,,unavailable,unavailable,,Noah Schultz,,-30.35,+744,0.118437,0.421941,SD,,1.5,valid,+137,"lineup/starter change, price move through pass threshold, roof/weather change, or missing pitch-type/Statcast source conflict",,,,,
,,,,,missing player id,unavailable,,,,,,,,,,,,BvP fetch not used in model; point-in-time safe history unavailable,,6.0,6.0,unavailable,CWS@SD,,unavailable,unavailable,,-9.8,+24900,0.004,0.102041,valid,+880,,,"{""avg"": null, ""games"": 0, ""hr_rate"": null, ""ops"": null, ""pa"": 0, ""slg"": null, ""tb_rate"": null}","{""avg"": null, ""games"": 0, ""hr_rate"": null, ""ops"": null, ""pa"": 0, ""slg"": null, ""tb_rate"": null}","{""avg"": null, ""games"": 0, ""hr_rate"": null, ""ops"": null, ""pa"": 0, ""slg"": null, ""tb_rate"": null}",,5,Expected Lineup,Low,,CWS,L,4-Seam Fastball 32.5%; Sweeper 21.3%; Sinker 20.1%; Cutter 18.9%,,,missing player id,unavailable,missing player id,,Miguel Andujar,DH,PASS,PASS,,unavailable,unavailable,,Noah Schultz,,-28.16,+744,0.118437,0.4,SD,,1.5,valid,+150,"lineup/starter change, price move through pass threshold, roof/weather change, or missing pitch-type/Statcast source conflict",,,,,
,,,,,missing player id,unavailable,,,,,,,,,,,,BvP fetch not used in model; point-in-time safe history unavailable,,6.0,6.0,unavailable,CWS@SD,,unavailable,unavailable,,-12.42,+24900,0.004,0.128205,valid,+680,,,"{""avg"": null, ""games"": 0, ""hr_rate"": null, ""ops"": null, ""pa"": 0, ""slg"": null, ""tb_rate"": null}","{""avg"": null, ""games"": 0, ""hr_rate"": null, ""ops"": null, ""pa"": 0, ""slg"": null, ""tb_rate"": null}","{""avg"": null, ""games"": 0, ""hr_rate"": null, ""ops"": null, ""pa"": 0, ""slg"": null, ""tb_rate"": null}",,6,Expected Lineup,Low,,CWS,L,4-Seam Fastball 32.5%; Sweeper 21.3%; Sinker 20.1%; Cutter 18.9%,,,missing player id,unavailable,missing player id,,Xander Bogaerts,SS,PASS,PASS,,unavailable,unavailable,,Noah Schultz,,-28.48,+744,0.118437,0.403226,SD,,1.5,valid,+148,"lineup/starter change, price move through pass threshold, roof/weather change, or missing pitch-type/Statcast source conflict",,,,,
,,,,,missing player id,unavailable,,,,,,,,,,,,BvP fetch not used in model; point-in-time safe history unavailable,,6.0,6.0,unavailable,CWS@SD,,unavailable,unavailable,,-12.93,+24900,0.004,0.133333,valid,+650,,,"{""avg"": null, ""games"": 0, ""hr_rate"": null, ""ops"": null, ""pa"": 0, ""slg"": null, ""tb_rate"": null}","{""avg"": null, ""games"": 0, ""hr_rate"": null, ""ops"": null, ""pa"": 0, ""slg"": null, ""tb_rate"": null}","{""avg"": null, ""games"": 0, ""hr_rate"": null, ""ops"": null, ""pa"": 0, ""slg"": null, ""tb_rate"": null}",,7,Expected Lineup,Low,,CWS,L,4-Seam Fastball 32.5%; Sweeper 21.3%; Sinker 20.1%; Cutter 18.9%,,,missing player id,unavailable,missing player id,,Nick Castellanos,RF,PASS,PASS,,unavailable,unavailable,,Noah Schultz,,-28.97,+744,0.118437,0.408163,SD,,1.5,valid,+145,"lineup/starter change, price move through pass threshold, roof/weather change, or missing pitch-type/Statcast source conflict",,,,,
,,,,,missing player id,unavailable,,,,,,,,,,,,BvP fetch not used in model; point-in-time safe history unavailable,,6.0,6.0,unavailable,CWS@SD,,unavailable,unavailable,,-11.23,+24900,0.004,0.116279,valid,+760,,,"{""avg"": null, ""games"": 0, ""hr_rate"": null, ""ops"": null, ""pa"": 0, ""slg"": null, ""tb_rate"": null}","{""avg"": null, ""games"": 0, ""hr_rate"": null, ""ops"": null, ""pa"": 0, ""slg"": null, ""tb_rate"": null}","{""avg"": null, ""games"": 0, ""hr_rate"": null, ""ops"": null, ""pa"": 0, ""slg"": null, ""tb_rate"": null}",,8,Expected Lineup,Low,,CWS,L,4-Seam Fastball 32.5%; Sweeper 21.3%; Sinker 20.1%; Cutter 18.9%,,,missing player id,unavailable,missing player id,,Ty France,1B,PASS,PASS,,unavailable,unavailable,,Noah Schultz,,-27.53,+744,0.118437,0.393701,SD,,1.5,valid,+154,"lineup/starter change, price move through pass threshold, roof/weather change, or missing pitch-type/Statcast source conflict",,,,,
,,,,,missing player id,unavailable,,,,,,,,,,,,BvP fetch not used in model; point-in-time safe history unavailable,,5.8,5.8,unavailable,CWS@SD,,unavailable,unavailable,,,+24900,0.004,,missing,,,,"{""avg"": null, ""games"": 0, ""hr_rate"": null, ""ops"": null, ""pa"": 0, ""slg"": null, ""tb_rate"": null}","{""avg"": null, ""games"": 0, ""hr_rate"": null, ""ops"": null, ""pa"": 0, ""slg"": null, ""tb_rate"": null}","{""avg"": null, ""games"": 0, ""hr_rate"": null, ""ops"": null, ""pa"": 0, ""slg"": null, ""tb_rate"": null}",,9,Expected Lineup,Low,,CWS,L,4-Seam Fastball 32.5%; Sweeper 21.3%; Sinker 20.1%; Cutter 18.9%,,,missing player id,unavailable,missing player id,,Luis Campusano,C,WATCHLIST,WATCHLIST,,unavailable,unavailable,,Noah Schultz,,,+744,0.118437,,SD,,,missing,,"lineup/starter change, price move through pass threshold, roof/weather change, or missing pitch-type/Statcast source conflict",,,,,
,,,,,missing player id,unavailable,,,,,,,,,,,,BvP fetch not used in model; point-in-time safe history unavailable,,6.0,6.0,unavailable,KC@SEA,,unavailable,unavailable,,-7.58,+2541,0.03786,0.113636,valid,+780,,,"{""avg"": null, ""games"": 0, ""hr_rate"": null, ""ops"": null, ""pa"": 0, ""slg"": null, ""tb_rate"": null}","{""avg"": null, ""games"": 0, ""hr_rate"": null, ""ops"": null, ""pa"": 0, ""slg"": null, ""tb_rate"": null}","{""avg"": null, ""games"": 0, ""hr_rate"": null, ""ops"": null, ""pa"": 0, ""slg"": null, ""tb_rate"": null}",,1,Expected Lineup,Low,,SEA,R,4-Seam Fastball 50.3%; Sinker 22.8%; Sweeper 13.7%; Slider 8.9%,,,missing player id,unavailable,missing player id,,Maikel Garcia,3B,PASS,PASS,,unavailable,unavailable,,Bryan Woo,,-20.78,+412,0.19539,0.403226,KC,,1.5,valid,+148,"lineup/starter change, price move through pass threshold, roof/weather change, or missing pitch-type/Statcast source conflict",,,,,
,,,,,missing player id,unavailable,,,,,,,,,,,,BvP fetch not used in model; point-in-time safe history unavailable,,6.0,6.0,unavailable,KC@SEA,,unavailable,unavailable,,-13.91,+2541,0.03786,0.176991,valid,+465,,,"{""avg"": null, ""games"": 0, ""hr_rate"": null, ""ops"": null, ""pa"": 0, ""slg"": null, ""tb_rate"": null}","{""avg"": null, ""games"": 0, ""hr_rate"": null, ""ops"": null, ""pa"": 0, ""slg"": null, ""tb_rate"": null}","{""avg"": null, ""games"": 0, ""hr_rate"": null, ""ops"": null, ""pa"": 0, ""slg"": null, ""tb_rate"": null}",,2,Expected Lineup,Low,,SEA,R,4-Seam Fastball 50.3%; Sinker 22.8%; Sweeper 13.7%; Slider 8.9%,,,missing player id,unavailable,missing player id,,Bobby Witt,SS,PASS,PASS,,unavailable,unavailable,,Bryan Woo,,-25.51,+412,0.19539,0.45045,KC,,1.5,valid,+122,"lineup/starter change, price move through pass threshold, roof/weather change, or missing pitch-type/Statcast source conflict",,,,,
,,,,,missing player id,unavailable,,,,,,,,,,,,BvP fetch not used in model; point-in-time safe history unavailable,,6.0,6.0,unavailable,KC@SEA,,unavailable,unavailable,,-13.88,+2541,0.03786,0.176678,valid,+466,,,"{""avg"": null, ""games"": 0, ""hr_rate"": null, ""ops"": null, ""pa"": 0, ""slg"": null, ""tb_rate"": null}","{""avg"": null, ""games"": 0, ""hr_rate"": null, ""ops"": null, ""pa"": 0, ""slg"": null, ""tb_rate"": null}","{""avg"": null, ""games"": 0, ""hr_rate"": null, ""ops"": null, ""pa"": 0, ""slg"": null, ""tb_rate"": null}",,3,Expected Lineup,Low,,SEA,R,4-Seam Fastball 50.3%; Sinker 22.8%; Sweeper 13.7%; Slider 8.9%,,,missing player id,unavailable,missing player id,,Vinnie Pasquantino,1B,PASS,PASS,,unavailable,unavailable,,Bryan Woo,,-21.11,+412,0.19539,0.406504,KC,,1.5,valid,+146,"lineup/starter change, price move through pass threshold, roof/weather change, or missing pitch-type/Statcast source conflict",,,,,
,,,,,missing player id,unavailable,,,,,,,,,,,,BvP fetch not used in model; point-in-time safe history unavailable,,6.0,6.0,unavailable,KC@SEA,,unavailable,unavailable,,-11.99,+2541,0.03786,0.157729,valid,+534,,,"{""avg"": null, ""games"": 0, ""hr_rate"": null, ""ops"": null, ""pa"": 0, ""slg"": null, ""tb_rate"": null}","{""avg"": null, ""games"": 0, ""hr_rate"": null, ""ops"": null, ""pa"": 0, ""slg"": null, ""tb_rate"": null}","{""avg"": null, ""games"": 0, ""hr_rate"": null, ""ops"": null, ""pa"": 0, ""slg"": null, ""tb_rate"": null}",,4,Expected Lineup,Low,,SEA,R,4-Seam Fastball 50.3%; Sinker 22.8%; Sweeper 13.7%; Slider 8.9%,,,missing player id,unavailable,missing player id,,Salvador Perez,DH,PASS,PASS,,unavailable,unavailable,,Bryan Woo,,-18.48,+412,0.19539,0.380228,KC,,1.5,valid,+163,"lineup/starter change, price move through pass threshold, roof/weather change, or missing pitch-type/Statcast source conflict",,,,,
,,,,,missing player id,unavailable,,,,,,,,,,,,BvP fetch not used in model; point-in-time safe history unavailable,,6.0,6.0,unavailable,KC@SEA,,unavailable,unavailable,,-14.07,+2541,0.03786,0.178571,valid,+460,,,"{""avg"": null, ""games"": 0, ""hr_rate"": null, ""ops"": null, ""pa"": 0, ""slg"": null, ""tb_rate"": null}","{""avg"": null, ""games"": 0, ""hr_rate"": null, ""ops"": null, ""pa"": 0, ""slg"": null, ""tb_rate"": null}","{""avg"": null, ""games"": 0, ""hr_rate"": null, ""ops"": null, ""pa"": 0, ""slg"": null, ""tb_rate"": null}",,5,Expected Lineup,Low,,SEA,R,4-Seam Fastball 50.3%; Sinker 22.8%; Sweeper 13.7%; Slider 8.9%,,,missing player id,unavailable,missing player id,,Carter Jensen,C,PASS,PASS,,unavailable,unavailable,,Bryan Woo,,-18.48,+412,0.19539,0.380228,KC,,1.5,valid,+163,"lineup/starter change, price move through pass threshold, roof/weather change, or missing pitch-type/Statcast source conflict",,,,,
,,,,,missing player id,unavailable,,,,,,,,,,,,BvP fetch not used in model; point-in-time safe history unavailable,,6.0,6.0,unavailable,KC@SEA,,unavailable,unavailable,,-12.88,+2541,0.03786,0.166667,valid,+500,,,"{""avg"": null, ""games"": 0, ""hr_rate"": null, ""ops"": null, ""pa"": 0, ""slg"": null, ""tb_rate"": null}","{""avg"": null, ""games"": 0, ""hr_rate"": null, ""ops"": null, ""pa"": 0, ""slg"": null, ""tb_rate"": null}","{""avg"": null, ""games"": 0, ""hr_rate"": null, ""ops"": null, ""pa"": 0, ""slg"": null, ""tb_rate"": null}",,6,Expected Lineup,Low,,SEA,R,4-Seam Fastball 50.3%; Sinker 22.8%; Sweeper 13.7%; Slider 8.9%,,,missing player id,unavailable,missing player id,,Michael Massey,2B,PASS,PASS,,unavailable,unavailable,,Bryan Woo,,-17.5,+412,0.19539,0.37037,KC,,1.5,valid,+170,"lineup/starter change, price move through pass threshold, roof/weather change, or missing pitch-type/Statcast source conflict",,,,,
,,,,,missing player id,unavailable,,,,,,,,,,,,BvP fetch not used in model; point-in-time safe history unavailable,,6.0,6.0,unavailable,KC@SEA,,unavailable,unavailable,,-13.61,+2541,0.03786,0.173913,valid,+475,,,"{""avg"": null, ""games"": 0, ""hr_rate"": null, ""ops"": null, ""pa"": 0, ""slg"": null, ""tb_rate"": null}","{""avg"": null, ""games"": 0, ""hr_rate"": null, ""ops"": null, ""pa"": 0, ""slg"": null, ""tb_rate"": null}","{""avg"": null, ""games"": 0, ""hr_rate"": null, ""ops"": null, ""pa"": 0, ""slg"": null, ""tb_rate"": null}",,7,Expected Lineup,Low,,SEA,R,4-Seam Fastball 50.3%; Sinker 22.8%; Sweeper 13.7%; Slider 8.9%,,,missing player id,unavailable,missing player id,,Jac Caglianone,RF,PASS,PASS,,unavailable,unavailable,,Bryan Woo,,-16.3,+412,0.19539,0.358423,KC,,1.5,valid,+179,"lineup/starter change, price move through pass threshold, roof/weather change, or missing pitch-type/Statcast source conflict",,,,,
,,,,,missing player id,unavailable,,,,,,,,,,,,BvP fetch not used in model; point-in-time safe history unavailable,,6.0,6.0,unavailable,KC@SEA,,unavailable,unavailable,,-5.14,+2541,0.03786,0.089286,valid,+1020,,,"{""avg"": null, ""games"": 0, ""hr_rate"": null, ""ops"": null, ""pa"": 0, ""slg"": null, ""tb_rate"": null}","{""avg"": null, ""games"": 0, ""hr_rate"": null, ""ops"": null, ""pa"": 0, ""slg"": null, ""tb_rate"": null}","{""avg"": null, ""games"": 0, ""hr_rate"": null, ""ops"": null, ""pa"": 0, ""slg"": null, ""tb_rate"": null}",,8,Expected Lineup,Low,,SEA,R,4-Seam Fastball 50.3%; Sinker 22.8%; Sweeper 13.7%; Slider 8.9%,,,missing player id,unavailable,missing player id,,Isaac Collins,LF,PASS,PASS,,unavailable,unavailable,,Bryan Woo,,-9.87,+412,0.19539,0.294118,KC,,1.5,valid,+240,"lineup/starter change, price move through pass threshold, roof/weather change, or missing pitch-type/Statcast source conflict",,,,,
,,,,,missing player id,unavailable,,,,,,,,,,,,BvP fetch not used in model; point-in-time safe history unavailable,,6.0,6.0,unavailable,KC@SEA,,unavailable,unavailable,,-3.91,+2541,0.03786,0.076923,valid,+1200,,,"{""avg"": null, ""games"": 0, ""hr_rate"": null, ""ops"": null, ""pa"": 0, ""slg"": null, ""tb_rate"": null}","{""avg"": null, ""games"": 0, ""hr_rate"": null, ""ops"": null, ""pa"": 0, ""slg"": null, ""tb_rate"": null}","{""avg"": null, ""games"": 0, ""hr_rate"": null, ""ops"": null, ""pa"": 0, ""slg"": null, ""tb_rate"": null}",,9,Expected Lineup,Low,,SEA,R,4-Seam Fastball 50.3%; Sinker 22.8%; Sweeper 13.7%; Slider 8.9%,,,missing player id,unavailable,missing player id,,Kyle Isbel,CF,PASS,PASS,,unavailable,unavailable,,Bryan Woo,,-9.87,+412,0.19539,0.294118,KC,,1.5,valid,+240,"lineup/starter change, price move through pass threshold, roof/weather change, or missing pitch-type/Statcast source conflict",,,,,
89.6,0.2,0.109,,L,"4-Seam Fastball: batter est_wOBA 0.400, est_SLG 0.367, pitcher allowed est_wOBA 0.352; Changeup: batter est_wOBA 0.340, est_SLG 0.400, pitcher allowed est_wOBA 0.281",unavailable,0.188119,,,,,,,,,,,BvP fetch not used in model; point-in-time safe history unavailable,,7.5,7.5,unavailable,KC@SEA,0.406,unavailable,unavailable,2,-2.05,+1321,0.070365,0.090909,valid,+1000,0.113,0.158416,"{""avg"": 0.2222222222222222, ""games"": 12, ""hr_rate"": 0.037037037037037035, ""ops"": 0.7333333333333334, ""pa"": 54, ""slg"": 0.4, ""tb_rate"": 0.3333333333333333}","{""avg"": 0.2, ""games"": 24, ""hr_rate"": 0.019801980198019802, ""ops"": 0.6590346534653465, ""pa"": 101, ""slg"": 0.3125, ""tb_rate"": 0.24752475247524752}","{""avg"": 0.2, ""games"": 6, ""hr_rate"": 0.037037037037037035, ""ops"": 0.7203703703703703, ""pa"": 27, ""slg"": 0.35, ""tb_rate"": 0.25925925925925924}",14.2,1,official_mlb_schedule,High,0.366,KC,L,4-Seam Fastball 53.6%; Changeup 18.8%; Slider 14.0%; Curveball 8.9%,0.679,101,"4-Seam Fastball: batter est_wOBA 0.400, est_SLG 0.367, pitcher allowed est_wOBA 0.352; Changeup: batter est_wOBA 0.340, est_SLG 0.400, pitcher allowed est_wOBA 0.281",favorable,"4-Seam Fastball: batter est_wOBA 0.400, est_SLG 0.367, pitcher allowed est_wOBA 0.352; Changeup: batter est_wOBA 0.340, est_SLG 0.400, pitcher allowed est_wOBA 0.281",641487,J.P. Crawford,SS,PASS,PASS,0.313,unavailable,unavailable,,Cole Ragans,0.406,-0.61,+228,0.304472,0.310559,SEA,R,1.5,valid,+222,"lineup/starter change, price move through pass threshold, roof/weather change, or missing pitch-type/Statcast source conflict",,,0.267,0.451,0.391
86.9,0.192,0.14,,S,"4-Seam Fastball: batter est_wOBA 0.255, est_SLG 0.295, pitcher allowed est_wOBA 0.352; Changeup: batter est_wOBA 0.424, est_SLG 0.658, pitcher allowed est_wOBA 0.281",unavailable,0.105634,,,,,,,,,,,BvP fetch not used in model; point-in-time safe history unavailable,,7.5,7.5,unavailable,KC@SEA,0.314,unavailable,unavailable,7,-13.62,+887,0.10135,0.23753,valid,+321,0.2,0.288732,"{""avg"": 0.22916666666666666, ""games"": 12, ""hr_rate"": 0.09090909090909091, ""ops"": 0.8715909090909091, ""pa"": 55, ""slg"": 0.5625, ""tb_rate"": 0.4909090909090909}","{""avg"": 0.20192307692307693, ""games"": 26, ""hr_rate"": 0.059322033898305086, ""ops"": 0.7123533246414602, ""pa"": 118, ""slg"": 0.4326923076923077, ""tb_rate"": 0.3813559322033898}","{""avg"": 0.16666666666666666, ""games"": 6, ""hr_rate"": 0.07142857142857142, ""ops"": 0.6666666666666667, ""pa"": 28, ""slg"": 0.4166666666666667, ""tb_rate"": 0.35714285714285715}",22.4,2,official_mlb_schedule,High,0.275,KC,L,4-Seam Fastball 53.6%; Changeup 18.8%; Slider 14.0%; Curveball 8.9%,0.667,142,"4-Seam Fastball: batter est_wOBA 0.255, est_SLG 0.295, pitcher allowed est_wOBA 0.352; Changeup: batter est_wOBA 0.424, est_SLG 0.658, pitcher allowed est_wOBA 0.281",neutral,"4-Seam Fastball: batter est_wOBA 0.255, est_SLG 0.295, pitcher allowed est_wOBA 0.352; Changeup: batter est_wOBA 0.424, est_SLG 0.658, pitcher allowed est_wOBA 0.281",663728,Cal Raleigh,C,PASS,PASS,0.392,unavailable,unavailable,,Cole Ragans,0.337,-6.73,+193,0.340844,0.408163,SEA,R,1.5,valid,+145,"lineup/starter change, price move through pass threshold, roof/weather change, or missing pitch-type/Statcast source conflict",,,0.204,0.454,0.327
88.2,0.254,0.063,,R,"4-Seam Fastball: batter est_wOBA 0.335, est_SLG 0.323, pitcher allowed est_wOBA 0.352; Changeup: batter est_wOBA 0.349, est_SLG 0.266, pitcher allowed est_wOBA 0.281",unavailable,0.085714,,,,,,,,,,,BvP fetch not used in model; point-in-time safe history unavailable,,7.5,7.5,unavailable,KC@SEA,0.4,unavailable,unavailable,2,-9.4,+1619,0.058159,0.152207,valid,+557,0.095,0.221429,"{""avg"": 0.3333333333333333, ""games"": 12, ""hr_rate"": 0.018867924528301886, ""ops"": 0.8290788013318535, ""pa"": 53, ""slg"": 0.47058823529411764, ""tb_rate"": 0.4528301886792453}","{""avg"": 0.28846153846153844, ""games"": 26, ""hr_rate"": 0.017543859649122806, ""ops"": 0.7371794871794872, ""pa"": 114, ""slg"": 0.40384615384615385, ""tb_rate"": 0.3684210526315789}","{""avg"": 0.2857142857142857, ""games"": 6, ""hr_rate"": 0.03571428571428571, ""ops"": 0.7857142857142857, ""pa"": 28, ""slg"": 0.5, ""tb_rate"": 0.5}",8.7,3,official_mlb_schedule,High,0.329,KC,L,4-Seam Fastball 53.6%; Changeup 18.8%; Slider 14.0%; Curveball 8.9%,0.678,140,"4-Seam Fastball: batter est_wOBA 0.335, est_SLG 0.323, pitcher allowed est_wOBA 0.352; Changeup: batter est_wOBA 0.349, est_SLG 0.266, pitcher allowed est_wOBA 0.281",neutral,"4-Seam Fastball: batter est_wOBA 0.335, est_SLG 0.323, pitcher allowed est_wOBA 0.352; Changeup: batter est_wOBA 0.349, est_SLG 0.266, pitcher allowed est_wOBA 0.281",677594,Julio Rodríguez,CF,PASS,PASS,0.349,unavailable,unavailable,,Cole Ragans,0.305,-11.79,+235,0.298726,0.416667,SEA,R,1.5,valid,+140,"lineup/starter change, price move through pass threshold, roof/weather change, or missing pitch-type/Statcast source conflict",,,0.254,0.391,0.318
87.4,0.212,0.075,,L,"4-Seam Fastball: batter est_wOBA 0.363, est_SLG 0.510, pitcher allowed est_wOBA 0.352; Changeup: batter est_wOBA 0.442, est_SLG 0.582, pitcher allowed est_wOBA 0.281",unavailable,0.087302,,,,,,,,,,,BvP fetch not used in model; point-in-time safe history unavailable,,7.5,7.5,unavailable,KC@SEA,0.376,unavailable,unavailable,4,-4.81,+1227,0.075353,0.123457,valid,+710,0.124,0.166667,"{""avg"": 0.40540540540540543, ""games"": 10, ""hr_rate"": 0.046511627906976744, ""ops"": 1.086737900691389, ""pa"": 43, ""slg"": 0.6216216216216216, ""tb_rate"": 0.5348837209302325}","{""avg"": 0.25555555555555554, ""games"": 23, ""hr_rate"": 0.04, ""ops"": 0.721111111111111, ""pa"": 100, ""slg"": 0.4111111111111111, ""tb_rate"": 0.37}","{""avg"": 0.3, ""games"": 5, ""hr_rate"": 0.09090909090909091, ""ops"": 0.9636363636363636, ""pa"": 22, ""slg"": 0.6, ""tb_rate"": 0.5454545454545454}",16.9,4,official_mlb_schedule,High,0.286,KC,L,4-Seam Fastball 53.6%; Changeup 18.8%; Slider 14.0%; Curveball 8.9%,0.622,126,"4-Seam Fastball: batter est_wOBA 0.363, est_SLG 0.510, pitcher allowed est_wOBA 0.352; Changeup: batter est_wOBA 0.442, est_SLG 0.582, pitcher allowed est_wOBA 0.281",favorable,"4-Seam Fastball: batter est_wOBA 0.363, est_SLG 0.510, pitcher allowed est_wOBA 0.352; Changeup: batter est_wOBA 0.442, est_SLG 0.582, pitcher allowed est_wOBA 0.281",647304,Josh Naylor,1B,PASS,PASS,0.336,unavailable,unavailable,,Cole Ragans,0.333,-3.31,+189,0.345693,0.378788,SEA,L,1.5,valid,+164,"lineup/starter change, price move through pass threshold, roof/weather change, or missing pitch-type/Statcast source conflict",,,0.254,0.411,0.32
90.1,0.289,0.069,,R,"4-Seam Fastball: batter est_wOBA 0.470, est_SLG 0.613, pitcher allowed est_wOBA 0.352; Changeup: batter est_wOBA 0.403, est_SLG 0.477, pitcher allowed est_wOBA 0.281",unavailable,0.11194,,,,,,,,,,,BvP fetch not used in model; point-in-time safe history unavailable,,7.5,7.5,unavailable,KC@SEA,0.391,unavailable,unavailable,2,-9.82,+1372,0.067925,0.166113,valid,+502,0.15,0.216418,"{""avg"": 0.2727272727272727, ""games"": 12, ""hr_rate"": 0.02040816326530612, ""ops"": 0.8061224489795918, ""pa"": 49, ""slg"": 0.5, ""tb_rate"": 0.4489795918367347}","{""avg"": 0.2978723404255319, ""games"": 26, ""hr_rate"": 0.018518518518518517, ""ops"": 0.8092986603624901, ""pa"": 108, ""slg"": 0.4574468085106383, ""tb_rate"": 0.39814814814814814}","{""avg"": 0.2857142857142857, ""games"": 6, ""hr_rate"": 0.0, ""ops"": 0.8838095238095238, ""pa"": 25, ""slg"": 0.5238095238095238, ""tb_rate"": 0.44}",7.1,5,official_mlb_schedule,High,0.381,KC,L,4-Seam Fastball 53.6%; Changeup 18.8%; Slider 14.0%; Curveball 8.9%,0.82,134,"4-Seam Fastball: batter est_wOBA 0.470, est_SLG 0.613, pitcher allowed est_wOBA 0.352; Changeup: batter est_wOBA 0.403, est_SLG 0.477, pitcher allowed est_wOBA 0.281",favorable,"4-Seam Fastball: batter est_wOBA 0.470, est_SLG 0.613, pitcher allowed est_wOBA 0.352; Changeup: batter est_wOBA 0.403, est_SLG 0.477, pitcher allowed est_wOBA 0.281",668227,Randy Arozarena,LF,PASS,PASS,0.439,unavailable,unavailable,,Cole Ragans,0.391,-2.82,+206,0.32642,0.35461,SEA,R,1.5,valid,+182,"lineup/starter change, price move through pass threshold, roof/weather change, or missing pitch-type/Statcast source conflict",,,0.263,0.392,0.34
,0.206,,,R,"4-Seam Fastball: batter est_wOBA 0.387, est_SLG 0.532, pitcher allowed est_wOBA 0.352; Changeup: batter est_wOBA 0.170, est_SLG 0.260, pitcher allowed est_wOBA 0.281",unavailable,0.170732,,,,,,,,,,,BvP fetch not used in model; point-in-time safe history unavailable,,7.5,7.5,unavailable,KC@SEA,,unavailable,unavailable,0,-12.17,+2492,0.038587,0.160256,valid,+524,0.029,0.268293,"{""avg"": 0.25, ""games"": 8, ""hr_rate"": 0.0, ""ops"": 0.675, ""pa"": 24, ""slg"": 0.3, ""tb_rate"": 0.25}","{""avg"": 0.21875, ""games"": 12, ""hr_rate"": 0.0, ""ops"": 0.5743243243243243, ""pa"": 37, ""slg"": 0.25, ""tb_rate"": 0.21621621621621623}","{""avg"": 0.3333333333333333, ""games"": 4, ""hr_rate"": 0.0, ""ops"": 0.8333333333333333, ""pa"": 12, ""slg"": 0.3333333333333333, ""tb_rate"": 0.25}",,6,official_mlb_schedule,High,0.341,KC,L,4-Seam Fastball 53.6%; Changeup 18.8%; Slider 14.0%; Curveball 8.9%,0.576,41,"4-Seam Fastball: batter est_wOBA 0.387, est_SLG 0.532, pitcher allowed est_wOBA 0.352; Changeup: batter est_wOBA 0.170, est_SLG 0.260, pitcher allowed est_wOBA 0.281",neutral,"4-Seam Fastball: batter est_wOBA 0.387, est_SLG 0.532, pitcher allowed est_wOBA 0.352; Changeup: batter est_wOBA 0.170, est_SLG 0.260, pitcher allowed est_wOBA 0.281",641598,Mitch Garver,DH,PASS,PASS,0.235,unavailable,unavailable,,Cole Ragans,,-11.67,+371,0.212235,0.328947,SEA,R,1.5,valid,+204,"lineup/starter change, price move through pass threshold, roof/weather change, or missing pitch-type/Statcast source conflict",,,,,
88.4,0.286,0.093,,L,"4-Seam Fastball: batter est_wOBA 0.332, est_SLG 0.403, pitcher allowed est_wOBA 0.352; Changeup: batter est_wOBA 0.220, est_SLG 0.262, pitcher allowed est_wOBA 0.281",unavailable,0.087302,,,,,,,,,,,BvP fetch not used in model; point-in-time safe history unavailable,,7.5,7.5,unavailable,KC@SEA,0.407,unavailable,unavailable,3,-3.82,+1225,0.075443,0.113636,valid,+780,0.134,0.214286,"{""avg"": 0.3953488372093023, ""games"": 12, ""hr_rate"": 0.020833333333333332, ""ops"": 0.928294573643411, ""pa"": 48, ""slg"": 0.5116279069767442, ""tb_rate"": 0.4583333333333333}","{""avg"": 0.27472527472527475, ""games"": 26, ""hr_rate"": 0.019230769230769232, ""ops"": 0.7211538461538463, ""pa"": 104, ""slg"": 0.38461538461538464, ""tb_rate"": 0.33653846153846156}","{""avg"": 0.5, ""games"": 6, ""hr_rate"": 0.041666666666666664, ""ops"": 1.1856060606060606, ""pa"": 24, ""slg"": 0.7272727272727273, ""tb_rate"": 0.6666666666666666}",19.6,7,official_mlb_schedule,High,0.357,KC,L,4-Seam Fastball 53.6%; Changeup 18.8%; Slider 14.0%; Curveball 8.9%,0.777,126,"4-Seam Fastball: batter est_wOBA 0.332, est_SLG 0.403, pitcher allowed est_wOBA 0.352; Changeup: batter est_wOBA 0.220, est_SLG 0.262, pitcher allowed est_wOBA 0.281",neutral,"4-Seam Fastball: batter est_wOBA 0.332, est_SLG 0.403, pitcher allowed est_wOBA 0.352; Changeup: batter est_wOBA 0.220, est_SLG 0.262, pitcher allowed est_wOBA 0.281",702284,Cole Young,2B,PASS,LEAN,0.42,unavailable,unavailable,,Cole Ragans,0.407,2.52,+175,0.364156,0.338983,SEA,R,1.5,valid,+195,"lineup/starter change, price move through pass threshold, roof/weather change, or missing pitch-type/Statcast source conflict",,,0.284,0.46,0.357
,0.214,,,R,"4-Seam Fastball: batter est_wOBA 0.000, est_SLG unavailable, pitcher allowed est_wOBA 0.352; Changeup: batter est_wOBA 0.637, est_SLG 1.103, pitcher allowed est_wOBA 0.281",unavailable,0.066667,,,,,,,,,,,BvP fetch not used in model; point-in-time safe history unavailable,,5.8,5.8,unavailable,KC@SEA,,unavailable,unavailable,0,,+1939,0.049039,,missing,,0.072,0.333333,"{""avg"": 0.3333333333333333, ""games"": 3, ""hr_rate"": 0.0, ""ops"": 0.8444444444444444, ""pa"": 10, ""slg"": 0.4444444444444444, ""tb_rate"": 0.4}","{""avg"": 0.21428571428571427, ""games"": 5, ""hr_rate"": 0.0, ""ops"": 0.5523809523809524, ""pa"": 15, ""slg"": 0.2857142857142857, ""tb_rate"": 0.26666666666666666}","{""avg"": 0.3333333333333333, ""games"": 2, ""hr_rate"": 0.0, ""ops"": 0.8333333333333333, ""pa"": 6, ""slg"": 0.5, ""tb_rate"": 0.5}",,8,official_mlb_schedule,High,0.267,KC,L,4-Seam Fastball 53.6%; Changeup 18.8%; Slider 14.0%; Curveball 8.9%,0.553,15,"4-Seam Fastball: batter est_wOBA 0.000, est_SLG unavailable, pitcher allowed est_wOBA 0.352; Changeup: batter est_wOBA 0.637, est_SLG 1.103, pitcher allowed est_wOBA 0.281",unfavorable,"4-Seam Fastball: batter est_wOBA 0.000, est_SLG unavailable, pitcher allowed est_wOBA 0.352; Changeup: batter est_wOBA 0.637, est_SLG 1.103, pitcher allowed est_wOBA 0.281",656582,Connor Joe,RF,WATCHLIST,WATCHLIST,0.286,unavailable,unavailable,,Cole Ragans,,,+249,0.286471,,SEA,R,,missing,,"lineup/starter change, price move through pass threshold, roof/weather change, or missing pitch-type/Statcast source conflict",,,,,
86.4,0.149,0.02,,S,"4-Seam Fastball: batter est_wOBA 0.266, est_SLG 0.287, pitcher allowed est_wOBA 0.352; Changeup: batter est_wOBA 0.198, est_SLG 0.179, pitcher allowed est_wOBA 0.281",unavailable,0.113636,,,,,,,,,,,BvP fetch not used in model; point-in-time safe history unavailable,,7.5,5.8,unavailable,KC@SEA,0.122,unavailable,unavailable,0,-7.54,+24900,0.004,0.079365,valid,+1160,0.04,0.306818,"{""avg"": 0.12121212121212122, ""games"": 12, ""hr_rate"": 0.0, ""ops"": 0.2596232596232596, ""pa"": 37, ""slg"": 0.15151515151515152, ""tb_rate"": 0.13513513513513514}","{""avg"": 0.12962962962962962, ""games"": 20, ""hr_rate"": 0.0, ""ops"": 0.37542087542087543, ""pa"": 66, ""slg"": 0.14814814814814814, ""tb_rate"": 0.12121212121212122}","{""avg"": 0.14285714285714285, ""games"": 6, ""hr_rate"": 0.0, ""ops"": 0.26785714285714285, ""pa"": 16, ""slg"": 0.14285714285714285, ""tb_rate"": 0.125}",18.4,9,official_mlb_schedule,High,0.264,KC,L,4-Seam Fastball 53.6%; Changeup 18.8%; Slider 14.0%; Curveball 8.9%,0.453,88,"4-Seam Fastball: batter est_wOBA 0.266, est_SLG 0.287, pitcher allowed est_wOBA 0.352; Changeup: batter est_wOBA 0.198, est_SLG 0.179, pitcher allowed est_wOBA 0.281",unfavorable,"4-Seam Fastball: batter est_wOBA 0.266, est_SLG 0.287, pitcher allowed est_wOBA 0.352; Changeup: batter est_wOBA 0.198, est_SLG 0.179, pitcher allowed est_wOBA 0.281",660844,Leo Rivas,3B,PASS,PASS,0.189,unavailable,unavailable,,Cole Ragans,0.367,,+1567,0.06,,SEA,R,1.5,invalid_or_outlier_market_odds,+306,"lineup/starter change, price move through pass threshold, roof/weather change, or missing pitch-type/Statcast source conflict",,,0.164,0.236,0.245
