date,game,player,team,prop_type,model_probability,fair_odds,market_odds,market_implied_probability,edge_percent,tier,confidence,result,win_loss_push,profit_loss_units,closing_odds,closing_line_value,notes,evaluation_mode
2026-04-18,KC@NYY,Maikel Garcia,KC,HR,2.96,+3281,700,12.50,-9.54,D,"High — stats+savant+recent+BvP, posted lineup, live markets matched",L,L,-1.000,,,"1 H, 2 TB, 0 HR, 0 R, 0 RBI",betting_roi
2026-04-18,KC@NYY,Maikel Garcia,KC,2+ TB,24.03,+316,128,43.86,-19.83,C,"High — stats+savant+recent+BvP, posted lineup, live markets matched",W,W,1.280,,,"1 H, 2 TB, 0 HR, 0 R, 0 RBI",betting_roi
2026-04-18,KC@NYY,Bobby Witt Jr.,KC,HR,1.97,+4982,420,19.23,-17.26,D,"High — stats+savant+recent+BvP, posted lineup, live markets matched",L,L,-1.000,,,"1 H, 1 TB, 0 HR, 0 R, 0 RBI",betting_roi
2026-04-18,KC@NYY,Bobby Witt Jr.,KC,2+ TB,23.40,+327,-105,51.22,-27.82,C,"High — stats+savant+recent+BvP, posted lineup, live markets matched",L,L,-1.000,,,"1 H, 1 TB, 0 HR, 0 R, 0 RBI",betting_roi
2026-04-18,KC@NYY,Vinnie Pasquantino,KC,HR,0.40,+24900,600,14.29,-13.89,D,"High — stats+savant+recent+BvP, posted lineup, live markets matched",L,L,-1.000,,,"0 H, 0 TB, 0 HR, 0 R, 0 RBI",betting_roi
2026-04-18,KC@NYY,Vinnie Pasquantino,KC,2+ TB,9.62,+939,160,38.46,-28.84,D,"High — stats+savant+recent+BvP, posted lineup, live markets matched",L,L,-1.000,,,"0 H, 0 TB, 0 HR, 0 R, 0 RBI",betting_roi
2026-04-18,KC@NYY,Jac Caglianone,KC,HR,3.54,+2728,,,,D,"High — stats+savant+recent+BvP, posted lineup, limited or misaligned live markets",L,L,,,,"1 H, 1 TB, 0 HR, 1 R, 0 RBI",target_accuracy
2026-04-18,KC@NYY,Jac Caglianone,KC,2+ TB,25.64,+290,100,50.00,-24.36,C,"High — stats+savant+recent+BvP, posted lineup, limited or misaligned live markets",L,L,-1.000,,,"1 H, 1 TB, 0 HR, 1 R, 0 RBI",betting_roi
2026-04-18,KC@NYY,Carter Jensen,KC,HR,7.29,+1272,,,,C,"High — stats+savant+recent+BvP, posted lineup, limited or misaligned live markets",W,W,,,,"2 H, 5 TB, 1 HR, 2 R, 2 RBI",target_accuracy
2026-04-18,KC@NYY,Carter Jensen,KC,2+ TB,29.48,+239,100,50.00,-20.52,B,"High — stats+savant+recent+BvP, posted lineup, limited or misaligned live markets",W,W,1.000,,,"2 H, 5 TB, 1 HR, 2 R, 2 RBI",betting_roi
2026-04-18,KC@NYY,Michael Massey,KC,HR,0.40,+24900,900,10.00,-9.60,D,"Medium — stats+savant+recent+BvP, posted lineup, live markets matched",L,L,-1.000,,,"1 H, 2 TB, 0 HR, 0 R, 2 RBI",betting_roi
2026-04-18,KC@NYY,Michael Massey,KC,2+ TB,6.00,+1567,220,31.25,-25.25,D,"Medium — stats+savant+recent+BvP, posted lineup, live markets matched",W,W,2.200,,,"1 H, 2 TB, 0 HR, 0 R, 2 RBI",betting_roi
2026-04-18,KC@NYY,Isaac Collins,KC,HR,0.40,+24900,820,10.87,-10.47,D,"High — stats+savant+recent+BvP, posted lineup, live markets matched",L,L,-1.000,,,"0 H, 0 TB, 0 HR, 0 R, 0 RBI",betting_roi
2026-04-18,KC@NYY,Isaac Collins,KC,2+ TB,6.00,+1567,205,32.79,-26.79,D,"High — stats+savant+recent+BvP, posted lineup, live markets matched",L,L,-1.000,,,"0 H, 0 TB, 0 HR, 0 R, 0 RBI",betting_roi
2026-04-18,KC@NYY,Lane Thomas,KC,HR,0.40,+24900,790,11.24,-10.84,D,"High — stats+savant+recent+BvP, posted lineup, live markets matched",L,L,-1.000,,,"0 H, 0 TB, 0 HR, 0 R, 0 RBI",betting_roi
2026-04-18,KC@NYY,Lane Thomas,KC,2+ TB,6.00,+1567,190,34.48,-28.48,D,"High — stats+savant+recent+BvP, posted lineup, live markets matched",L,L,-1.000,,,"0 H, 0 TB, 0 HR, 0 R, 0 RBI",betting_roi
2026-04-18,KC@NYY,Kyle Isbel,KC,HR,0.40,+24900,,,,D,"High — stats+savant+recent+BvP, posted lineup, no live markets",L,L,,,,"0 H, 0 TB, 0 HR, 0 R, 0 RBI",target_accuracy
2026-04-18,KC@NYY,Kyle Isbel,KC,2+ TB,6.00,+1567,,,,D,"High — stats+savant+recent+BvP, posted lineup, no live markets",L,L,,,,"0 H, 0 TB, 0 HR, 0 R, 0 RBI",target_accuracy
2026-04-18,KC@NYY,Amed Rosario,NYY,HR,14.50,+590,,,,A+,"High — stats+savant+recent+BvP, posted lineup, limited or misaligned live markets",W,W,,,,"2 H, 5 TB, 1 HR, 2 R, 3 RBI",target_accuracy
2026-04-18,KC@NYY,Amed Rosario,NYY,2+ TB,50.91,-104,170,37.04,13.87,A+,"High — stats+savant+recent+BvP, posted lineup, limited or misaligned live markets",W,W,1.700,,,"2 H, 5 TB, 1 HR, 2 R, 3 RBI",betting_roi
2026-04-18,KC@NYY,Aaron Judge,NYY,HR,19.29,+418,,,,A+,"High — stats+savant+recent+BvP, posted lineup, limited or misaligned live markets",L,L,,,,"0 H, 0 TB, 0 HR, 1 R, 0 RBI",target_accuracy
2026-04-18,KC@NYY,Aaron Judge,NYY,2+ TB,55.00,-122,120,45.45,9.55,A+,"High — stats+savant+recent+BvP, posted lineup, limited or misaligned live markets",L,L,-1.000,,,"0 H, 0 TB, 0 HR, 1 R, 0 RBI",betting_roi
2026-04-18,KC@NYY,Cody Bellinger,NYY,HR,7.49,+1235,,,,C,"High — stats+savant+recent+BvP, posted lineup, limited or misaligned live markets",W,W,,,,"3 H, 9 TB, 2 HR, 2 R, 5 RBI",target_accuracy
2026-04-18,KC@NYY,Cody Bellinger,NYY,2+ TB,31.70,+215,145,40.82,-9.12,B,"High — stats+savant+recent+BvP, posted lineup, limited or misaligned live markets",W,W,1.450,,,"3 H, 9 TB, 2 HR, 2 R, 5 RBI",betting_roi
2026-04-18,KC@NYY,Giancarlo Stanton,NYY,HR,7.62,+1212,,,,C,"High — stats+savant+recent+BvP, posted lineup, limited or misaligned live markets",L,L,,,,"0 H, 0 TB, 0 HR, 0 R, 0 RBI",target_accuracy
2026-04-18,KC@NYY,Giancarlo Stanton,NYY,2+ TB,25.77,+288,150,40.00,-14.23,C,"High — stats+savant+recent+BvP, posted lineup, limited or misaligned live markets",L,L,-1.000,,,"0 H, 0 TB, 0 HR, 0 R, 0 RBI",betting_roi
2026-04-18,KC@NYY,Ben Rice,NYY,HR,20.74,+382,,,,A+,"High — stats+savant+recent+BvP, posted lineup, limited or misaligned live markets",W,W,,,,"1 H, 4 TB, 1 HR, 1 R, 1 RBI",target_accuracy
2026-04-18,KC@NYY,Ben Rice,NYY,2+ TB,55.00,-122,145,40.82,14.18,A+,"High — stats+savant+recent+BvP, posted lineup, limited or misaligned live markets",W,W,1.450,,,"1 H, 4 TB, 1 HR, 1 R, 1 RBI",betting_roi
2026-04-18,KC@NYY,Randal Grichuk,NYY,HR,1.51,+6505,,,,D,"Medium — stats+savant+recent+BvP, posted lineup, limited or misaligned live markets",L,L,,,,"1 H, 2 TB, 0 HR, 1 R, 1 RBI",target_accuracy
2026-04-18,KC@NYY,Randal Grichuk,NYY,2+ TB,6.00,+1567,150,40.00,-34.00,D,"Medium — stats+savant+recent+BvP, posted lineup, limited or misaligned live markets",W,W,1.500,,,"1 H, 2 TB, 0 HR, 1 R, 1 RBI",betting_roi
2026-04-18,KC@NYY,Jazz Chisholm Jr.,NYY,HR,0.46,+21866,,,,D,"High — stats+savant+recent+BvP, posted lineup, limited or misaligned live markets",L,L,,,,"0 H, 0 TB, 0 HR, 0 R, 0 RBI",target_accuracy
2026-04-18,KC@NYY,Jazz Chisholm Jr.,NYY,2+ TB,6.00,+1567,100,50.00,-44.00,D,"High — stats+savant+recent+BvP, posted lineup, limited or misaligned live markets",L,L,-1.000,,,"0 H, 0 TB, 0 HR, 0 R, 0 RBI",betting_roi
2026-04-18,KC@NYY,José Caballero,NYY,HR,3.90,+2465,,,,D,"High — stats+savant+recent+BvP, posted lineup, limited or misaligned live markets",L,L,,,,"2 H, 2 TB, 0 HR, 3 R, 0 RBI",target_accuracy
2026-04-18,KC@NYY,José Caballero,NYY,2+ TB,22.39,+347,270,27.03,-4.64,C,"High — stats+savant+recent+BvP, posted lineup, limited or misaligned live markets",W,W,2.700,,,"2 H, 2 TB, 0 HR, 3 R, 0 RBI",betting_roi
2026-04-18,KC@NYY,J.C. Escarra,NYY,HR,2.73,+3563,,,,D,"Medium — stats+savant+recent+BvP, posted lineup, no live markets",L,L,,,,"2 H, 5 TB, 0 HR, 2 R, 3 RBI",target_accuracy
2026-04-18,KC@NYY,J.C. Escarra,NYY,2+ TB,11.47,+772,,,,D,"Medium — stats+savant+recent+BvP, posted lineup, no live markets",W,W,,,,"2 H, 5 TB, 0 HR, 2 R, 3 RBI",target_accuracy
2026-04-18,CIN@MIN,TJ Friedl,CIN,HR,0.40,+24900,1000,9.09,-8.69,D,"High — stats+savant+recent+BvP, posted lineup, live markets matched",L,L,-1.000,,,"0 H, 0 TB, 0 HR, 0 R, 0 RBI",betting_roi
2026-04-18,CIN@MIN,TJ Friedl,CIN,2+ TB,6.00,+1567,205,32.79,-26.79,D,"High — stats+savant+recent+BvP, posted lineup, live markets matched",L,L,-1.000,,,"0 H, 0 TB, 0 HR, 0 R, 0 RBI",betting_roi
2026-04-18,CIN@MIN,Will Benson,CIN,HR,0.40,+24900,,,,D,"Medium — stats+savant+recent+BvP, posted lineup, limited or misaligned live markets",L,L,,,,"1 H, 1 TB, 0 HR, 0 R, 0 RBI",target_accuracy
2026-04-18,CIN@MIN,Will Benson,CIN,2+ TB,6.00,+1567,150,40.00,-34.00,D,"Medium — stats+savant+recent+BvP, posted lineup, limited or misaligned live markets",L,L,-1.000,,,"1 H, 1 TB, 0 HR, 0 R, 0 RBI",betting_roi
2026-04-18,CIN@MIN,Elly De La Cruz,CIN,HR,8.24,+1114,525,16.00,-7.76,B,"High — stats+savant+recent+BvP, posted lineup, live markets matched",L,L,-1.000,,,"1 H, 1 TB, 0 HR, 0 R, 1 RBI",betting_roi
2026-04-18,CIN@MIN,Elly De La Cruz,CIN,2+ TB,37.28,+168,160,38.46,-1.18,A,"High — stats+savant+recent+BvP, posted lineup, live markets matched",L,L,-1.000,,,"1 H, 1 TB, 0 HR, 0 R, 1 RBI",betting_roi
2026-04-18,CIN@MIN,Sal Stewart,CIN,HR,10.16,+884,525,16.00,-5.84,B,"High — stats+savant+recent+BvP, posted lineup, live markets matched",L,L,-1.000,,,"1 H, 1 TB, 0 HR, 1 R, 0 RBI",betting_roi
2026-04-18,CIN@MIN,Sal Stewart,CIN,2+ TB,41.10,+143,170,37.04,4.06,A+,"High — stats+savant+recent+BvP, posted lineup, live markets matched",L,L,-1.000,,,"1 H, 1 TB, 0 HR, 1 R, 0 RBI",betting_roi
2026-04-18,CIN@MIN,Eugenio Suárez,CIN,HR,0.40,+24900,,,,D,"High — stats+savant+recent+BvP, posted lineup, limited or misaligned live markets",L,L,,,,"2 H, 3 TB, 0 HR, 2 R, 0 RBI",target_accuracy
2026-04-18,CIN@MIN,Eugenio Suárez,CIN,2+ TB,14.49,+590,100,50.00,-35.51,D,"High — stats+savant+recent+BvP, posted lineup, limited or misaligned live markets",W,W,1.000,,,"2 H, 3 TB, 0 HR, 2 R, 0 RBI",betting_roi
2026-04-18,CIN@MIN,Nathaniel Lowe,CIN,HR,0.40,+24900,,,,D,"Medium — stats+savant+recent+BvP, posted lineup, no live markets",L,L,,,,"2 H, 3 TB, 0 HR, 0 R, 0 RBI",target_accuracy
2026-04-18,CIN@MIN,Nathaniel Lowe,CIN,2+ TB,6.00,+1567,,,,D,"Medium — stats+savant+recent+BvP, posted lineup, no live markets",W,W,,,,"2 H, 3 TB, 0 HR, 0 R, 0 RBI",target_accuracy
2026-04-18,CIN@MIN,Tyler Stephenson,CIN,HR,2.59,+3760,525,16.00,-13.41,D,"High — stats+savant+recent+BvP, posted lineup, live markets matched",L,L,-1.000,,,"1 H, 1 TB, 0 HR, 0 R, 2 RBI",betting_roi
2026-04-18,CIN@MIN,Tyler Stephenson,CIN,2+ TB,16.49,+507,148,40.32,-23.83,D,"High — stats+savant+recent+BvP, posted lineup, live markets matched",L,L,-1.000,,,"1 H, 1 TB, 0 HR, 0 R, 2 RBI",betting_roi
2026-04-18,CIN@MIN,Rece Hinds,CIN,HR,0.40,+24900,430,18.87,-18.47,D,"Medium — stats+savant+recent+BvP, posted lineup, live markets matched",L,L,-1.000,,,"1 H, 1 TB, 0 HR, 1 R, 1 RBI",betting_roi
2026-04-18,CIN@MIN,Rece Hinds,CIN,2+ TB,6.00,+1567,150,40.00,-34.00,D,"Medium — stats+savant+recent+BvP, posted lineup, live markets matched",L,L,-1.000,,,"1 H, 1 TB, 0 HR, 1 R, 1 RBI",betting_roi
2026-04-18,CIN@MIN,Ke'Bryan Hayes,CIN,HR,0.40,+24900,950,9.52,-9.12,D,"High — stats+savant+recent+BvP, posted lineup, live markets matched",L,L,-1.000,,,"0 H, 0 TB, 0 HR, 0 R, 0 RBI",betting_roi
2026-04-18,CIN@MIN,Ke'Bryan Hayes,CIN,2+ TB,6.00,+1567,210,32.26,-26.26,D,"High — stats+savant+recent+BvP, posted lineup, live markets matched",L,L,-1.000,,,"0 H, 0 TB, 0 HR, 0 R, 0 RBI",betting_roi
2026-04-18,CIN@MIN,Byron Buxton,MIN,HR,7.82,+1179,,,,B,"High — stats+savant+recent+BvP, posted lineup, limited or misaligned live markets",L,L,,,,"1 H, 1 TB, 0 HR, 0 R, 0 RBI",target_accuracy
2026-04-18,CIN@MIN,Byron Buxton,MIN,2+ TB,33.29,+200,-151,60.16,-26.87,A,"High — stats+savant+recent+BvP, posted lineup, limited or misaligned live markets",L,L,-1.000,,,"1 H, 1 TB, 0 HR, 0 R, 0 RBI",betting_roi
2026-04-18,CIN@MIN,Austin Martin,MIN,HR,3.41,+2830,,,,D,"High — stats+savant+recent+BvP, posted lineup, no live markets",L,L,,,,"0 H, 0 TB, 0 HR, 2 R, 0 RBI",target_accuracy
2026-04-18,CIN@MIN,Austin Martin,MIN,2+ TB,27.28,+267,,,,B,"High — stats+savant+recent+BvP, posted lineup, no live markets",L,L,,,,"0 H, 0 TB, 0 HR, 2 R, 0 RBI",target_accuracy
2026-04-18,CIN@MIN,Josh Bell,MIN,HR,6.09,+1543,,,,C,"High — stats+savant+recent+BvP, posted lineup, limited or misaligned live markets",L,L,,,,"2 H, 2 TB, 0 HR, 2 R, 0 RBI",target_accuracy
2026-04-18,CIN@MIN,Josh Bell,MIN,2+ TB,29.74,+236,192,34.25,-4.51,B,"High — stats+savant+recent+BvP, posted lineup, limited or misaligned live markets",W,W,1.920,,,"2 H, 2 TB, 0 HR, 2 R, 0 RBI",betting_roi
2026-04-18,CIN@MIN,Ryan Jeffers,MIN,HR,7.99,+1151,,,,B,"High — stats+savant+recent+BvP, posted lineup, no live markets",L,L,,,,"1 H, 3 TB, 0 HR, 0 R, 2 RBI",target_accuracy
2026-04-18,CIN@MIN,Ryan Jeffers,MIN,2+ TB,35.26,+184,,,,A,"High — stats+savant+recent+BvP, posted lineup, no live markets",W,W,,,,"1 H, 3 TB, 0 HR, 0 R, 2 RBI",target_accuracy
2026-04-18,CIN@MIN,Luke Keaschall,MIN,HR,0.40,+24900,,,,D,"High — stats+savant+recent+BvP, posted lineup, limited or misaligned live markets",L,L,,,,"2 H, 3 TB, 0 HR, 0 R, 1 RBI",target_accuracy
2026-04-18,CIN@MIN,Luke Keaschall,MIN,2+ TB,10.95,+813,162,38.17,-27.22,D,"High — stats+savant+recent+BvP, posted lineup, limited or misaligned live markets",W,W,1.620,,,"2 H, 3 TB, 0 HR, 0 R, 1 RBI",betting_roi
2026-04-18,CIN@MIN,Trevor Larnach,MIN,HR,3.55,+2719,,,,D,"Medium — stats+savant+recent+BvP, posted lineup, limited or misaligned live markets",L,L,,,,"0 H, 0 TB, 0 HR, 0 R, 0 RBI",target_accuracy
2026-04-18,CIN@MIN,Trevor Larnach,MIN,2+ TB,22.63,+342,228,30.49,-7.86,C,"Medium — stats+savant+recent+BvP, posted lineup, limited or misaligned live markets",L,L,-1.000,,,"0 H, 0 TB, 0 HR, 0 R, 0 RBI",betting_roi
2026-04-18,CIN@MIN,Brooks Lee,MIN,HR,4.22,+2268,,,,D,"High — stats+savant+recent+BvP, posted lineup, limited or misaligned live markets",L,L,,,,"1 H, 1 TB, 0 HR, 0 R, 1 RBI",target_accuracy
2026-04-18,CIN@MIN,Brooks Lee,MIN,2+ TB,20.25,+394,180,35.71,-15.46,C,"High — stats+savant+recent+BvP, posted lineup, limited or misaligned live markets",L,L,-1.000,,,"1 H, 1 TB, 0 HR, 0 R, 1 RBI",betting_roi
2026-04-18,CIN@MIN,Ryan Kreidler,MIN,HR,15.03,+565,,,,A+,"Medium — stats+savant+recent+BvP, posted lineup, no live markets",L,L,,,,"1 H, 2 TB, 0 HR, 0 R, 0 RBI",target_accuracy
2026-04-18,CIN@MIN,Ryan Kreidler,MIN,2+ TB,49.64,+101,,,,A+,"Medium — stats+savant+recent+BvP, posted lineup, no live markets",W,W,,,,"1 H, 2 TB, 0 HR, 0 R, 0 RBI",target_accuracy
2026-04-18,CIN@MIN,Tristan Gray,MIN,HR,6.64,+1405,,,,C,"Medium — stats+savant+recent+BvP, posted lineup, limited or misaligned live markets",L,L,,,,"1 H, 1 TB, 0 HR, 0 R, 0 RBI",target_accuracy
2026-04-18,CIN@MIN,Tristan Gray,MIN,2+ TB,30.49,+228,200,33.33,-2.84,B,"Medium — stats+savant+recent+BvP, posted lineup, limited or misaligned live markets",L,L,-1.000,,,"1 H, 1 TB, 0 HR, 0 R, 0 RBI",betting_roi
2026-04-18,NYM@CHC,Carson Benge,NYM,HR,0.40,+24900,1150,8.00,-7.60,D,"High — stats+savant+recent+BvP, posted lineup, limited or misaligned live markets",L,L,-1.000,,,"0 H, 0 TB, 0 HR, 0 R, 0 RBI",betting_roi
2026-04-18,NYM@CHC,Carson Benge,NYM,2+ TB,6.00,+1567,,,,D,"High — stats+savant+recent+BvP, posted lineup, limited or misaligned live markets",L,L,,,,"0 H, 0 TB, 0 HR, 0 R, 0 RBI; market line 0.5 excluded from 2+ TB ROI",target_accuracy
2026-04-18,NYM@CHC,Bo Bichette,NYM,HR,0.74,+13386,975,9.30,-8.56,D,"High — stats+savant+recent+BvP, posted lineup, live markets matched",L,L,-1.000,,,"1 H, 1 TB, 0 HR, 1 R, 0 RBI",betting_roi
2026-04-18,NYM@CHC,Bo Bichette,NYM,2+ TB,18.81,+432,160,38.46,-19.65,D,"High — stats+savant+recent+BvP, posted lineup, live markets matched",L,L,-1.000,,,"1 H, 1 TB, 0 HR, 1 R, 0 RBI",betting_roi
2026-04-18,NYM@CHC,Francisco Lindor,NYM,HR,2.19,+4464,700,12.50,-10.31,D,"High — stats+savant+recent+BvP, posted lineup, live markets matched",L,L,-1.000,,,"2 H, 2 TB, 0 HR, 0 R, 0 RBI",betting_roi
2026-04-18,NYM@CHC,Francisco Lindor,NYM,2+ TB,16.58,+503,210,32.26,-15.68,D,"High — stats+savant+recent+BvP, posted lineup, live markets matched",W,W,2.100,,,"2 H, 2 TB, 0 HR, 0 R, 0 RBI",betting_roi
2026-04-18,NYM@CHC,Luis Robert Jr.,NYM,HR,2.30,+4256,588,14.53,-12.23,D,"High — stats+savant+recent+BvP, posted lineup, live markets matched",L,L,-1.000,,,"2 H, 3 TB, 0 HR, 0 R, 0 RBI",betting_roi
2026-04-18,NYM@CHC,Luis Robert Jr.,NYM,2+ TB,18.68,+435,145,40.82,-22.14,D,"High — stats+savant+recent+BvP, posted lineup, live markets matched",W,W,1.450,,,"2 H, 3 TB, 0 HR, 0 R, 0 RBI",betting_roi
2026-04-18,NYM@CHC,MJ Melendez,NYM,HR,6.94,+1341,575,14.81,-7.87,C,"Medium — stats+savant+recent+BvP, posted lineup, limited or misaligned live markets",L,L,-1.000,,,"0 H, 0 TB, 0 HR, 0 R, 0 RBI",betting_roi
2026-04-18,NYM@CHC,MJ Melendez,NYM,2+ TB,47.19,+112,,,,A+,"Medium — stats+savant+recent+BvP, posted lineup, limited or misaligned live markets",L,L,,,,"0 H, 0 TB, 0 HR, 0 R, 0 RBI; market line 0.5 excluded from 2+ TB ROI",target_accuracy
2026-04-18,NYM@CHC,Francisco Alvarez,NYM,HR,8.13,+1131,,,,B,"High — stats+savant+recent+BvP, posted lineup, limited or misaligned live markets",L,L,,,,"0 H, 0 TB, 0 HR, 0 R, 0 RBI",target_accuracy
2026-04-18,NYM@CHC,Francisco Alvarez,NYM,2+ TB,38.18,+162,50,66.67,-28.49,A+,"High — stats+savant+recent+BvP, posted lineup, limited or misaligned live markets",L,L,-1.000,,,"0 H, 0 TB, 0 HR, 0 R, 0 RBI",betting_roi
2026-04-18,NYM@CHC,Mark Vientos,NYM,HR,1.32,+7466,625,13.79,-12.47,D,"High — stats+savant+recent+BvP, posted lineup, live markets matched",W,W,6.250,,,"1 H, 4 TB, 1 HR, 1 R, 1 RBI",betting_roi
2026-04-18,NYM@CHC,Mark Vientos,NYM,2+ TB,13.08,+664,170,37.04,-23.96,D,"High — stats+savant+recent+BvP, posted lineup, live markets matched",W,W,1.700,,,"1 H, 4 TB, 1 HR, 1 R, 1 RBI",betting_roi
2026-04-18,NYM@CHC,Brett Baty,NYM,HR,0.40,+24900,900,10.00,-9.60,D,"High — stats+savant+recent+BvP, posted lineup, live markets matched",L,L,-1.000,,,"0 H, 0 TB, 0 HR, 0 R, 0 RBI",betting_roi
2026-04-18,NYM@CHC,Brett Baty,NYM,2+ TB,8.08,+1138,260,27.78,-19.70,D,"High — stats+savant+recent+BvP, posted lineup, live markets matched",L,L,-1.000,,,"0 H, 0 TB, 0 HR, 0 R, 0 RBI",betting_roi
2026-04-18,NYM@CHC,Marcus Semien,NYM,HR,1.05,+9436,800,11.11,-10.06,D,"High — stats+savant+recent+BvP, posted lineup, live markets matched",L,L,-1.000,,,"1 H, 1 TB, 0 HR, 0 R, 0 RBI",betting_roi
2026-04-18,NYM@CHC,Marcus Semien,NYM,2+ TB,12.87,+677,175,36.36,-23.49,D,"High — stats+savant+recent+BvP, posted lineup, live markets matched",L,L,-1.000,,,"1 H, 1 TB, 0 HR, 0 R, 0 RBI",betting_roi
2026-04-18,NYM@CHC,Nico Hoerner,CHC,HR,1.59,+6196,,,,D,"High — stats+savant+recent+BvP, posted lineup, limited or misaligned live markets",L,L,,,,"0 H, 0 TB, 0 HR, 0 R, 0 RBI",target_accuracy
2026-04-18,NYM@CHC,Nico Hoerner,CHC,2+ TB,23.21,+331,170,37.04,-13.83,C,"High — stats+savant+recent+BvP, posted lineup, limited or misaligned live markets",L,L,-1.000,,,"0 H, 0 TB, 0 HR, 0 R, 0 RBI",betting_roi
2026-04-18,NYM@CHC,Michael Busch,CHC,HR,0.40,+24900,,,,D,"High — stats+savant+recent+BvP, posted lineup, limited or misaligned live markets",L,L,,,,"1 H, 1 TB, 0 HR, 0 R, 0 RBI",target_accuracy
2026-04-18,NYM@CHC,Michael Busch,CHC,2+ TB,6.00,+1567,128,43.86,-37.86,D,"High — stats+savant+recent+BvP, posted lineup, limited or misaligned live markets",L,L,-1.000,,,"1 H, 1 TB, 0 HR, 0 R, 0 RBI",betting_roi
2026-04-18,NYM@CHC,Alex Bregman,CHC,HR,0.40,+24900,,,,D,"High — stats+savant+recent+BvP, posted lineup, limited or misaligned live markets",L,L,,,,"0 H, 0 TB, 0 HR, 0 R, 0 RBI",target_accuracy
2026-04-18,NYM@CHC,Alex Bregman,CHC,2+ TB,10.58,+845,130,43.48,-32.90,D,"High — stats+savant+recent+BvP, posted lineup, limited or misaligned live markets",L,L,-1.000,,,"0 H, 0 TB, 0 HR, 0 R, 0 RBI",betting_roi
2026-04-18,NYM@CHC,Ian Happ,CHC,HR,7.65,+1207,,,,C,"High — stats+savant+recent+BvP, posted lineup, limited or misaligned live markets",W,W,,,,"1 H, 4 TB, 1 HR, 2 R, 1 RBI",target_accuracy
2026-04-18,NYM@CHC,Ian Happ,CHC,2+ TB,29.34,+241,148,40.32,-10.98,B,"High — stats+savant+recent+BvP, posted lineup, limited or misaligned live markets",W,W,1.480,,,"1 H, 4 TB, 1 HR, 2 R, 1 RBI",betting_roi
2026-04-18,NYM@CHC,Seiya Suzuki,CHC,HR,0.40,+24900,,,,D,"Medium — stats+savant+recent+BvP, posted lineup, limited or misaligned live markets",L,L,,,,"0 H, 0 TB, 0 HR, 1 R, 0 RBI",target_accuracy
2026-04-18,NYM@CHC,Seiya Suzuki,CHC,2+ TB,6.92,+1345,140,41.67,-34.75,D,"Medium — stats+savant+recent+BvP, posted lineup, limited or misaligned live markets",L,L,-1.000,,,"0 H, 0 TB, 0 HR, 1 R, 0 RBI",betting_roi
2026-04-18,NYM@CHC,Moisés Ballesteros,CHC,HR,12.50,+700,,,,A,"High — stats+savant+recent+BvP, posted lineup, limited or misaligned live markets",L,L,,,,"1 H, 1 TB, 0 HR, 0 R, 0 RBI",target_accuracy
2026-04-18,NYM@CHC,Moisés Ballesteros,CHC,2+ TB,45.92,+118,,,,A+,"High — stats+savant+recent+BvP, posted lineup, limited or misaligned live markets",L,L,,,,"1 H, 1 TB, 0 HR, 0 R, 0 RBI; market line 0.5 excluded from 2+ TB ROI",target_accuracy
2026-04-18,NYM@CHC,Miguel Amaya,CHC,HR,0.40,+24900,,,,D,"Medium — stats+savant+recent+BvP, posted lineup, no live markets",L,L,,,,"1 H, 1 TB, 0 HR, 0 R, 0 RBI",target_accuracy
2026-04-18,NYM@CHC,Miguel Amaya,CHC,2+ TB,8.56,+1068,,,,D,"Medium — stats+savant+recent+BvP, posted lineup, no live markets",L,L,,,,"1 H, 1 TB, 0 HR, 0 R, 0 RBI",target_accuracy
2026-04-18,NYM@CHC,Pete Crow-Armstrong,CHC,HR,0.40,+24900,,,,D,"High — stats+savant+recent+BvP, posted lineup, limited or misaligned live markets",L,L,,,,"0 H, 0 TB, 0 HR, 0 R, 0 RBI",target_accuracy
2026-04-18,NYM@CHC,Pete Crow-Armstrong,CHC,2+ TB,11.69,+756,160,38.46,-26.77,D,"High — stats+savant+recent+BvP, posted lineup, limited or misaligned live markets",L,L,-1.000,,,"0 H, 0 TB, 0 HR, 0 R, 0 RBI",betting_roi
2026-04-18,NYM@CHC,Dansby Swanson,CHC,HR,5.59,+1688,,,,D,"High — stats+savant+recent+BvP, posted lineup, limited or misaligned live markets",L,L,,,,"0 H, 0 TB, 0 HR, 0 R, 0 RBI",target_accuracy
2026-04-18,NYM@CHC,Dansby Swanson,CHC,2+ TB,25.50,+292,,,,C,"High — stats+savant+recent+BvP, posted lineup, limited or misaligned live markets",L,L,,,,"0 H, 0 TB, 0 HR, 0 R, 0 RBI; market line 0.5 excluded from 2+ TB ROI",target_accuracy
2026-04-18,TB@PIT,Chandler Simpson,TB,HR,0.40,+24900,2000,4.76,-4.36,D,"High — stats+savant+recent+BvP, posted lineup, live markets matched",L,L,-1.000,,,"2 H, 2 TB, 0 HR, 0 R, 0 RBI",betting_roi
2026-04-18,TB@PIT,Chandler Simpson,TB,2+ TB,6.00,+1567,-103,50.74,-44.74,D,"High — stats+savant+recent+BvP, posted lineup, live markets matched",W,W,0.971,,,"2 H, 2 TB, 0 HR, 0 R, 0 RBI",betting_roi
2026-04-18,TB@PIT,Junior Caminero,TB,HR,1.29,+7643,1025,8.89,-7.60,D,"High — stats+savant+recent+BvP, posted lineup, live markets matched",L,L,-1.000,,,"2 H, 3 TB, 0 HR, 1 R, 1 RBI",betting_roi
2026-04-18,TB@PIT,Junior Caminero,TB,2+ TB,18.51,+440,372,21.19,-2.68,D,"High — stats+savant+recent+BvP, posted lineup, live markets matched",W,W,3.720,,,"2 H, 3 TB, 0 HR, 1 R, 1 RBI",betting_roi
2026-04-18,TB@PIT,Jonathan Aranda,TB,HR,0.40,+24900,1350,6.90,-6.50,D,"High — stats+savant+recent+BvP, posted lineup, live markets matched",L,L,-1.000,,,"2 H, 2 TB, 0 HR, 1 R, 1 RBI",betting_roi
2026-04-18,TB@PIT,Jonathan Aranda,TB,2+ TB,15.27,+555,405,19.80,-4.53,D,"High — stats+savant+recent+BvP, posted lineup, live markets matched",W,W,4.050,,,"2 H, 2 TB, 0 HR, 1 R, 1 RBI",betting_roi
2026-04-18,TB@PIT,Yandy Díaz,TB,HR,0.40,+24900,1250,7.41,-7.01,D,"High — stats+savant+recent+BvP, posted lineup, live markets matched",L,L,-1.000,,,"1 H, 1 TB, 0 HR, 1 R, 0 RBI",betting_roi
2026-04-18,TB@PIT,Yandy Díaz,TB,2+ TB,22.78,+339,245,28.99,-6.21,C,"High — stats+savant+recent+BvP, posted lineup, live markets matched",L,L,-1.000,,,"1 H, 1 TB, 0 HR, 1 R, 0 RBI",betting_roi
2026-04-18,TB@PIT,Jake Fraley,TB,HR,0.40,+24900,,,,D,"High — stats+savant+recent+BvP, posted lineup, limited or misaligned live markets",L,L,,,,"1 H, 1 TB, 0 HR, 0 R, 0 RBI",target_accuracy
2026-04-18,TB@PIT,Jake Fraley,TB,2+ TB,6.00,+1567,50,66.67,-60.67,D,"High — stats+savant+recent+BvP, posted lineup, limited or misaligned live markets",L,L,-1.000,,,"1 H, 1 TB, 0 HR, 0 R, 0 RBI",betting_roi
2026-04-18,TB@PIT,Cedric Mullins,TB,HR,0.40,+24900,1150,8.00,-7.60,D,"High — stats+savant+recent+BvP, posted lineup, live markets matched",W,W,11.500,,,"2 H, 5 TB, 1 HR, 1 R, 3 RBI",betting_roi
2026-04-18,TB@PIT,Cedric Mullins,TB,2+ TB,6.00,+1567,290,25.64,-19.64,D,"High — stats+savant+recent+BvP, posted lineup, live markets matched",W,W,2.900,,,"2 H, 5 TB, 1 HR, 1 R, 3 RBI",betting_roi
2026-04-18,TB@PIT,Richie Palacios,TB,HR,0.40,+24900,1600,5.88,-5.48,D,"Medium — stats+savant+recent+BvP, posted lineup, live markets matched",L,L,-1.000,,,"1 H, 1 TB, 0 HR, 0 R, 0 RBI",betting_roi
2026-04-18,TB@PIT,Richie Palacios,TB,2+ TB,18.73,+434,420,19.23,-0.50,D,"Medium — stats+savant+recent+BvP, posted lineup, live markets matched",L,L,-1.000,,,"1 H, 1 TB, 0 HR, 0 R, 0 RBI",betting_roi
2026-04-18,TB@PIT,Hunter Feduccia,TB,HR,0.40,+24900,2000,4.76,-4.36,D,"Medium — stats+savant+recent+BvP, posted lineup, live markets matched",L,L,-1.000,,,"0 H, 0 TB, 0 HR, 1 R, 0 RBI",betting_roi
2026-04-18,TB@PIT,Hunter Feduccia,TB,2+ TB,6.00,+1567,475,17.39,-11.39,D,"Medium — stats+savant+recent+BvP, posted lineup, live markets matched",L,L,-1.000,,,"0 H, 0 TB, 0 HR, 1 R, 0 RBI",betting_roi
2026-04-18,TB@PIT,Taylor Walls,TB,HR,0.40,+24900,2700,3.57,-3.17,D,"Medium — stats+savant+recent+BvP, posted lineup, live markets matched",L,L,-1.000,,,"0 H, 0 TB, 0 HR, 1 R, 0 RBI",betting_roi
2026-04-18,TB@PIT,Taylor Walls,TB,2+ TB,6.00,+1567,490,16.95,-10.95,D,"Medium — stats+savant+recent+BvP, posted lineup, live markets matched",L,L,-1.000,,,"0 H, 0 TB, 0 HR, 1 R, 0 RBI",betting_roi
2026-04-18,TB@PIT,Oneil Cruz,PIT,HR,9.92,+908,,,,B,"High — stats+savant+recent+BvP, posted lineup, limited or misaligned live markets",L,L,,,,"1 H, 2 TB, 0 HR, 0 R, 0 RBI",target_accuracy
2026-04-18,TB@PIT,Oneil Cruz,PIT,2+ TB,42.35,+136,232,30.12,12.23,A+,"High — stats+savant+recent+BvP, posted lineup, limited or misaligned live markets",W,W,2.320,,,"1 H, 2 TB, 0 HR, 0 R, 0 RBI",betting_roi
2026-04-18,TB@PIT,Brandon Lowe,PIT,HR,5.67,+1665,,,,D,"High — stats+savant+recent+BvP, posted lineup, limited or misaligned live markets",L,L,,,,"0 H, 0 TB, 0 HR, 1 R, 0 RBI",target_accuracy
2026-04-18,TB@PIT,Brandon Lowe,PIT,2+ TB,29.19,+243,100,50.00,-20.81,B,"High — stats+savant+recent+BvP, posted lineup, limited or misaligned live markets",L,L,-1.000,,,"0 H, 0 TB, 0 HR, 1 R, 0 RBI",betting_roi
2026-04-18,TB@PIT,Bryan Reynolds,PIT,HR,2.42,+4027,,,,D,"High — stats+savant+recent+BvP, posted lineup, limited or misaligned live markets",L,L,,,,"0 H, 0 TB, 0 HR, 1 R, 0 RBI",target_accuracy
2026-04-18,TB@PIT,Bryan Reynolds,PIT,2+ TB,24.26,+312,420,19.23,5.03,C,"High — stats+savant+recent+BvP, posted lineup, limited or misaligned live markets",L,L,-1.000,,,"0 H, 0 TB, 0 HR, 1 R, 0 RBI",betting_roi
2026-04-18,TB@PIT,Ryan O'Hearn,PIT,HR,3.78,+2548,,,,D,"High — stats+savant+recent+BvP, posted lineup, limited or misaligned live markets",W,W,,,,"2 H, 5 TB, 1 HR, 2 R, 2 RBI",target_accuracy
2026-04-18,TB@PIT,Ryan O'Hearn,PIT,2+ TB,29.11,+244,150,40.00,-10.89,B,"High — stats+savant+recent+BvP, posted lineup, limited or misaligned live markets",W,W,1.500,,,"2 H, 5 TB, 1 HR, 2 R, 2 RBI",betting_roi
2026-04-18,TB@PIT,Marcell Ozuna,PIT,HR,0.40,+24900,,,,D,"High — stats+savant+recent+BvP, posted lineup, limited or misaligned live markets",W,W,,,,"2 H, 5 TB, 1 HR, 1 R, 2 RBI",target_accuracy
2026-04-18,TB@PIT,Marcell Ozuna,PIT,2+ TB,12.70,+687,100,50.00,-37.30,D,"High — stats+savant+recent+BvP, posted lineup, limited or misaligned live markets",W,W,1.000,,,"2 H, 5 TB, 1 HR, 1 R, 2 RBI",betting_roi
2026-04-18,TB@PIT,Nick Yorke,PIT,HR,0.40,+24900,,,,D,"High — stats+savant+recent+BvP, posted lineup, limited or misaligned live markets",L,L,,,,"1 H, 1 TB, 0 HR, 1 R, 1 RBI",target_accuracy
2026-04-18,TB@PIT,Nick Yorke,PIT,2+ TB,13.48,+642,275,26.67,-13.19,D,"High — stats+savant+recent+BvP, posted lineup, limited or misaligned live markets",L,L,-1.000,,,"1 H, 1 TB, 0 HR, 1 R, 1 RBI",betting_roi
2026-04-18,TB@PIT,Spencer Horwitz,PIT,HR,0.40,+24900,,,,D,"High — stats+savant+recent+BvP, posted lineup, no live markets",L,L,,,,"0 H, 0 TB, 0 HR, 0 R, 0 RBI",target_accuracy
2026-04-18,TB@PIT,Spencer Horwitz,PIT,2+ TB,8.33,+1101,,,,D,"High — stats+savant+recent+BvP, posted lineup, no live markets",L,L,,,,"0 H, 0 TB, 0 HR, 0 R, 0 RBI",target_accuracy
2026-04-18,TB@PIT,Konnor Griffin,PIT,HR,0.40,+24900,,,,D,"High — stats+savant+recent+BvP, posted lineup, limited or misaligned live markets",L,L,,,,"1 H, 1 TB, 0 HR, 0 R, 2 RBI",target_accuracy
2026-04-18,TB@PIT,Konnor Griffin,PIT,2+ TB,6.00,+1567,290,25.64,-19.64,D,"High — stats+savant+recent+BvP, posted lineup, limited or misaligned live markets",L,L,-1.000,,,"1 H, 1 TB, 0 HR, 0 R, 2 RBI",betting_roi
2026-04-18,TB@PIT,Henry Davis,PIT,HR,0.40,+24900,,,,D,"High — stats+savant+recent+BvP, posted lineup, limited or misaligned live markets",L,L,,,,"0 H, 0 TB, 0 HR, 0 R, 0 RBI",target_accuracy
2026-04-18,TB@PIT,Henry Davis,PIT,2+ TB,6.00,+1567,100,50.00,-44.00,D,"High — stats+savant+recent+BvP, posted lineup, limited or misaligned live markets",L,L,-1.000,,,"0 H, 0 TB, 0 HR, 0 R, 0 RBI",betting_roi
2026-04-18,SF@WSH,Willy Adames,SF,HR,5.44,+1738,800,11.11,-5.67,D,"High — stats+savant+recent+BvP, confirmed lineup, live markets matched",L,L,-1.000,,,"1 H, 1 TB, 0 HR, 1 R, 0 RBI",betting_roi
2026-04-18,SF@WSH,Willy Adames,SF,2+ TB,30.37,+229,225,30.77,-0.40,B,"High — stats+savant+recent+BvP, confirmed lineup, live markets matched",L,L,-1.000,,,"1 H, 1 TB, 0 HR, 1 R, 0 RBI",betting_roi
2026-04-18,SF@WSH,Luis Arraez,SF,HR,0.40,+24900,2100,4.55,-4.15,D,"High — stats+savant+recent+BvP, confirmed lineup, live markets matched",L,L,-1.000,,,"2 H, 2 TB, 0 HR, 2 R, 0 RBI",betting_roi
2026-04-18,SF@WSH,Luis Arraez,SF,2+ TB,12.48,+701,230,30.30,-17.82,D,"High — stats+savant+recent+BvP, confirmed lineup, live markets matched",W,W,2.300,,,"2 H, 2 TB, 0 HR, 2 R, 0 RBI",betting_roi
2026-04-18,SF@WSH,Matt Chapman,SF,HR,0.65,+15390,825,10.81,-10.16,D,"High — stats+savant+recent+BvP, confirmed lineup, live markets matched",L,L,-1.000,,,"2 H, 2 TB, 0 HR, 1 R, 1 RBI",betting_roi
2026-04-18,SF@WSH,Matt Chapman,SF,2+ TB,19.97,+401,-111,52.61,-32.64,D,"High — stats+savant+recent+BvP, confirmed lineup, live markets matched",W,W,0.901,,,"2 H, 2 TB, 0 HR, 1 R, 1 RBI",betting_roi
2026-04-18,SF@WSH,Rafael Devers,SF,HR,2.58,+3777,700,12.50,-9.92,D,"High — stats+savant+recent+BvP, confirmed lineup, live markets matched",L,L,-1.000,,,"1 H, 1 TB, 0 HR, 0 R, 1 RBI",betting_roi
2026-04-18,SF@WSH,Rafael Devers,SF,2+ TB,16.07,+522,-110,52.38,-36.31,D,"High — stats+savant+recent+BvP, confirmed lineup, live markets matched",L,L,-1.000,,,"1 H, 1 TB, 0 HR, 0 R, 1 RBI",betting_roi
2026-04-18,SF@WSH,Casey Schmitt,SF,HR,7.53,+1228,1200,7.69,-0.16,C,"High — stats+savant+recent+BvP, confirmed lineup, live markets matched",L,L,-1.000,,,"2 H, 3 TB, 0 HR, 0 R, 1 RBI",betting_roi
2026-04-18,SF@WSH,Casey Schmitt,SF,2+ TB,37.18,+169,312,24.27,12.91,A,"High — stats+savant+recent+BvP, confirmed lineup, live markets matched",W,W,3.120,,,"2 H, 3 TB, 0 HR, 0 R, 1 RBI",betting_roi
2026-04-18,SF@WSH,Jung Hoo Lee,SF,HR,1.28,+7691,1300,7.14,-5.86,D,"High — stats+savant+recent+BvP, confirmed lineup, live markets matched",L,L,-1.000,,,"2 H, 2 TB, 0 HR, 1 R, 0 RBI",betting_roi
2026-04-18,SF@WSH,Jung Hoo Lee,SF,2+ TB,20.68,+384,170,37.04,-16.36,C,"High — stats+savant+recent+BvP, confirmed lineup, live markets matched",W,W,1.700,,,"2 H, 2 TB, 0 HR, 1 R, 0 RBI",betting_roi
2026-04-18,SF@WSH,Heliot Ramos,SF,HR,4.39,+2177,850,10.53,-6.14,D,"High — stats+savant+recent+BvP, confirmed lineup, live markets matched",W,W,8.500,,,"3 H, 7 TB, 1 HR, 2 R, 2 RBI",betting_roi
2026-04-18,SF@WSH,Heliot Ramos,SF,2+ TB,23.69,+322,192,34.25,-10.56,C,"High — stats+savant+recent+BvP, confirmed lineup, live markets matched",W,W,1.920,,,"3 H, 7 TB, 1 HR, 2 R, 2 RBI",betting_roi
2026-04-18,SF@WSH,Drew Gilbert,SF,HR,8.58,+1066,1400,6.67,1.91,B,"Medium — stats+savant+recent+BvP, confirmed lineup, live markets matched",L,L,-1.000,,,"2 H, 2 TB, 0 HR, 0 R, 1 RBI",betting_roi
2026-04-18,SF@WSH,Drew Gilbert,SF,2+ TB,35.25,+184,-2,1.96,33.29,A,"Medium — stats+savant+recent+BvP, confirmed lineup, live markets matched",W,W,50.000,,,"2 H, 2 TB, 0 HR, 0 R, 1 RBI",betting_roi
2026-04-18,SF@WSH,Patrick Bailey,SF,HR,0.40,+24900,1300,7.14,-6.74,D,"High — stats+savant+recent+BvP, confirmed lineup, live markets matched",L,L,-1.000,,,"1 H, 1 TB, 0 HR, 0 R, 0 RBI",betting_roi
2026-04-18,SF@WSH,Patrick Bailey,SF,2+ TB,6.00,+1567,275,26.67,-20.67,D,"High — stats+savant+recent+BvP, confirmed lineup, live markets matched",L,L,-1.000,,,"1 H, 1 TB, 0 HR, 0 R, 0 RBI",betting_roi
2026-04-18,SF@WSH,James Wood,WSH,HR,17.39,+475,,,,A+,"High — stats+savant+recent+BvP, posted lineup, limited or misaligned live markets",W,W,,,,"1 H, 4 TB, 1 HR, 3 R, 2 RBI",target_accuracy
2026-04-18,SF@WSH,James Wood,WSH,2+ TB,55.00,-122,150,40.00,15.00,A+,"High — stats+savant+recent+BvP, posted lineup, limited or misaligned live markets",W,W,1.500,,,"1 H, 4 TB, 1 HR, 3 R, 2 RBI",betting_roi
2026-04-18,SF@WSH,Luis García Jr.,WSH,HR,4.87,+1955,,,,D,"High — stats+savant+recent+BvP, posted lineup, limited or misaligned live markets",L,L,,,,"1 H, 1 TB, 0 HR, 0 R, 2 RBI",target_accuracy
2026-04-18,SF@WSH,Luis García Jr.,WSH,2+ TB,24.88,+302,255,28.17,-3.29,C,"High — stats+savant+recent+BvP, posted lineup, limited or misaligned live markets",L,L,-1.000,,,"1 H, 1 TB, 0 HR, 0 R, 2 RBI",betting_roi
2026-04-18,SF@WSH,José Tena,WSH,HR,3.52,+2737,,,,D,"Medium — stats+savant+recent+BvP, posted lineup, no live markets",L,L,,,,"1 H, 1 TB, 0 HR, 0 R, 1 RBI",target_accuracy
2026-04-18,SF@WSH,José Tena,WSH,2+ TB,29.79,+236,,,,B,"Medium — stats+savant+recent+BvP, posted lineup, no live markets",L,L,,,,"1 H, 1 TB, 0 HR, 0 R, 1 RBI",target_accuracy
2026-04-18,SF@WSH,CJ Abrams,WSH,HR,13.74,+628,,,,A+,"High — stats+savant+recent+BvP, posted lineup, limited or misaligned live markets",L,L,,,,"0 H, 0 TB, 0 HR, 0 R, 0 RBI",target_accuracy
2026-04-18,SF@WSH,CJ Abrams,WSH,2+ TB,51.76,-107,202,33.11,18.65,A+,"High — stats+savant+recent+BvP, posted lineup, limited or misaligned live markets",L,L,-1.000,,,"0 H, 0 TB, 0 HR, 0 R, 0 RBI",betting_roi
2026-04-18,SF@WSH,Jacob Young,WSH,HR,5.40,+1752,,,,D,"High — stats+savant+recent+BvP, posted lineup, limited or misaligned live markets",L,L,,,,"2 H, 2 TB, 0 HR, 0 R, 0 RBI",target_accuracy
2026-04-18,SF@WSH,Jacob Young,WSH,2+ TB,29.16,+243,-115,53.49,-24.33,B,"High — stats+savant+recent+BvP, posted lineup, limited or misaligned live markets",W,W,0.870,,,"2 H, 2 TB, 0 HR, 0 R, 0 RBI",betting_roi
2026-04-18,SF@WSH,Daylen Lile,WSH,HR,3.39,+2849,,,,D,"High — stats+savant+recent+BvP, posted lineup, limited or misaligned live markets",L,L,,,,"2 H, 3 TB, 0 HR, 0 R, 0 RBI",target_accuracy
2026-04-18,SF@WSH,Daylen Lile,WSH,2+ TB,23.72,+322,150,40.00,-16.28,C,"High — stats+savant+recent+BvP, posted lineup, limited or misaligned live markets",W,W,1.500,,,"2 H, 3 TB, 0 HR, 0 R, 0 RBI",betting_roi
2026-04-18,SF@WSH,Nasim Nuñez,WSH,HR,0.40,+24900,,,,D,"High — stats+savant+recent+BvP, posted lineup, limited or misaligned live markets",L,L,,,,"0 H, 0 TB, 0 HR, 1 R, 0 RBI",target_accuracy
2026-04-18,SF@WSH,Nasim Nuñez,WSH,2+ TB,6.00,+1567,325,23.53,-17.53,D,"High — stats+savant+recent+BvP, posted lineup, limited or misaligned live markets",L,L,-1.000,,,"0 H, 0 TB, 0 HR, 1 R, 0 RBI",betting_roi
2026-04-18,SF@WSH,Jorbit Vivas,WSH,HR,0.40,+24900,,,,D,"High — stats+savant+recent+BvP, posted lineup, limited or misaligned live markets",L,L,,,,"1 H, 2 TB, 0 HR, 1 R, 0 RBI",target_accuracy
2026-04-18,SF@WSH,Jorbit Vivas,WSH,2+ TB,7.66,+1206,100,50.00,-42.34,D,"High — stats+savant+recent+BvP, posted lineup, limited or misaligned live markets",W,W,1.000,,,"1 H, 2 TB, 0 HR, 1 R, 0 RBI",betting_roi
2026-04-18,SF@WSH,Drew Millas,WSH,HR,0.40,+24900,,,,D,"Medium — stats+savant+recent+BvP, posted lineup, no live markets",L,L,,,,"1 H, 2 TB, 0 HR, 1 R, 0 RBI",target_accuracy
2026-04-18,SF@WSH,Drew Millas,WSH,2+ TB,6.82,+1366,,,,D,"Medium — stats+savant+recent+BvP, posted lineup, no live markets",W,W,,,,"1 H, 2 TB, 0 HR, 1 R, 0 RBI",target_accuracy
2026-04-18,CWS@ATH,Andrew Benintendi,CWS,HR,8.53,+1073,,,,B,"High — stats+savant+recent+BvP, posted lineup, no live markets",W,W,,,,"1 H, 4 TB, 1 HR, 1 R, 3 RBI",target_accuracy
2026-04-18,CWS@ATH,Andrew Benintendi,CWS,2+ TB,35.67,+180,,,,A,"High — stats+savant+recent+BvP, posted lineup, no live markets",W,W,,,,"1 H, 4 TB, 1 HR, 1 R, 3 RBI",target_accuracy
2026-04-18,CWS@ATH,Munetaka Murakami,CWS,HR,15.65,+539,372,21.19,-5.54,A+,"High — stats+savant+recent+BvP, posted lineup, live markets matched",W,W,3.720,,,"1 H, 4 TB, 1 HR, 1 R, 1 RBI",betting_roi
2026-04-18,CWS@ATH,Munetaka Murakami,CWS,2+ TB,47.62,+110,124,44.64,2.98,A+,"High — stats+savant+recent+BvP, posted lineup, live markets matched",W,W,1.240,,,"1 H, 4 TB, 1 HR, 1 R, 1 RBI",betting_roi
2026-04-18,CWS@ATH,Miguel Vargas,CWS,HR,4.34,+2207,562,15.11,-10.77,D,"High — stats+savant+recent+BvP, posted lineup, live markets matched",L,L,-1.000,,,"0 H, 0 TB, 0 HR, 0 R, 0 RBI",betting_roi
2026-04-18,CWS@ATH,Miguel Vargas,CWS,2+ TB,18.81,+432,127,44.05,-25.24,D,"High — stats+savant+recent+BvP, posted lineup, live markets matched",L,L,-1.000,,,"0 H, 0 TB, 0 HR, 0 R, 0 RBI",betting_roi
2026-04-18,CWS@ATH,Colson Montgomery,CWS,HR,6.48,+1442,418,19.31,-12.83,C,"High — stats+savant+recent+BvP, posted lineup, live markets matched",W,W,4.180,,,"1 H, 4 TB, 1 HR, 1 R, 1 RBI",betting_roi
2026-04-18,CWS@ATH,Colson Montgomery,CWS,2+ TB,24.99,+300,126,44.25,-19.26,C,"High — stats+savant+recent+BvP, posted lineup, live markets matched",W,W,1.260,,,"1 H, 4 TB, 1 HR, 1 R, 1 RBI",betting_roi
2026-04-18,CWS@ATH,Everson Pereira,CWS,HR,14.90,+571,665,13.07,1.83,A+,"Medium — stats+savant+recent+BvP, posted lineup, live markets matched",L,L,-1.000,,,"2 H, 4 TB, 0 HR, 1 R, 0 RBI",betting_roi
2026-04-18,CWS@ATH,Everson Pereira,CWS,2+ TB,50.00,+100,150,40.00,10.00,A+,"Medium — stats+savant+recent+BvP, posted lineup, live markets matched",W,W,1.500,,,"2 H, 4 TB, 0 HR, 1 R, 0 RBI",betting_roi
2026-04-18,CWS@ATH,Sam Antonacci,CWS,HR,0.40,+24900,,,,D,"Medium — stats+savant+recent+BvP, posted lineup, limited or misaligned live markets",L,L,,,,"0 H, 0 TB, 0 HR, 0 R, 0 RBI",target_accuracy
2026-04-18,CWS@ATH,Sam Antonacci,CWS,2+ TB,6.00,+1567,100,50.00,-44.00,D,"Medium — stats+savant+recent+BvP, posted lineup, limited or misaligned live markets",L,L,-1.000,,,"0 H, 0 TB, 0 HR, 0 R, 0 RBI",betting_roi
2026-04-18,CWS@ATH,Chase Meidroth,CWS,HR,3.06,+3170,975,9.30,-6.24,D,"High — stats+savant+recent+BvP, posted lineup, live markets matched",L,L,-1.000,,,"1 H, 1 TB, 0 HR, 0 R, 0 RBI",betting_roi
2026-04-18,CWS@ATH,Chase Meidroth,CWS,2+ TB,20.74,+382,128,43.86,-23.12,C,"High — stats+savant+recent+BvP, posted lineup, live markets matched",L,L,-1.000,,,"1 H, 1 TB, 0 HR, 0 R, 0 RBI",betting_roi
2026-04-18,CWS@ATH,Tristan Peters,CWS,HR,0.40,+24900,,,,D,"High — stats+savant+recent+BvP, posted lineup, no live markets",L,L,,,,"0 H, 0 TB, 0 HR, 1 R, 0 RBI",target_accuracy
2026-04-18,CWS@ATH,Tristan Peters,CWS,2+ TB,6.00,+1567,,,,D,"High — stats+savant+recent+BvP, posted lineup, no live markets",L,L,,,,"0 H, 0 TB, 0 HR, 1 R, 0 RBI",target_accuracy
2026-04-18,CWS@ATH,Reese McGuire,CWS,HR,1.13,+8744,,,,D,"Medium — stats+savant+recent+BvP, posted lineup, no live markets",L,L,,,,"1 H, 1 TB, 0 HR, 1 R, 1 RBI",target_accuracy
2026-04-18,CWS@ATH,Reese McGuire,CWS,2+ TB,12.21,+719,,,,D,"Medium — stats+savant+recent+BvP, posted lineup, no live markets",L,L,,,,"1 H, 1 TB, 0 HR, 1 R, 1 RBI",target_accuracy
2026-04-18,CWS@ATH,Jeff McNeil,ATH,HR,0.40,+24900,,,,D,"High — stats+savant+recent+BvP, posted lineup, limited or misaligned live markets",L,L,,,,"0 H, 0 TB, 0 HR, 0 R, 1 RBI",target_accuracy
2026-04-18,CWS@ATH,Jeff McNeil,ATH,2+ TB,17.94,+457,50,66.67,-48.73,D,"High — stats+savant+recent+BvP, posted lineup, limited or misaligned live markets",L,L,-1.000,,,"0 H, 0 TB, 0 HR, 0 R, 1 RBI",betting_roi
2026-04-18,CWS@ATH,Shea Langeliers,ATH,HR,6.98,+1332,,,,C,"High — stats+savant+recent+BvP, posted lineup, limited or misaligned live markets",L,L,,,,"2 H, 2 TB, 0 HR, 1 R, 0 RBI",target_accuracy
2026-04-18,CWS@ATH,Shea Langeliers,ATH,2+ TB,35.29,+183,-116,53.70,-18.41,A,"High — stats+savant+recent+BvP, posted lineup, limited or misaligned live markets",W,W,0.862,,,"2 H, 2 TB, 0 HR, 1 R, 0 RBI",betting_roi
2026-04-18,CWS@ATH,Nick Kurtz,ATH,HR,7.41,+1249,,,,C,"High — stats+savant+recent+BvP, posted lineup, limited or misaligned live markets",W,W,,,,"2 H, 5 TB, 1 HR, 1 R, 2 RBI",target_accuracy
2026-04-18,CWS@ATH,Nick Kurtz,ATH,2+ TB,35.42,+182,127,44.05,-8.63,A,"High — stats+savant+recent+BvP, posted lineup, limited or misaligned live markets",W,W,1.270,,,"2 H, 5 TB, 1 HR, 1 R, 2 RBI",betting_roi
2026-04-18,CWS@ATH,Tyler Soderstrom,ATH,HR,2.73,+3567,,,,D,"High — stats+savant+recent+BvP, posted lineup, limited or misaligned live markets",L,L,,,,"1 H, 1 TB, 0 HR, 0 R, 1 RBI",target_accuracy
2026-04-18,CWS@ATH,Tyler Soderstrom,ATH,2+ TB,21.52,+365,135,42.55,-21.03,C,"High — stats+savant+recent+BvP, posted lineup, limited or misaligned live markets",L,L,-1.000,,,"1 H, 1 TB, 0 HR, 0 R, 1 RBI",betting_roi
2026-04-18,CWS@ATH,Jacob Wilson,ATH,HR,0.40,+24900,,,,D,"High — stats+savant+recent+BvP, posted lineup, limited or misaligned live markets",W,W,,,,"2 H, 5 TB, 1 HR, 2 R, 1 RBI",target_accuracy
2026-04-18,CWS@ATH,Jacob Wilson,ATH,2+ TB,11.73,+752,-110,52.38,-40.65,D,"High — stats+savant+recent+BvP, posted lineup, limited or misaligned live markets",W,W,0.909,,,"2 H, 5 TB, 1 HR, 2 R, 1 RBI",betting_roi
2026-04-18,CWS@ATH,Carlos Cortes,ATH,HR,2.07,+4741,,,,D,"Medium — stats+savant+recent+BvP, posted lineup, no live markets",L,L,,,,"0 H, 0 TB, 0 HR, 0 R, 0 RBI",target_accuracy
2026-04-18,CWS@ATH,Carlos Cortes,ATH,2+ TB,21.69,+361,,,,C,"Medium — stats+savant+recent+BvP, posted lineup, no live markets",L,L,,,,"0 H, 0 TB, 0 HR, 0 R, 0 RBI",target_accuracy
2026-04-18,CWS@ATH,Max Muncy,ATH,HR,5.58,+1693,,,,D,"High — stats+savant+recent+BvP, posted lineup, limited or misaligned live markets",L,L,,,,"1 H, 3 TB, 0 HR, 1 R, 1 RBI",target_accuracy
2026-04-18,CWS@ATH,Max Muncy,ATH,2+ TB,32.21,+210,127,44.05,-11.84,A,"High — stats+savant+recent+BvP, posted lineup, limited or misaligned live markets",W,W,1.270,,,"1 H, 3 TB, 0 HR, 1 R, 1 RBI",betting_roi
2026-04-18,CWS@ATH,Lawrence Butler,ATH,HR,1.02,+9735,,,,D,"High — stats+savant+recent+BvP, posted lineup, no live markets",L,L,,,,"1 H, 2 TB, 0 HR, 1 R, 1 RBI",target_accuracy
2026-04-18,CWS@ATH,Lawrence Butler,ATH,2+ TB,13.36,+648,,,,D,"High — stats+savant+recent+BvP, posted lineup, no live markets",W,W,,,,"1 H, 2 TB, 0 HR, 1 R, 1 RBI",target_accuracy
2026-04-18,CWS@ATH,Austin Wynns,ATH,HR,0.40,+24900,,,,D,"Medium — stats+savant+recent+BvP, posted lineup, no live markets",L,L,,,,"0 H, 0 TB, 0 HR, 1 R, 0 RBI",target_accuracy
2026-04-18,CWS@ATH,Austin Wynns,ATH,2+ TB,6.00,+1567,,,,D,"Medium — stats+savant+recent+BvP, posted lineup, no live markets",L,L,,,,"0 H, 0 TB, 0 HR, 1 R, 0 RBI",target_accuracy
2026-04-18,DET@BOS,Kevin McGonigle,DET,HR,8.18,+1123,,,,B,"High — stats+savant+recent+BvP, posted lineup, limited or misaligned live markets",L,L,,,,"2 H, 2 TB, 0 HR, 1 R, 1 RBI",target_accuracy
2026-04-18,DET@BOS,Kevin McGonigle,DET,2+ TB,39.99,+150,150,40.00,-0.01,A+,"High — stats+savant+recent+BvP, posted lineup, limited or misaligned live markets",W,W,1.500,,,"2 H, 2 TB, 0 HR, 1 R, 1 RBI",betting_roi
2026-04-18,DET@BOS,Gleyber Torres,DET,HR,1.86,+5290,800,11.11,-9.25,D,"High — stats+savant+recent+BvP, posted lineup, live markets matched",L,L,-1.000,,,"1 H, 1 TB, 0 HR, 0 R, 0 RBI",betting_roi
2026-04-18,DET@BOS,Gleyber Torres,DET,2+ TB,17.57,+469,154,39.37,-21.80,D,"High — stats+savant+recent+BvP, posted lineup, live markets matched",L,L,-1.000,,,"1 H, 1 TB, 0 HR, 0 R, 0 RBI",betting_roi
2026-04-18,DET@BOS,Colt Keith,DET,HR,7.90,+1166,,,,B,"High — stats+savant+recent+BvP, posted lineup, no live markets",L,L,,,,"1 H, 1 TB, 0 HR, 0 R, 0 RBI",target_accuracy
2026-04-18,DET@BOS,Colt Keith,DET,2+ TB,37.64,+166,,,,A,"High — stats+savant+recent+BvP, posted lineup, no live markets",L,L,,,,"1 H, 1 TB, 0 HR, 0 R, 0 RBI",target_accuracy
2026-04-18,DET@BOS,Riley Greene,DET,HR,8.30,+1105,1000,9.09,-0.79,B,"High — stats+savant+recent+BvP, posted lineup, live markets matched",L,L,-1.000,,,"0 H, 0 TB, 0 HR, 0 R, 0 RBI",betting_roi
2026-04-18,DET@BOS,Riley Greene,DET,2+ TB,37.92,+164,198,33.56,4.36,A,"High — stats+savant+recent+BvP, posted lineup, live markets matched",L,L,-1.000,,,"0 H, 0 TB, 0 HR, 0 R, 0 RBI",betting_roi
2026-04-18,DET@BOS,Spencer Torkelson,DET,HR,3.46,+2787,700,12.50,-9.04,D,"High — stats+savant+recent+BvP, posted lineup, live markets matched",L,L,-1.000,,,"0 H, 0 TB, 0 HR, 0 R, 0 RBI",betting_roi
2026-04-18,DET@BOS,Spencer Torkelson,DET,2+ TB,22.43,+346,185,35.09,-12.66,C,"High — stats+savant+recent+BvP, posted lineup, live markets matched",L,L,-1.000,,,"0 H, 0 TB, 0 HR, 0 R, 0 RBI",betting_roi
2026-04-18,DET@BOS,Kerry Carpenter,DET,HR,13.18,+659,,,,A,"High — stats+savant+recent+BvP, posted lineup, no live markets",W,W,,,,"2 H, 5 TB, 1 HR, 1 R, 2 RBI",target_accuracy
2026-04-18,DET@BOS,Kerry Carpenter,DET,2+ TB,45.20,+121,,,,A+,"High — stats+savant+recent+BvP, posted lineup, no live markets",W,W,,,,"2 H, 5 TB, 1 HR, 1 R, 2 RBI",target_accuracy
2026-04-18,DET@BOS,Wenceel Pérez,DET,HR,3.29,+2937,710,12.35,-9.06,D,"Medium — stats+savant+recent+BvP, posted lineup, live markets matched",L,L,-1.000,,,"0 H, 0 TB, 0 HR, 1 R, 0 RBI",betting_roi
2026-04-18,DET@BOS,Wenceel Pérez,DET,2+ TB,6.00,+1567,166,37.59,-31.59,D,"Medium — stats+savant+recent+BvP, posted lineup, live markets matched",L,L,-1.000,,,"0 H, 0 TB, 0 HR, 1 R, 0 RBI",betting_roi
2026-04-18,DET@BOS,Javier Báez,DET,HR,4.55,+2098,1070,8.55,-4.00,D,"High — stats+savant+recent+BvP, posted lineup, live markets matched",L,L,-1.000,,,"1 H, 2 TB, 0 HR, 1 R, 0 RBI",betting_roi
2026-04-18,DET@BOS,Javier Báez,DET,2+ TB,27.65,+262,200,33.33,-5.68,B,"High — stats+savant+recent+BvP, posted lineup, live markets matched",W,W,2.000,,,"1 H, 2 TB, 0 HR, 1 R, 0 RBI",betting_roi
2026-04-18,DET@BOS,Jake Rogers,DET,HR,0.94,+10571,,,,D,"Medium — stats+savant+recent+BvP, posted lineup, no live markets",L,L,,,,"1 H, 2 TB, 0 HR, 0 R, 1 RBI",target_accuracy
2026-04-18,DET@BOS,Jake Rogers,DET,2+ TB,6.00,+1567,,,,D,"Medium — stats+savant+recent+BvP, posted lineup, no live markets",W,W,,,,"1 H, 2 TB, 0 HR, 0 R, 1 RBI",target_accuracy
2026-04-18,DET@BOS,Roman Anthony,BOS,HR,0.93,+10694,,,,D,"High — stats+savant+recent+BvP, posted lineup, limited or misaligned live markets",L,L,,,,"1 H, 1 TB, 0 HR, 0 R, 0 RBI",target_accuracy
2026-04-18,DET@BOS,Roman Anthony,BOS,2+ TB,18.78,+432,164,37.88,-19.10,D,"High — stats+savant+recent+BvP, posted lineup, limited or misaligned live markets",L,L,-1.000,,,"1 H, 1 TB, 0 HR, 0 R, 0 RBI",betting_roi
2026-04-18,DET@BOS,Andruw Monasterio,BOS,HR,0.40,+24900,,,,D,"Medium — stats+savant+recent+BvP, posted lineup, limited or misaligned live markets",L,L,,,,"1 H, 1 TB, 0 HR, 0 R, 0 RBI",target_accuracy
2026-04-18,DET@BOS,Andruw Monasterio,BOS,2+ TB,13.38,+647,153,39.53,-26.15,D,"Medium — stats+savant+recent+BvP, posted lineup, limited or misaligned live markets",L,L,-1.000,,,"1 H, 1 TB, 0 HR, 0 R, 0 RBI",betting_roi
2026-04-18,DET@BOS,Willson Contreras,BOS,HR,5.28,+1793,,,,D,"High — stats+savant+recent+BvP, posted lineup, limited or misaligned live markets",L,L,,,,"1 H, 1 TB, 0 HR, 0 R, 0 RBI",target_accuracy
2026-04-18,DET@BOS,Willson Contreras,BOS,2+ TB,30.86,+224,147,40.49,-9.63,B,"High — stats+savant+recent+BvP, posted lineup, limited or misaligned live markets",L,L,-1.000,,,"1 H, 1 TB, 0 HR, 0 R, 0 RBI",betting_roi
2026-04-18,DET@BOS,Trevor Story,BOS,HR,0.40,+24900,,,,D,"High — stats+savant+recent+BvP, posted lineup, limited or misaligned live markets",L,L,,,,"0 H, 0 TB, 0 HR, 0 R, 0 RBI",target_accuracy
2026-04-18,DET@BOS,Trevor Story,BOS,2+ TB,10.13,+887,132,43.10,-32.97,D,"High — stats+savant+recent+BvP, posted lineup, limited or misaligned live markets",L,L,-1.000,,,"0 H, 0 TB, 0 HR, 0 R, 0 RBI",betting_roi
2026-04-18,DET@BOS,Wilyer Abreu,BOS,HR,2.73,+3569,,,,D,"High — stats+savant+recent+BvP, posted lineup, limited or misaligned live markets",L,L,,,,"1 H, 1 TB, 0 HR, 1 R, 0 RBI",target_accuracy
2026-04-18,DET@BOS,Wilyer Abreu,BOS,2+ TB,23.64,+323,135,42.55,-18.91,C,"High — stats+savant+recent+BvP, posted lineup, limited or misaligned live markets",L,L,-1.000,,,"1 H, 1 TB, 0 HR, 1 R, 0 RBI",betting_roi
2026-04-18,DET@BOS,Ceddanne Rafaela,BOS,HR,0.40,+24900,,,,D,"High — stats+savant+recent+BvP, posted lineup, limited or misaligned live markets",L,L,,,,"1 H, 2 TB, 0 HR, 0 R, 0 RBI",target_accuracy
2026-04-18,DET@BOS,Ceddanne Rafaela,BOS,2+ TB,12.69,+688,150,40.00,-27.31,D,"High — stats+savant+recent+BvP, posted lineup, limited or misaligned live markets",W,W,1.500,,,"1 H, 2 TB, 0 HR, 0 R, 0 RBI",betting_roi
2026-04-18,DET@BOS,Caleb Durbin,BOS,HR,0.40,+24900,,,,D,"High — stats+savant+recent+BvP, posted lineup, limited or misaligned live markets",L,L,,,,"0 H, 0 TB, 0 HR, 0 R, 0 RBI",target_accuracy
2026-04-18,DET@BOS,Caleb Durbin,BOS,2+ TB,6.00,+1567,195,33.90,-27.90,D,"High — stats+savant+recent+BvP, posted lineup, limited or misaligned live markets",L,L,-1.000,,,"0 H, 0 TB, 0 HR, 0 R, 0 RBI",betting_roi
2026-04-18,DET@BOS,Connor Wong,BOS,HR,0.40,+24900,,,,D,"Medium — stats+savant+recent+BvP, posted lineup, no live markets",L,L,,,,"0 H, 0 TB, 0 HR, 0 R, 0 RBI",target_accuracy
2026-04-18,DET@BOS,Connor Wong,BOS,2+ TB,22.17,+351,,,,C,"Medium — stats+savant+recent+BvP, posted lineup, no live markets",L,L,,,,"0 H, 0 TB, 0 HR, 0 R, 0 RBI",target_accuracy
2026-04-18,DET@BOS,Isiah Kiner-Falefa,BOS,HR,0.40,+24900,,,,D,"Medium — stats+savant+recent+BvP, posted lineup, limited or misaligned live markets",L,L,,,,"0 H, 0 TB, 0 HR, 0 R, 0 RBI",target_accuracy
2026-04-18,DET@BOS,Isiah Kiner-Falefa,BOS,2+ TB,6.00,+1567,202,33.11,-27.11,D,"Medium — stats+savant+recent+BvP, posted lineup, limited or misaligned live markets",L,L,-1.000,,,"0 H, 0 TB, 0 HR, 0 R, 0 RBI",betting_roi
2026-04-18,MIL@MIA,Sal Frelick,MIL,HR,0.40,+24900,,,,D,"High — stats+savant+recent+BvP, posted lineup, limited or misaligned live markets",L,L,,,,"1 H, 1 TB, 0 HR, 0 R, 1 RBI",target_accuracy
2026-04-18,MIL@MIA,Sal Frelick,MIL,2+ TB,6.00,+1567,150,40.00,-34.00,D,"High — stats+savant+recent+BvP, posted lineup, limited or misaligned live markets",L,L,-1.000,,,"1 H, 1 TB, 0 HR, 0 R, 1 RBI",betting_roi
2026-04-18,MIL@MIA,William Contreras,MIL,HR,1.38,+7170,,,,D,"High — stats+savant+recent+BvP, posted lineup, limited or misaligned live markets",L,L,,,,"1 H, 2 TB, 0 HR, 1 R, 0 RBI",target_accuracy
2026-04-18,MIL@MIA,William Contreras,MIL,2+ TB,24.37,+310,150,40.00,-15.63,C,"High — stats+savant+recent+BvP, posted lineup, limited or misaligned live markets",W,W,1.500,,,"1 H, 2 TB, 0 HR, 1 R, 0 RBI",betting_roi
2026-04-18,MIL@MIA,Brice Turang,MIL,HR,6.42,+1458,1300,7.14,-0.72,C,"High — stats+savant+recent+BvP, posted lineup, live markets matched",W,W,13.000,,,"2 H, 5 TB, 1 HR, 1 R, 3 RBI",betting_roi
2026-04-18,MIL@MIA,Brice Turang,MIL,2+ TB,36.04,+177,230,30.30,5.74,A,"High — stats+savant+recent+BvP, posted lineup, live markets matched",W,W,2.300,,,"2 H, 5 TB, 1 HR, 1 R, 3 RBI",betting_roi
2026-04-18,MIL@MIA,Gary Sánchez,MIL,HR,7.97,+1155,650,13.33,-5.36,B,"High — stats+savant+recent+BvP, posted lineup, live markets matched",L,L,-1.000,,,"0 H, 0 TB, 0 HR, 0 R, 0 RBI",betting_roi
2026-04-18,MIL@MIA,Gary Sánchez,MIL,2+ TB,33.79,+196,280,26.32,7.47,A,"High — stats+savant+recent+BvP, posted lineup, live markets matched",L,L,-1.000,,,"0 H, 0 TB, 0 HR, 0 R, 0 RBI",betting_roi
2026-04-18,MIL@MIA,Jake Bauers,MIL,HR,6.12,+1534,700,12.50,-6.38,C,"High — stats+savant+recent+BvP, posted lineup, live markets matched",L,L,-1.000,,,"0 H, 0 TB, 0 HR, 0 R, 0 RBI",betting_roi
2026-04-18,MIL@MIA,Jake Bauers,MIL,2+ TB,29.81,+235,300,25.00,4.81,B,"High — stats+savant+recent+BvP, posted lineup, live markets matched",L,L,-1.000,,,"0 H, 0 TB, 0 HR, 0 R, 0 RBI",betting_roi
2026-04-18,MIL@MIA,Luis Rengifo,MIL,HR,0.40,+24900,1300,7.14,-6.74,D,"High — stats+savant+recent+BvP, posted lineup, live markets matched",L,L,-1.000,,,"1 H, 2 TB, 0 HR, 1 R, 0 RBI",betting_roi
2026-04-18,MIL@MIA,Luis Rengifo,MIL,2+ TB,6.00,+1567,-120,54.55,-48.55,D,"High — stats+savant+recent+BvP, posted lineup, live markets matched",W,W,0.833,,,"1 H, 2 TB, 0 HR, 1 R, 0 RBI",betting_roi
2026-04-18,MIL@MIA,Garrett Mitchell,MIL,HR,4.68,+2035,1000,9.09,-4.41,D,"High — stats+savant+recent+BvP, posted lineup, live markets matched",L,L,-1.000,,,"0 H, 0 TB, 0 HR, 1 R, 0 RBI",betting_roi
2026-04-18,MIL@MIA,Garrett Mitchell,MIL,2+ TB,30.80,+225,260,27.78,3.02,B,"High — stats+savant+recent+BvP, posted lineup, live markets matched",L,L,-1.000,,,"0 H, 0 TB, 0 HR, 1 R, 0 RBI",betting_roi
2026-04-18,MIL@MIA,Brandon Lockridge,MIL,HR,0.40,+24900,2200,4.35,-3.95,D,"High — stats+savant+recent+BvP, posted lineup, live markets matched",L,L,-1.000,,,"1 H, 1 TB, 0 HR, 0 R, 1 RBI",betting_roi
2026-04-18,MIL@MIA,Brandon Lockridge,MIL,2+ TB,6.00,+1567,360,21.74,-15.74,D,"High — stats+savant+recent+BvP, posted lineup, live markets matched",L,L,-1.000,,,"1 H, 1 TB, 0 HR, 0 R, 1 RBI",betting_roi
2026-04-18,MIL@MIA,Joey Ortiz,MIL,HR,0.40,+24900,,,,D,"High — stats+savant+recent+BvP, posted lineup, limited or misaligned live markets",L,L,,,,"0 H, 0 TB, 0 HR, 1 R, 0 RBI",target_accuracy
2026-04-18,MIL@MIA,Joey Ortiz,MIL,2+ TB,6.00,+1567,100,50.00,-44.00,D,"High — stats+savant+recent+BvP, posted lineup, limited or misaligned live markets",L,L,-1.000,,,"0 H, 0 TB, 0 HR, 1 R, 0 RBI",betting_roi
2026-04-18,MIL@MIA,Jakob Marsee,MIA,HR,0.40,+24900,,,,D,"High — stats+savant+recent+BvP, posted lineup, limited or misaligned live markets",L,L,,,,"1 H, 1 TB, 0 HR, 0 R, 0 RBI",target_accuracy
2026-04-18,MIL@MIA,Jakob Marsee,MIA,2+ TB,6.00,+1567,150,40.00,-34.00,D,"High — stats+savant+recent+BvP, posted lineup, limited or misaligned live markets",L,L,-1.000,,,"1 H, 1 TB, 0 HR, 0 R, 0 RBI",betting_roi
2026-04-18,MIL@MIA,Xavier Edwards,MIA,HR,0.56,+17891,,,,D,"High — stats+savant+recent+BvP, posted lineup, limited or misaligned live markets",L,L,,,,"1 H, 1 TB, 0 HR, 0 R, 0 RBI",target_accuracy
2026-04-18,MIL@MIA,Xavier Edwards,MIA,2+ TB,23.30,+329,150,40.00,-16.70,C,"High — stats+savant+recent+BvP, posted lineup, limited or misaligned live markets",L,L,-1.000,,,"1 H, 1 TB, 0 HR, 0 R, 0 RBI",betting_roi
2026-04-18,MIL@MIA,Agustín Ramírez,MIA,HR,0.40,+24900,,,,D,"High — stats+savant+recent+BvP, posted lineup, limited or misaligned live markets",L,L,,,,"0 H, 0 TB, 0 HR, 0 R, 0 RBI",target_accuracy
2026-04-18,MIL@MIA,Agustín Ramírez,MIA,2+ TB,10.02,+898,240,29.41,-19.39,D,"High — stats+savant+recent+BvP, posted lineup, limited or misaligned live markets",L,L,-1.000,,,"0 H, 0 TB, 0 HR, 0 R, 0 RBI",betting_roi
2026-04-18,MIL@MIA,Liam Hicks,MIA,HR,2.08,+4710,,,,D,"High — stats+savant+recent+BvP, posted lineup, limited or misaligned live markets",L,L,,,,"2 H, 2 TB, 0 HR, 1 R, 0 RBI",target_accuracy
2026-04-18,MIL@MIA,Liam Hicks,MIA,2+ TB,21.69,+361,-110,52.38,-30.69,C,"High — stats+savant+recent+BvP, posted lineup, limited or misaligned live markets",W,W,0.909,,,"2 H, 2 TB, 0 HR, 1 R, 0 RBI",betting_roi
2026-04-18,MIL@MIA,Otto Lopez,MIA,HR,6.78,+1375,,,,C,"High — stats+savant+recent+BvP, posted lineup, limited or misaligned live markets",L,L,,,,"1 H, 1 TB, 0 HR, 1 R, 0 RBI",target_accuracy
2026-04-18,MIL@MIA,Otto Lopez,MIA,2+ TB,36.95,+171,180,35.71,1.24,A,"High — stats+savant+recent+BvP, posted lineup, limited or misaligned live markets",L,L,-1.000,,,"1 H, 1 TB, 0 HR, 1 R, 0 RBI",betting_roi
2026-04-18,MIL@MIA,Connor Norby,MIA,HR,1.74,+5640,,,,D,"High — stats+savant+recent+BvP, posted lineup, limited or misaligned live markets",L,L,,,,"2 H, 2 TB, 0 HR, 0 R, 1 RBI",target_accuracy
2026-04-18,MIL@MIA,Connor Norby,MIA,2+ TB,21.99,+355,250,28.57,-6.58,C,"High — stats+savant+recent+BvP, posted lineup, limited or misaligned live markets",W,W,2.500,,,"2 H, 2 TB, 0 HR, 0 R, 1 RBI",betting_roi
2026-04-18,MIL@MIA,Owen Caissie,MIA,HR,3.56,+2706,,,,D,"High — stats+savant+recent+BvP, posted lineup, limited or misaligned live markets",L,L,,,,"1 H, 1 TB, 0 HR, 0 R, 0 RBI",target_accuracy
2026-04-18,MIL@MIA,Owen Caissie,MIA,2+ TB,18.89,+429,360,21.74,-2.85,D,"High — stats+savant+recent+BvP, posted lineup, limited or misaligned live markets",L,L,-1.000,,,"1 H, 1 TB, 0 HR, 0 R, 0 RBI",betting_roi
2026-04-18,MIL@MIA,Heriberto Hernández,MIA,HR,0.40,+24900,,,,D,"High — stats+savant+recent+BvP, posted lineup, limited or misaligned live markets",L,L,,,,"0 H, 0 TB, 0 HR, 0 R, 1 RBI",target_accuracy
2026-04-18,MIL@MIA,Heriberto Hernández,MIA,2+ TB,6.00,+1567,100,50.00,-44.00,D,"High — stats+savant+recent+BvP, posted lineup, limited or misaligned live markets",L,L,-1.000,,,"0 H, 0 TB, 0 HR, 0 R, 1 RBI",betting_roi
2026-04-18,MIL@MIA,Javier Sanoja,MIA,HR,0.40,+24900,,,,D,"High — stats+savant+recent+BvP, posted lineup, limited or misaligned live markets",L,L,,,,"0 H, 0 TB, 0 HR, 0 R, 0 RBI",target_accuracy
2026-04-18,MIL@MIA,Javier Sanoja,MIA,2+ TB,6.67,+1399,150,40.00,-33.33,D,"High — stats+savant+recent+BvP, posted lineup, limited or misaligned live markets",L,L,-1.000,,,"0 H, 0 TB, 0 HR, 0 R, 0 RBI",betting_roi
2026-04-18,BAL@CLE,Gunnar Henderson,BAL,HR,6.60,+1416,900,10.00,-3.40,C,"High — stats+savant+recent+BvP, posted lineup, live markets matched",W,W,9.000,,,"2 H, 5 TB, 1 HR, 1 R, 1 RBI",betting_roi
2026-04-18,BAL@CLE,Gunnar Henderson,BAL,2+ TB,29.52,+239,150,40.00,-10.48,B,"High — stats+savant+recent+BvP, posted lineup, live markets matched",W,W,1.500,,,"2 H, 5 TB, 1 HR, 1 R, 1 RBI",betting_roi
2026-04-18,BAL@CLE,Taylor Ward,BAL,HR,0.40,+24900,1050,8.70,-8.30,D,"High — stats+savant+recent+BvP, posted lineup, live markets matched",L,L,-1.000,,,"1 H, 2 TB, 0 HR, 0 R, 0 RBI",betting_roi
2026-04-18,BAL@CLE,Taylor Ward,BAL,2+ TB,17.77,+463,150,40.00,-22.23,D,"High — stats+savant+recent+BvP, posted lineup, live markets matched",W,W,1.500,,,"1 H, 2 TB, 0 HR, 0 R, 0 RBI",betting_roi
2026-04-18,BAL@CLE,Pete Alonso,BAL,HR,2.42,+4040,850,10.53,-8.11,D,"High — stats+savant+recent+BvP, posted lineup, limited or misaligned live markets",L,L,-1.000,,,"0 H, 0 TB, 0 HR, 0 R, 0 RBI",betting_roi
2026-04-18,BAL@CLE,Pete Alonso,BAL,2+ TB,18.00,+456,,,,D,"High — stats+savant+recent+BvP, posted lineup, limited or misaligned live markets",L,L,,,,"0 H, 0 TB, 0 HR, 0 R, 0 RBI; market line 0.5 excluded from 2+ TB ROI",target_accuracy
2026-04-18,BAL@CLE,Dylan Beavers,BAL,HR,0.40,+24900,,,,D,"High — stats+savant+recent+BvP, posted lineup, no live markets",L,L,,,,"0 H, 0 TB, 0 HR, 0 R, 0 RBI",target_accuracy
2026-04-18,BAL@CLE,Dylan Beavers,BAL,2+ TB,6.00,+1567,,,,D,"High — stats+savant+recent+BvP, posted lineup, no live markets",L,L,,,,"0 H, 0 TB, 0 HR, 0 R, 0 RBI",target_accuracy
2026-04-18,BAL@CLE,Colton Cowser,BAL,HR,0.40,+24900,,,,D,"High — stats+savant+recent+BvP, posted lineup, no live markets",L,L,,,,"0 H, 0 TB, 0 HR, 0 R, 0 RBI",target_accuracy
2026-04-18,BAL@CLE,Colton Cowser,BAL,2+ TB,6.00,+1567,,,,D,"High — stats+savant+recent+BvP, posted lineup, no live markets",L,L,,,,"0 H, 0 TB, 0 HR, 0 R, 0 RBI",target_accuracy
2026-04-18,BAL@CLE,Leody Taveras,BAL,HR,2.66,+3662,,,,D,"High — stats+savant+recent+BvP, posted lineup, limited or misaligned live markets",W,W,,,,"1 H, 4 TB, 1 HR, 1 R, 1 RBI",target_accuracy
2026-04-18,BAL@CLE,Leody Taveras,BAL,2+ TB,30.80,+225,150,40.00,-9.20,B,"High — stats+savant+recent+BvP, posted lineup, limited or misaligned live markets",W,W,1.500,,,"1 H, 4 TB, 1 HR, 1 R, 1 RBI",betting_roi
2026-04-18,BAL@CLE,Samuel Basallo,BAL,HR,3.39,+2849,,,,D,"High — stats+savant+recent+BvP, posted lineup, limited or misaligned live markets",L,L,,,,"0 H, 0 TB, 0 HR, 0 R, 0 RBI",target_accuracy
2026-04-18,BAL@CLE,Samuel Basallo,BAL,2+ TB,15.07,+564,150,40.00,-24.93,D,"High — stats+savant+recent+BvP, posted lineup, limited or misaligned live markets",L,L,-1.000,,,"0 H, 0 TB, 0 HR, 0 R, 0 RBI",betting_roi
2026-04-18,BAL@CLE,Coby Mayo,BAL,HR,0.40,+24900,850,10.53,-10.13,D,"High — stats+savant+recent+BvP, posted lineup, live markets matched",L,L,-1.000,,,"0 H, 0 TB, 0 HR, 0 R, 0 RBI",betting_roi
2026-04-18,BAL@CLE,Coby Mayo,BAL,2+ TB,6.00,+1567,325,23.53,-17.53,D,"High — stats+savant+recent+BvP, posted lineup, live markets matched",L,L,-1.000,,,"0 H, 0 TB, 0 HR, 0 R, 0 RBI",betting_roi
2026-04-18,BAL@CLE,Jeremiah Jackson,BAL,HR,8.58,+1065,800,11.11,-2.53,B,"High — stats+savant+recent+BvP, posted lineup, live markets matched",L,L,-1.000,,,"0 H, 0 TB, 0 HR, 0 R, 0 RBI",betting_roi
2026-04-18,BAL@CLE,Jeremiah Jackson,BAL,2+ TB,34.95,+186,150,40.00,-5.05,A,"High — stats+savant+recent+BvP, posted lineup, live markets matched",L,L,-1.000,,,"0 H, 0 TB, 0 HR, 0 R, 0 RBI",betting_roi
2026-04-18,BAL@CLE,Steven Kwan,CLE,HR,0.40,+24900,,,,D,"High — stats+savant+recent+BvP, posted lineup, limited or misaligned live markets",L,L,,,,"0 H, 0 TB, 0 HR, 0 R, 0 RBI",target_accuracy
2026-04-18,BAL@CLE,Steven Kwan,CLE,2+ TB,6.07,+1546,,,,D,"High — stats+savant+recent+BvP, posted lineup, limited or misaligned live markets",L,L,,,,"0 H, 0 TB, 0 HR, 0 R, 0 RBI; market line 0.5 excluded from 2+ TB ROI",target_accuracy
2026-04-18,BAL@CLE,Chase DeLauter,CLE,HR,6.28,+1492,,,,C,"High — stats+savant+recent+BvP, posted lineup, limited or misaligned live markets",L,L,,,,"0 H, 0 TB, 0 HR, 0 R, 0 RBI",target_accuracy
2026-04-18,BAL@CLE,Chase DeLauter,CLE,2+ TB,27.77,+260,50,66.67,-38.90,B,"High — stats+savant+recent+BvP, posted lineup, limited or misaligned live markets",L,L,-1.000,,,"0 H, 0 TB, 0 HR, 0 R, 0 RBI",betting_roi
2026-04-18,BAL@CLE,José Ramírez,CLE,HR,6.11,+1538,,,,C,"High — stats+savant+recent+BvP, posted lineup, limited or misaligned live markets",L,L,,,,"0 H, 0 TB, 0 HR, 0 R, 0 RBI",target_accuracy
2026-04-18,BAL@CLE,José Ramírez,CLE,2+ TB,32.10,+212,175,36.36,-4.26,A,"High — stats+savant+recent+BvP, posted lineup, limited or misaligned live markets",L,L,-1.000,,,"0 H, 0 TB, 0 HR, 0 R, 0 RBI",betting_roi
2026-04-18,BAL@CLE,Kyle Manzardo,CLE,HR,2.66,+3664,,,,D,"High — stats+savant+recent+BvP, posted lineup, no live markets",L,L,,,,"0 H, 0 TB, 0 HR, 0 R, 0 RBI",target_accuracy
2026-04-18,BAL@CLE,Kyle Manzardo,CLE,2+ TB,19.91,+402,,,,D,"High — stats+savant+recent+BvP, posted lineup, no live markets",L,L,,,,"0 H, 0 TB, 0 HR, 0 R, 0 RBI",target_accuracy
2026-04-18,BAL@CLE,George Valera,CLE,HR,2.71,+3591,,,,D,"Medium — stats+savant+recent+BvP, posted lineup, no live markets",L,L,,,,"0 H, 0 TB, 0 HR, 0 R, 0 RBI",target_accuracy
2026-04-18,BAL@CLE,George Valera,CLE,2+ TB,28.54,+250,,,,B,"Medium — stats+savant+recent+BvP, posted lineup, no live markets",L,L,,,,"0 H, 0 TB, 0 HR, 0 R, 0 RBI",target_accuracy
2026-04-18,BAL@CLE,Rhys Hoskins,CLE,HR,2.13,+4586,,,,D,"High — stats+savant+recent+BvP, posted lineup, limited or misaligned live markets",L,L,,,,"0 H, 0 TB, 0 HR, 1 R, 0 RBI",target_accuracy
2026-04-18,BAL@CLE,Rhys Hoskins,CLE,2+ TB,19.54,+412,275,26.67,-7.13,D,"High — stats+savant+recent+BvP, posted lineup, limited or misaligned live markets",L,L,-1.000,,,"0 H, 0 TB, 0 HR, 1 R, 0 RBI",betting_roi
2026-04-18,BAL@CLE,Daniel Schneemann,CLE,HR,8.88,+1026,,,,B,"High — stats+savant+recent+BvP, posted lineup, limited or misaligned live markets",L,L,,,,"1 H, 1 TB, 0 HR, 1 R, 0 RBI",target_accuracy
2026-04-18,BAL@CLE,Daniel Schneemann,CLE,2+ TB,42.69,+134,400,20.00,22.69,A+,"High — stats+savant+recent+BvP, posted lineup, limited or misaligned live markets",L,L,-1.000,,,"1 H, 1 TB, 0 HR, 1 R, 0 RBI",betting_roi
2026-04-18,BAL@CLE,Bo Naylor,CLE,HR,3.47,+2785,,,,D,"High — stats+savant+recent+BvP, posted lineup, no live markets",W,W,,,,"1 H, 4 TB, 1 HR, 1 R, 1 RBI",target_accuracy
2026-04-18,BAL@CLE,Bo Naylor,CLE,2+ TB,16.92,+491,,,,D,"High — stats+savant+recent+BvP, posted lineup, no live markets",W,W,,,,"1 H, 4 TB, 1 HR, 1 R, 1 RBI",target_accuracy
2026-04-18,BAL@CLE,Brayan Rocchio,CLE,HR,2.22,+4405,,,,D,"High — stats+savant+recent+BvP, posted lineup, limited or misaligned live markets",W,W,,,,"1 H, 4 TB, 1 HR, 1 R, 3 RBI",target_accuracy
2026-04-18,BAL@CLE,Brayan Rocchio,CLE,2+ TB,18.90,+429,135,42.55,-23.65,D,"High — stats+savant+recent+BvP, posted lineup, limited or misaligned live markets",W,W,1.350,,,"1 H, 4 TB, 1 HR, 1 R, 3 RBI",betting_roi
2026-04-18,STL@HOU,JJ Wetherholt,STL,HR,2.87,+3386,800,11.11,-8.24,D,"High — stats+savant+recent+BvP, posted lineup, live markets matched",L,L,-1.000,,,"1 H, 1 TB, 0 HR, 1 R, 0 RBI",betting_roi
2026-04-18,STL@HOU,JJ Wetherholt,STL,2+ TB,18.68,+435,185,35.09,-16.41,D,"High — stats+savant+recent+BvP, posted lineup, live markets matched",L,L,-1.000,,,"1 H, 1 TB, 0 HR, 1 R, 0 RBI",betting_roi
2026-04-18,STL@HOU,Iván Herrera,STL,HR,4.24,+2259,750,11.76,-7.52,D,"High — stats+savant+recent+BvP, posted lineup, live markets matched",L,L,-1.000,,,"0 H, 0 TB, 0 HR, 1 R, 0 RBI",betting_roi
2026-04-18,STL@HOU,Iván Herrera,STL,2+ TB,26.06,+284,180,35.71,-9.65,B,"High — stats+savant+recent+BvP, posted lineup, live markets matched",L,L,-1.000,,,"0 H, 0 TB, 0 HR, 1 R, 0 RBI",betting_roi
2026-04-18,STL@HOU,Alec Burleson,STL,HR,8.29,+1106,600,14.29,-6.00,B,"High — stats+savant+recent+BvP, posted lineup, live markets matched",W,W,6.000,,,"2 H, 6 TB, 1 HR, 1 R, 1 RBI",betting_roi
2026-04-18,STL@HOU,Alec Burleson,STL,2+ TB,40.00,+150,180,35.71,4.29,A+,"High — stats+savant+recent+BvP, posted lineup, live markets matched",W,W,1.800,,,"2 H, 6 TB, 1 HR, 1 R, 1 RBI",betting_roi
2026-04-18,STL@HOU,Jordan Walker,STL,HR,17.94,+458,700,12.50,5.44,A+,"High — stats+savant+recent+BvP, posted lineup, live markets matched",L,L,-1.000,,,"1 H, 1 TB, 0 HR, 0 R, 0 RBI",betting_roi
2026-04-18,STL@HOU,Jordan Walker,STL,2+ TB,55.00,-122,180,35.71,19.29,A+,"High — stats+savant+recent+BvP, posted lineup, live markets matched",L,L,-1.000,,,"1 H, 1 TB, 0 HR, 0 R, 0 RBI",betting_roi
2026-04-18,STL@HOU,Nolan Gorman,STL,HR,1.40,+7027,600,14.29,-12.89,D,"High — stats+savant+recent+BvP, posted lineup, live markets matched",L,L,-1.000,,,"2 H, 2 TB, 0 HR, 1 R, 2 RBI",betting_roi
2026-04-18,STL@HOU,Nolan Gorman,STL,2+ TB,10.24,+877,275,26.67,-16.43,D,"High — stats+savant+recent+BvP, posted lineup, live markets matched",W,W,2.750,,,"2 H, 2 TB, 0 HR, 1 R, 2 RBI",betting_roi
2026-04-18,STL@HOU,Masyn Winn,STL,HR,0.40,+24900,1100,8.33,-7.93,D,"High — stats+savant+recent+BvP, posted lineup, live markets matched",W,W,11.000,,,"1 H, 4 TB, 1 HR, 1 R, 2 RBI",betting_roi
2026-04-18,STL@HOU,Masyn Winn,STL,2+ TB,6.00,+1567,250,28.57,-22.57,D,"High — stats+savant+recent+BvP, posted lineup, live markets matched",W,W,2.500,,,"1 H, 4 TB, 1 HR, 1 R, 2 RBI",betting_roi
2026-04-18,STL@HOU,Ramón Urías,STL,HR,6.99,+1331,,,,C,"High — stats+savant+recent+BvP, posted lineup, no live markets",L,L,,,,"0 H, 0 TB, 0 HR, 1 R, 0 RBI",target_accuracy
2026-04-18,STL@HOU,Ramón Urías,STL,2+ TB,31.45,+218,,,,B,"High — stats+savant+recent+BvP, posted lineup, no live markets",L,L,,,,"0 H, 0 TB, 0 HR, 1 R, 0 RBI",target_accuracy
2026-04-18,STL@HOU,Nathan Church,STL,HR,0.55,+18022,850,10.53,-9.98,D,"High — stats+savant+recent+BvP, posted lineup, live markets matched",L,L,-1.000,,,"1 H, 1 TB, 0 HR, 0 R, 0 RBI",betting_roi
2026-04-18,STL@HOU,Nathan Church,STL,2+ TB,13.53,+639,195,33.90,-20.37,D,"High — stats+savant+recent+BvP, posted lineup, live markets matched",L,L,-1.000,,,"1 H, 1 TB, 0 HR, 0 R, 0 RBI",betting_roi
2026-04-18,STL@HOU,José Fermín,STL,HR,3.03,+3202,,,,D,"Medium — stats+savant+recent+BvP, posted lineup, no live markets",W,W,,,,"1 H, 4 TB, 1 HR, 1 R, 1 RBI",target_accuracy
2026-04-18,STL@HOU,José Fermín,STL,2+ TB,18.12,+452,,,,D,"Medium — stats+savant+recent+BvP, posted lineup, no live markets",W,W,,,,"1 H, 4 TB, 1 HR, 1 R, 1 RBI",target_accuracy
2026-04-18,STL@HOU,Jose Altuve,HOU,HR,4.08,+2354,,,,D,"High — stats+savant+recent+BvP, posted lineup, limited or misaligned live markets",L,L,,,,"0 H, 0 TB, 0 HR, 1 R, 0 RBI",target_accuracy
2026-04-18,STL@HOU,Jose Altuve,HOU,2+ TB,24.80,+303,190,34.48,-9.68,C,"High — stats+savant+recent+BvP, posted lineup, limited or misaligned live markets",L,L,-1.000,,,"0 H, 0 TB, 0 HR, 1 R, 0 RBI",betting_roi
2026-04-18,STL@HOU,Yordan Alvarez,HOU,HR,19.49,+413,,,,A+,"High — stats+savant+recent+BvP, posted lineup, limited or misaligned live markets",W,W,,,,"2 H, 6 TB, 1 HR, 1 R, 1 RBI",target_accuracy
2026-04-18,STL@HOU,Yordan Alvarez,HOU,2+ TB,55.00,-122,155,39.22,15.78,A+,"High — stats+savant+recent+BvP, posted lineup, limited or misaligned live markets",W,W,1.550,,,"2 H, 6 TB, 1 HR, 1 R, 1 RBI",betting_roi
2026-04-18,STL@HOU,Carlos Correa,HOU,HR,4.31,+2222,,,,D,"High — stats+savant+recent+BvP, posted lineup, limited or misaligned live markets",L,L,,,,"0 H, 0 TB, 0 HR, 0 R, 0 RBI",target_accuracy
2026-04-18,STL@HOU,Carlos Correa,HOU,2+ TB,25.50,+292,168,37.31,-11.81,C,"High — stats+savant+recent+BvP, posted lineup, limited or misaligned live markets",L,L,-1.000,,,"0 H, 0 TB, 0 HR, 0 R, 0 RBI",betting_roi
2026-04-18,STL@HOU,Christian Walker,HOU,HR,9.09,+1000,,,,B,"High — stats+savant+recent+BvP, posted lineup, limited or misaligned live markets",L,L,,,,"0 H, 0 TB, 0 HR, 0 R, 0 RBI",target_accuracy
2026-04-18,STL@HOU,Christian Walker,HOU,2+ TB,36.72,+172,125,44.44,-7.72,A,"High — stats+savant+recent+BvP, posted lineup, limited or misaligned live markets",L,L,-1.000,,,"0 H, 0 TB, 0 HR, 0 R, 0 RBI",betting_roi
2026-04-18,STL@HOU,Isaac Paredes,HOU,HR,0.40,+24900,,,,D,"High — stats+savant+recent+BvP, posted lineup, limited or misaligned live markets",L,L,,,,"0 H, 0 TB, 0 HR, 0 R, 0 RBI",target_accuracy
2026-04-18,STL@HOU,Isaac Paredes,HOU,2+ TB,6.00,+1567,162,38.17,-32.17,D,"High — stats+savant+recent+BvP, posted lineup, limited or misaligned live markets",L,L,-1.000,,,"0 H, 0 TB, 0 HR, 0 R, 0 RBI",betting_roi
2026-04-18,STL@HOU,Taylor Trammell,HOU,HR,2.04,+4812,,,,D,"Medium — stats+savant+recent+BvP, posted lineup, limited or misaligned live markets",L,L,,,,"1 H, 1 TB, 0 HR, 0 R, 0 RBI",target_accuracy
2026-04-18,STL@HOU,Taylor Trammell,HOU,2+ TB,20.06,+399,275,26.67,-6.61,C,"Medium — stats+savant+recent+BvP, posted lineup, limited or misaligned live markets",L,L,-1.000,,,"1 H, 1 TB, 0 HR, 0 R, 0 RBI",betting_roi
2026-04-18,STL@HOU,Cam Smith,HOU,HR,9.45,+958,,,,B,"High — stats+savant+recent+BvP, posted lineup, limited or misaligned live markets",L,L,,,,"0 H, 0 TB, 0 HR, 1 R, 0 RBI",target_accuracy
2026-04-18,STL@HOU,Cam Smith,HOU,2+ TB,40.02,+150,165,37.74,2.28,A+,"High — stats+savant+recent+BvP, posted lineup, limited or misaligned live markets",L,L,-1.000,,,"0 H, 0 TB, 0 HR, 1 R, 0 RBI",betting_roi
2026-04-18,STL@HOU,Christian Vázquez,HOU,HR,12.03,+731,,,,A,"Medium — stats+savant+recent+BvP, posted lineup, limited or misaligned live markets",L,L,,,,"0 H, 0 TB, 0 HR, 1 R, 0 RBI",target_accuracy
2026-04-18,STL@HOU,Christian Vázquez,HOU,2+ TB,52.72,-111,150,40.00,12.72,A+,"Medium — stats+savant+recent+BvP, posted lineup, limited or misaligned live markets",L,L,-1.000,,,"0 H, 0 TB, 0 HR, 1 R, 0 RBI",betting_roi
2026-04-18,STL@HOU,Shay Whitcomb,HOU,HR,8.07,+1139,,,,B,"Medium — stats+savant+recent+BvP, posted lineup, limited or misaligned live markets",W,W,,,,"1 H, 4 TB, 1 HR, 1 R, 3 RBI",target_accuracy
2026-04-18,STL@HOU,Shay Whitcomb,HOU,2+ TB,21.73,+360,200,33.33,-11.60,C,"Medium — stats+savant+recent+BvP, posted lineup, limited or misaligned live markets",W,W,2.000,,,"1 H, 4 TB, 1 HR, 1 R, 3 RBI",betting_roi
2026-04-18,TEX@SEA,Brandon Nimmo,TEX,HR,3.87,+2481,562,15.11,-11.24,D,"High — stats+savant+recent+BvP, posted lineup, live markets matched",L,L,-1.000,,,"1 H, 1 TB, 0 HR, 0 R, 0 RBI",betting_roi
2026-04-18,TEX@SEA,Brandon Nimmo,TEX,2+ TB,26.06,+284,145,40.82,-14.76,B,"High — stats+savant+recent+BvP, posted lineup, live markets matched",L,L,-1.000,,,"1 H, 1 TB, 0 HR, 0 R, 0 RBI",betting_roi
2026-04-18,TEX@SEA,Corey Seager,TEX,HR,4.46,+2141,360,21.74,-17.28,D,"High — stats+savant+recent+BvP, posted lineup, live markets matched",L,L,-1.000,,,"0 H, 0 TB, 0 HR, 0 R, 0 RBI",betting_roi
2026-04-18,TEX@SEA,Corey Seager,TEX,2+ TB,23.26,+330,130,43.48,-20.22,C,"High — stats+savant+recent+BvP, posted lineup, live markets matched",L,L,-1.000,,,"0 H, 0 TB, 0 HR, 0 R, 0 RBI",betting_roi
2026-04-18,TEX@SEA,Wyatt Langford,TEX,HR,0.40,+24900,628,13.74,-13.34,D,"High — stats+savant+recent+BvP, posted lineup, live markets matched",L,L,-1.000,,,"3 H, 4 TB, 0 HR, 1 R, 0 RBI",betting_roi
2026-04-18,TEX@SEA,Wyatt Langford,TEX,2+ TB,12.20,+719,157,38.91,-26.71,D,"High — stats+savant+recent+BvP, posted lineup, live markets matched",W,W,1.570,,,"3 H, 4 TB, 0 HR, 1 R, 0 RBI",betting_roi
2026-04-18,TEX@SEA,Jake Burger,TEX,HR,5.01,+1896,475,17.39,-12.38,D,"High — stats+savant+recent+BvP, posted lineup, live markets matched",L,L,-1.000,,,"0 H, 0 TB, 0 HR, 0 R, 0 RBI",betting_roi
2026-04-18,TEX@SEA,Jake Burger,TEX,2+ TB,24.73,+304,152,39.68,-14.95,C,"High — stats+savant+recent+BvP, posted lineup, live markets matched",L,L,-1.000,,,"0 H, 0 TB, 0 HR, 0 R, 0 RBI",betting_roi
2026-04-18,TEX@SEA,Joc Pederson,TEX,HR,0.40,+24900,550,15.38,-14.98,D,"High — stats+savant+recent+BvP, posted lineup, live markets matched",L,L,-1.000,,,"1 H, 1 TB, 0 HR, 0 R, 0 RBI",betting_roi
2026-04-18,TEX@SEA,Joc Pederson,TEX,2+ TB,12.91,+674,200,33.33,-20.42,D,"High — stats+savant+recent+BvP, posted lineup, live markets matched",L,L,-1.000,,,"1 H, 1 TB, 0 HR, 0 R, 0 RBI",betting_roi
2026-04-18,TEX@SEA,Josh Jung,TEX,HR,3.85,+2500,895,10.05,-6.20,D,"High — stats+savant+recent+BvP, posted lineup, live markets matched",W,W,8.950,,,"2 H, 5 TB, 1 HR, 1 R, 1 RBI",betting_roi
2026-04-18,TEX@SEA,Josh Jung,TEX,2+ TB,34.49,+190,195,33.90,0.59,A,"High — stats+savant+recent+BvP, posted lineup, live markets matched",W,W,1.950,,,"2 H, 5 TB, 1 HR, 1 R, 1 RBI",betting_roi
2026-04-18,TEX@SEA,Evan Carter,TEX,HR,0.46,+21643,805,11.05,-10.59,D,"High — stats+savant+recent+BvP, posted lineup, live markets matched",L,L,-1.000,,,"0 H, 0 TB, 0 HR, 0 R, 1 RBI",betting_roi
2026-04-18,TEX@SEA,Evan Carter,TEX,2+ TB,12.27,+715,202,33.11,-20.84,D,"High — stats+savant+recent+BvP, posted lineup, live markets matched",L,L,-1.000,,,"0 H, 0 TB, 0 HR, 0 R, 1 RBI",betting_roi
2026-04-18,TEX@SEA,Ezequiel Duran,TEX,HR,0.40,+24900,,,,D,"High — stats+savant+recent+BvP, posted lineup, no live markets",L,L,,,,"3 H, 4 TB, 0 HR, 0 R, 1 RBI",target_accuracy
2026-04-18,TEX@SEA,Ezequiel Duran,TEX,2+ TB,16.54,+505,,,,D,"High — stats+savant+recent+BvP, posted lineup, no live markets",W,W,,,,"3 H, 4 TB, 0 HR, 0 R, 1 RBI",target_accuracy
2026-04-18,TEX@SEA,Kyle Higashioka,TEX,HR,1.13,+8761,,,,D,"Medium — stats+savant+recent+BvP, posted lineup, no live markets",L,L,,,,"0 H, 0 TB, 0 HR, 0 R, 0 RBI",target_accuracy
2026-04-18,TEX@SEA,Kyle Higashioka,TEX,2+ TB,17.67,+466,,,,D,"Medium — stats+savant+recent+BvP, posted lineup, no live markets",L,L,,,,"0 H, 0 TB, 0 HR, 0 R, 0 RBI",target_accuracy
2026-04-18,TEX@SEA,J.P. Crawford,SEA,HR,0.40,+24900,,,,D,"High — stats+savant+recent+BvP, posted lineup, limited or misaligned live markets",L,L,,,,"2 H, 4 TB, 0 HR, 1 R, 0 RBI",target_accuracy
2026-04-18,TEX@SEA,J.P. Crawford,SEA,2+ TB,10.74,+831,227,30.58,-19.84,D,"High — stats+savant+recent+BvP, posted lineup, limited or misaligned live markets",W,W,2.270,,,"2 H, 4 TB, 0 HR, 1 R, 0 RBI",betting_roi
2026-04-18,TEX@SEA,Cal Raleigh,SEA,HR,0.85,+11720,,,,D,"High — stats+savant+recent+BvP, posted lineup, limited or misaligned live markets",L,L,,,,"0 H, 0 TB, 0 HR, 0 R, 0 RBI",target_accuracy
2026-04-18,TEX@SEA,Cal Raleigh,SEA,2+ TB,11.75,+751,146,40.65,-28.90,D,"High — stats+savant+recent+BvP, posted lineup, limited or misaligned live markets",L,L,-1.000,,,"0 H, 0 TB, 0 HR, 0 R, 0 RBI",betting_roi
2026-04-18,TEX@SEA,Julio Rodríguez,SEA,HR,1.06,+9348,,,,D,"High — stats+savant+recent+BvP, posted lineup, limited or misaligned live markets",L,L,,,,"1 H, 1 TB, 0 HR, 0 R, 1 RBI",target_accuracy
2026-04-18,TEX@SEA,Julio Rodríguez,SEA,2+ TB,18.69,+435,140,41.67,-22.98,D,"High — stats+savant+recent+BvP, posted lineup, limited or misaligned live markets",L,L,-1.000,,,"1 H, 1 TB, 0 HR, 0 R, 1 RBI",betting_roi
2026-04-18,TEX@SEA,Josh Naylor,SEA,HR,0.40,+24900,,,,D,"High — stats+savant+recent+BvP, posted lineup, limited or misaligned live markets",L,L,,,,"1 H, 1 TB, 0 HR, 0 R, 0 RBI",target_accuracy
2026-04-18,TEX@SEA,Josh Naylor,SEA,2+ TB,7.22,+1285,100,50.00,-42.78,D,"High — stats+savant+recent+BvP, posted lineup, limited or misaligned live markets",L,L,-1.000,,,"1 H, 1 TB, 0 HR, 0 R, 0 RBI",betting_roi
2026-04-18,TEX@SEA,Randy Arozarena,SEA,HR,0.40,+24900,,,,D,"High — stats+savant+recent+BvP, posted lineup, limited or misaligned live markets",L,L,,,,"1 H, 1 TB, 0 HR, 1 R, 0 RBI",target_accuracy
2026-04-18,TEX@SEA,Randy Arozarena,SEA,2+ TB,16.95,+490,182,35.46,-18.51,D,"High — stats+savant+recent+BvP, posted lineup, limited or misaligned live markets",L,L,-1.000,,,"1 H, 1 TB, 0 HR, 1 R, 0 RBI",betting_roi
2026-04-18,TEX@SEA,Luke Raley,SEA,HR,13.09,+664,,,,A,"High — stats+savant+recent+BvP, posted lineup, no live markets",W,W,,,,"1 H, 4 TB, 1 HR, 3 R, 1 RBI",target_accuracy
2026-04-18,TEX@SEA,Luke Raley,SEA,2+ TB,52.68,-111,,,,A+,"High — stats+savant+recent+BvP, posted lineup, no live markets",W,W,,,,"1 H, 4 TB, 1 HR, 3 R, 1 RBI",target_accuracy
2026-04-18,TEX@SEA,Dominic Canzone,SEA,HR,6.68,+1397,,,,C,"High — stats+savant+recent+BvP, posted lineup, no live markets",L,L,,,,"3 H, 4 TB, 0 HR, 1 R, 2 RBI",target_accuracy
2026-04-18,TEX@SEA,Dominic Canzone,SEA,2+ TB,28.27,+254,,,,B,"High — stats+savant+recent+BvP, posted lineup, no live markets",W,W,,,,"3 H, 4 TB, 0 HR, 1 R, 2 RBI",target_accuracy
2026-04-18,TEX@SEA,Cole Young,SEA,HR,0.40,+24900,,,,D,"High — stats+savant+recent+BvP, posted lineup, limited or misaligned live markets",L,L,,,,"2 H, 2 TB, 0 HR, 1 R, 2 RBI",target_accuracy
2026-04-18,TEX@SEA,Cole Young,SEA,2+ TB,9.39,+965,256,28.09,-18.70,D,"High — stats+savant+recent+BvP, posted lineup, limited or misaligned live markets",W,W,2.560,,,"2 H, 2 TB, 0 HR, 1 R, 2 RBI",betting_roi
2026-04-18,TEX@SEA,Leo Rivas,SEA,HR,0.40,+24900,,,,D,"High — stats+savant+recent+BvP, posted lineup, limited or misaligned live markets",L,L,,,,"0 H, 0 TB, 0 HR, 0 R, 1 RBI",target_accuracy
2026-04-18,TEX@SEA,Leo Rivas,SEA,2+ TB,6.00,+1567,295,25.32,-19.32,D,"High — stats+savant+recent+BvP, posted lineup, limited or misaligned live markets",L,L,-1.000,,,"0 H, 0 TB, 0 HR, 0 R, 1 RBI",betting_roi
2026-04-18,ATL@PHI,Ronald Acuña Jr.,ATL,HR,3.65,+2636,415,19.42,-15.77,D,"High — stats+savant+recent+BvP, posted lineup, live markets matched",L,L,-1.000,,,"1 H, 1 TB, 0 HR, 0 R, 0 RBI",betting_roi
2026-04-18,ATL@PHI,Ronald Acuña Jr.,ATL,2+ TB,29.87,+235,100,50.00,-20.13,B,"High — stats+savant+recent+BvP, posted lineup, live markets matched",L,L,-1.000,,,"1 H, 1 TB, 0 HR, 0 R, 0 RBI",betting_roi
2026-04-18,ATL@PHI,Drake Baldwin,ATL,HR,5.17,+1836,550,15.38,-10.21,D,"High — stats+savant+recent+BvP, posted lineup, live markets matched",L,L,-1.000,,,"1 H, 1 TB, 0 HR, 1 R, 0 RBI",betting_roi
2026-04-18,ATL@PHI,Drake Baldwin,ATL,2+ TB,32.91,+204,130,43.48,-10.57,A,"High — stats+savant+recent+BvP, posted lineup, live markets matched",L,L,-1.000,,,"1 H, 1 TB, 0 HR, 1 R, 0 RBI",betting_roi
2026-04-18,ATL@PHI,Ozzie Albies,ATL,HR,0.40,+24900,770,11.49,-11.09,D,"High — stats+savant+recent+BvP, posted lineup, live markets matched",L,L,-1.000,,,"2 H, 3 TB, 0 HR, 1 R, 0 RBI",betting_roi
2026-04-18,ATL@PHI,Ozzie Albies,ATL,2+ TB,14.10,+609,150,40.00,-25.90,D,"High — stats+savant+recent+BvP, posted lineup, live markets matched",W,W,1.500,,,"2 H, 3 TB, 0 HR, 1 R, 0 RBI",betting_roi
2026-04-18,ATL@PHI,Matt Olson,ATL,HR,9.68,+933,410,19.61,-9.93,B,"High — stats+savant+recent+BvP, posted lineup, live markets matched",L,L,-1.000,,,"1 H, 2 TB, 0 HR, 1 R, 0 RBI",betting_roi
2026-04-18,ATL@PHI,Matt Olson,ATL,2+ TB,42.55,+135,130,43.48,-0.93,A+,"High — stats+savant+recent+BvP, posted lineup, live markets matched",W,W,1.300,,,"1 H, 2 TB, 0 HR, 1 R, 0 RBI",betting_roi
2026-04-18,ATL@PHI,Austin Riley,ATL,HR,4.48,+2134,510,16.39,-11.91,D,"High — stats+savant+recent+BvP, posted lineup, live markets matched",L,L,-1.000,,,"2 H, 2 TB, 0 HR, 0 R, 1 RBI",betting_roi
2026-04-18,ATL@PHI,Austin Riley,ATL,2+ TB,27.96,+258,130,43.48,-15.52,B,"High — stats+savant+recent+BvP, posted lineup, live markets matched",W,W,1.300,,,"2 H, 2 TB, 0 HR, 0 R, 1 RBI",betting_roi
2026-04-18,ATL@PHI,Mauricio Dubón,ATL,HR,0.86,+11536,1075,8.51,-7.65,D,"High — stats+savant+recent+BvP, posted lineup, live markets matched",L,L,-1.000,,,"1 H, 1 TB, 0 HR, 0 R, 2 RBI",betting_roi
2026-04-18,ATL@PHI,Mauricio Dubón,ATL,2+ TB,20.96,+377,190,34.48,-13.52,C,"High — stats+savant+recent+BvP, posted lineup, live markets matched",L,L,-1.000,,,"1 H, 1 TB, 0 HR, 0 R, 2 RBI",betting_roi
2026-04-18,ATL@PHI,Eli White,ATL,HR,0.40,+24900,,,,D,"Medium — stats+savant+recent+BvP, posted lineup, no live markets",L,L,,,,"0 H, 0 TB, 0 HR, 0 R, 0 RBI",target_accuracy
2026-04-18,ATL@PHI,Eli White,ATL,2+ TB,6.00,+1567,,,,D,"Medium — stats+savant+recent+BvP, posted lineup, no live markets",L,L,,,,"0 H, 0 TB, 0 HR, 0 R, 0 RBI",target_accuracy
2026-04-18,ATL@PHI,Jonah Heim,ATL,HR,0.40,+24900,,,,D,"Medium — stats+savant+recent+BvP, posted lineup, no live markets",L,L,,,,"2 H, 3 TB, 0 HR, 0 R, 0 RBI",target_accuracy
2026-04-18,ATL@PHI,Jonah Heim,ATL,2+ TB,8.51,+1075,,,,D,"Medium — stats+savant+recent+BvP, posted lineup, no live markets",W,W,,,,"2 H, 3 TB, 0 HR, 0 R, 0 RBI",target_accuracy
2026-04-18,ATL@PHI,Jorge Mateo,ATL,HR,4.49,+2129,,,,D,"Medium — stats+savant+recent+BvP, posted lineup, no live markets",L,L,,,,"0 H, 0 TB, 0 HR, 0 R, 0 RBI",target_accuracy
2026-04-18,ATL@PHI,Jorge Mateo,ATL,2+ TB,37.16,+169,,,,A,"Medium — stats+savant+recent+BvP, posted lineup, no live markets",L,L,,,,"0 H, 0 TB, 0 HR, 0 R, 0 RBI",target_accuracy
2026-04-18,ATL@PHI,Trea Turner,PHI,HR,0.40,+24900,,,,D,"High — stats+savant+recent+BvP, posted lineup, limited or misaligned live markets",L,L,,,,"1 H, 1 TB, 0 HR, 0 R, 0 RBI",target_accuracy
2026-04-18,ATL@PHI,Trea Turner,PHI,2+ TB,12.67,+689,118,45.87,-33.20,D,"High — stats+savant+recent+BvP, posted lineup, limited or misaligned live markets",L,L,-1.000,,,"1 H, 1 TB, 0 HR, 0 R, 0 RBI",betting_roi
2026-04-18,ATL@PHI,Kyle Schwarber,PHI,HR,9.80,+921,,,,B,"High — stats+savant+recent+BvP, posted lineup, limited or misaligned live markets",L,L,,,,"1 H, 1 TB, 0 HR, 0 R, 0 RBI",target_accuracy
2026-04-18,ATL@PHI,Kyle Schwarber,PHI,2+ TB,36.82,+172,155,39.22,-2.40,A,"High — stats+savant+recent+BvP, posted lineup, limited or misaligned live markets",L,L,-1.000,,,"1 H, 1 TB, 0 HR, 0 R, 0 RBI",betting_roi
2026-04-18,ATL@PHI,Bryce Harper,PHI,HR,6.06,+1550,,,,C,"High — stats+savant+recent+BvP, posted lineup, limited or misaligned live markets",L,L,,,,"0 H, 0 TB, 0 HR, 0 R, 0 RBI",target_accuracy
2026-04-18,ATL@PHI,Bryce Harper,PHI,2+ TB,36.72,+172,125,44.44,-7.72,A,"High — stats+savant+recent+BvP, posted lineup, limited or misaligned live markets",L,L,-1.000,,,"0 H, 0 TB, 0 HR, 0 R, 0 RBI",betting_roi
2026-04-18,ATL@PHI,Adolis García,PHI,HR,1.69,+5822,,,,D,"High — stats+savant+recent+BvP, posted lineup, limited or misaligned live markets",L,L,,,,"0 H, 0 TB, 0 HR, 0 R, 0 RBI",target_accuracy
2026-04-18,ATL@PHI,Adolis García,PHI,2+ TB,15.04,+565,145,40.82,-25.78,D,"High — stats+savant+recent+BvP, posted lineup, limited or misaligned live markets",L,L,-1.000,,,"0 H, 0 TB, 0 HR, 0 R, 0 RBI",betting_roi
2026-04-18,ATL@PHI,J.T. Realmuto,PHI,HR,0.40,+24900,,,,D,"High — stats+savant+recent+BvP, posted lineup, no live markets",L,L,,,,"0 H, 0 TB, 0 HR, 0 R, 0 RBI",target_accuracy
2026-04-18,ATL@PHI,J.T. Realmuto,PHI,2+ TB,13.34,+649,,,,D,"High — stats+savant+recent+BvP, posted lineup, no live markets",L,L,,,,"0 H, 0 TB, 0 HR, 0 R, 0 RBI",target_accuracy
2026-04-18,ATL@PHI,Alec Bohm,PHI,HR,0.40,+24900,,,,D,"High — stats+savant+recent+BvP, posted lineup, limited or misaligned live markets",L,L,,,,"1 H, 1 TB, 0 HR, 0 R, 0 RBI",target_accuracy
2026-04-18,ATL@PHI,Alec Bohm,PHI,2+ TB,6.00,+1567,150,40.00,-34.00,D,"High — stats+savant+recent+BvP, posted lineup, limited or misaligned live markets",L,L,-1.000,,,"1 H, 1 TB, 0 HR, 0 R, 0 RBI",betting_roi
2026-04-18,ATL@PHI,Felix Reyes,PHI,HR,23.80,+320,,,,A+,"Low — stats+savant+recent+BvP, posted lineup, no live markets",W,W,,,,"1 H, 4 TB, 1 HR, 1 R, 1 RBI",target_accuracy
2026-04-18,ATL@PHI,Felix Reyes,PHI,2+ TB,55.00,-122,,,,A+,"Low — stats+savant+recent+BvP, posted lineup, no live markets",W,W,,,,"1 H, 4 TB, 1 HR, 1 R, 1 RBI",target_accuracy
2026-04-18,ATL@PHI,Edmundo Sosa,PHI,HR,2.27,+4297,,,,D,"Medium — stats+savant+recent+BvP, posted lineup, no live markets",L,L,,,,"1 H, 1 TB, 0 HR, 0 R, 0 RBI",target_accuracy
2026-04-18,ATL@PHI,Edmundo Sosa,PHI,2+ TB,22.76,+339,,,,C,"Medium — stats+savant+recent+BvP, posted lineup, no live markets",L,L,,,,"1 H, 1 TB, 0 HR, 0 R, 0 RBI",target_accuracy
2026-04-18,ATL@PHI,Brandon Marsh,PHI,HR,1.52,+6489,,,,D,"High — stats+savant+recent+BvP, posted lineup, limited or misaligned live markets",L,L,,,,"0 H, 0 TB, 0 HR, 0 R, 0 RBI",target_accuracy
2026-04-18,ATL@PHI,Brandon Marsh,PHI,2+ TB,22.39,+347,172,36.76,-14.37,C,"High — stats+savant+recent+BvP, posted lineup, limited or misaligned live markets",L,L,-1.000,,,"0 H, 0 TB, 0 HR, 0 R, 0 RBI",betting_roi
2026-04-18,LAD@COL,Shohei Ohtani,LAD,HR,16.30,+513,194,34.01,-17.71,A+,"High — stats+savant+recent+BvP, posted lineup, limited or misaligned live markets",L,L,-1.000,,,"1 H, 1 TB, 0 HR, 1 R, 0 RBI",betting_roi
2026-04-18,LAD@COL,Shohei Ohtani,LAD,2+ TB,53.12,-113,,,,A+,"High — stats+savant+recent+BvP, posted lineup, limited or misaligned live markets",L,L,,,,"1 H, 1 TB, 0 HR, 1 R, 0 RBI; market line 2.5 excluded from 2+ TB ROI",target_accuracy
2026-04-18,LAD@COL,Kyle Tucker,LAD,HR,7.48,+1237,410,19.61,-12.13,C,"High — stats+savant+recent+BvP, posted lineup, live markets matched",W,W,4.100,,,"3 H, 6 TB, 1 HR, 1 R, 2 RBI",betting_roi
2026-04-18,LAD@COL,Kyle Tucker,LAD,2+ TB,28.16,+255,-132,56.90,-28.74,B,"High — stats+savant+recent+BvP, posted lineup, live markets matched",W,W,0.758,,,"3 H, 6 TB, 1 HR, 1 R, 2 RBI",betting_roi
2026-04-18,LAD@COL,Andy Pages,LAD,HR,14.42,+593,480,17.24,-2.82,A+,"High — stats+savant+recent+BvP, posted lineup, live markets matched",L,L,-1.000,,,"0 H, 0 TB, 0 HR, 0 R, 0 RBI",betting_roi
2026-04-18,LAD@COL,Andy Pages,LAD,2+ TB,53.45,-115,-148,59.68,-6.23,A+,"High — stats+savant+recent+BvP, posted lineup, live markets matched",L,L,-1.000,,,"0 H, 0 TB, 0 HR, 0 R, 0 RBI",betting_roi
2026-04-18,LAD@COL,Freddie Freeman,LAD,HR,15.67,+538,,,,A+,"High — stats+savant+recent+BvP, posted lineup, limited or misaligned live markets",L,L,,,,"2 H, 4 TB, 0 HR, 0 R, 0 RBI",target_accuracy
2026-04-18,LAD@COL,Freddie Freeman,LAD,2+ TB,55.00,-122,150,40.00,15.00,A+,"High — stats+savant+recent+BvP, posted lineup, limited or misaligned live markets",W,W,1.500,,,"2 H, 4 TB, 0 HR, 0 R, 0 RBI",betting_roi
2026-04-18,LAD@COL,Teoscar Hernández,LAD,HR,13.15,+661,,,,A,"High — stats+savant+recent+BvP, posted lineup, limited or misaligned live markets",L,L,,,,"0 H, 0 TB, 0 HR, 0 R, 0 RBI",target_accuracy
2026-04-18,LAD@COL,Teoscar Hernández,LAD,2+ TB,45.14,+122,150,40.00,5.14,A+,"High — stats+savant+recent+BvP, posted lineup, limited or misaligned live markets",L,L,-1.000,,,"0 H, 0 TB, 0 HR, 0 R, 0 RBI",betting_roi
2026-04-18,LAD@COL,Max Muncy,LAD,HR,17.89,+459,300,25.00,-7.11,A+,"High — stats+savant+recent+BvP, posted lineup, live markets matched",L,L,-1.000,,,"0 H, 0 TB, 0 HR, 0 R, 0 RBI",betting_roi
2026-04-18,LAD@COL,Max Muncy,LAD,2+ TB,55.00,-122,-110,52.38,2.62,A+,"High — stats+savant+recent+BvP, posted lineup, live markets matched",L,L,-1.000,,,"0 H, 0 TB, 0 HR, 0 R, 0 RBI",betting_roi
2026-04-18,LAD@COL,Dalton Rushing,LAD,HR,25.00,+300,,,,A+,"Medium — stats+savant+recent+BvP, posted lineup, limited or misaligned live markets",W,W,,,,"1 H, 4 TB, 1 HR, 1 R, 1 RBI",target_accuracy
2026-04-18,LAD@COL,Dalton Rushing,LAD,2+ TB,55.00,-122,150,40.00,15.00,A+,"Medium — stats+savant+recent+BvP, posted lineup, limited or misaligned live markets",W,W,1.500,,,"1 H, 4 TB, 1 HR, 1 R, 1 RBI",betting_roi
2026-04-18,LAD@COL,Alex Freeland,LAD,HR,6.44,+1452,775,11.43,-4.99,C,"High — stats+savant+recent+BvP, posted lineup, live markets matched",L,L,-1.000,,,"0 H, 0 TB, 0 HR, 0 R, 0 RBI",betting_roi
2026-04-18,LAD@COL,Alex Freeland,LAD,2+ TB,23.27,+330,133,42.92,-19.65,C,"High — stats+savant+recent+BvP, posted lineup, live markets matched",L,L,-1.000,,,"0 H, 0 TB, 0 HR, 0 R, 0 RBI",betting_roi
2026-04-18,LAD@COL,Miguel Rojas,LAD,HR,6.19,+1516,,,,C,"Medium — stats+savant+recent+BvP, posted lineup, no live markets",L,L,,,,"0 H, 0 TB, 0 HR, 0 R, 0 RBI",target_accuracy
2026-04-18,LAD@COL,Miguel Rojas,LAD,2+ TB,31.90,+214,,,,B,"Medium — stats+savant+recent+BvP, posted lineup, no live markets",L,L,,,,"0 H, 0 TB, 0 HR, 0 R, 0 RBI",target_accuracy
2026-04-18,LAD@COL,Edouard Julien,COL,HR,4.20,+2283,,,,D,"High — stats+savant+recent+BvP, posted lineup, limited or misaligned live markets",L,L,,,,"0 H, 0 TB, 0 HR, 0 R, 0 RBI",target_accuracy
2026-04-18,LAD@COL,Edouard Julien,COL,2+ TB,25.33,+295,167,37.45,-12.12,C,"High — stats+savant+recent+BvP, posted lineup, limited or misaligned live markets",L,L,-1.000,,,"0 H, 0 TB, 0 HR, 0 R, 0 RBI",betting_roi
2026-04-18,LAD@COL,Mickey Moniak,COL,HR,11.42,+776,,,,A,"High — stats+savant+recent+BvP, posted lineup, limited or misaligned live markets",L,L,,,,"1 H, 2 TB, 0 HR, 1 R, 0 RBI",target_accuracy
2026-04-18,LAD@COL,Mickey Moniak,COL,2+ TB,38.31,+161,110,47.62,-9.31,A+,"High — stats+savant+recent+BvP, posted lineup, limited or misaligned live markets",W,W,1.100,,,"1 H, 2 TB, 0 HR, 1 R, 0 RBI",betting_roi
2026-04-18,LAD@COL,TJ Rumfield,COL,HR,2.57,+3795,,,,D,"High — stats+savant+recent+BvP, posted lineup, limited or misaligned live markets",L,L,,,,"1 H, 1 TB, 0 HR, 0 R, 1 RBI",target_accuracy
2026-04-18,LAD@COL,TJ Rumfield,COL,2+ TB,18.74,+434,134,42.74,-24.00,D,"High — stats+savant+recent+BvP, posted lineup, limited or misaligned live markets",L,L,-1.000,,,"1 H, 1 TB, 0 HR, 0 R, 1 RBI",betting_roi
2026-04-18,LAD@COL,Hunter Goodman,COL,HR,10.03,+897,,,,B,"High — stats+savant+recent+BvP, posted lineup, limited or misaligned live markets",L,L,,,,"1 H, 2 TB, 0 HR, 1 R, 0 RBI",target_accuracy
2026-04-18,LAD@COL,Hunter Goodman,COL,2+ TB,35.25,+184,113,46.95,-11.70,A,"High — stats+savant+recent+BvP, posted lineup, limited or misaligned live markets",W,W,1.130,,,"1 H, 2 TB, 0 HR, 1 R, 0 RBI",betting_roi
2026-04-18,LAD@COL,Ezequiel Tovar,COL,HR,2.96,+3275,,,,D,"High — stats+savant+recent+BvP, posted lineup, limited or misaligned live markets",L,L,,,,"1 H, 1 TB, 0 HR, 1 R, 0 RBI",target_accuracy
2026-04-18,LAD@COL,Ezequiel Tovar,COL,2+ TB,23.17,+332,150,40.00,-16.83,C,"High — stats+savant+recent+BvP, posted lineup, limited or misaligned live markets",L,L,-1.000,,,"1 H, 1 TB, 0 HR, 1 R, 0 RBI",betting_roi
2026-04-18,LAD@COL,Troy Johnston,COL,HR,3.91,+2457,,,,D,"High — stats+savant+recent+BvP, posted lineup, limited or misaligned live markets",L,L,,,,"3 H, 5 TB, 0 HR, 1 R, 2 RBI",target_accuracy
2026-04-18,LAD@COL,Troy Johnston,COL,2+ TB,26.22,+281,138,42.02,-15.80,B,"High — stats+savant+recent+BvP, posted lineup, limited or misaligned live markets",W,W,1.380,,,"3 H, 5 TB, 0 HR, 1 R, 2 RBI",betting_roi
2026-04-18,LAD@COL,Brenton Doyle,COL,HR,0.40,+24900,,,,D,"High — stats+savant+recent+BvP, posted lineup, limited or misaligned live markets",L,L,,,,"0 H, 0 TB, 0 HR, 0 R, 0 RBI",target_accuracy
2026-04-18,LAD@COL,Brenton Doyle,COL,2+ TB,12.47,+702,150,40.00,-27.53,D,"High — stats+savant+recent+BvP, posted lineup, limited or misaligned live markets",L,L,-1.000,,,"0 H, 0 TB, 0 HR, 0 R, 0 RBI",betting_roi
2026-04-18,LAD@COL,Kyle Karros,COL,HR,0.40,+24900,,,,D,"High — stats+savant+recent+BvP, posted lineup, limited or misaligned live markets",L,L,,,,"0 H, 0 TB, 0 HR, 0 R, 1 RBI",target_accuracy
2026-04-18,LAD@COL,Kyle Karros,COL,2+ TB,11.29,+786,186,34.97,-23.68,D,"High — stats+savant+recent+BvP, posted lineup, limited or misaligned live markets",L,L,-1.000,,,"0 H, 0 TB, 0 HR, 0 R, 1 RBI",betting_roi
2026-04-18,LAD@COL,Jordan Beck,COL,HR,0.40,+24900,,,,D,"Medium — stats+savant+recent+BvP, posted lineup, no live markets",L,L,,,,"0 H, 0 TB, 0 HR, 0 R, 0 RBI",target_accuracy
2026-04-18,LAD@COL,Jordan Beck,COL,2+ TB,6.00,+1567,,,,D,"Medium — stats+savant+recent+BvP, posted lineup, no live markets",L,L,,,,"0 H, 0 TB, 0 HR, 0 R, 0 RBI",target_accuracy
2026-04-18,TOR@AZ,Nathan Lukes,TOR,HR,0.40,+24900,950,9.52,-9.12,D,"Medium — stats+savant+recent+BvP, posted lineup, live markets matched",L,L,-1.000,,,"3 H, 3 TB, 0 HR, 1 R, 0 RBI",betting_roi
2026-04-18,TOR@AZ,Nathan Lukes,TOR,2+ TB,6.00,+1567,114,46.73,-40.73,D,"Medium — stats+savant+recent+BvP, posted lineup, live markets matched",W,W,1.140,,,"3 H, 3 TB, 0 HR, 1 R, 0 RBI",betting_roi
2026-04-18,TOR@AZ,Ernie Clement,TOR,HR,0.40,+24900,1060,8.62,-8.22,D,"High — stats+savant+recent+BvP, posted lineup, live markets matched",L,L,-1.000,,,"2 H, 3 TB, 0 HR, 0 R, 0 RBI",betting_roi
2026-04-18,TOR@AZ,Ernie Clement,TOR,2+ TB,18.42,+443,100,50.00,-31.58,D,"High — stats+savant+recent+BvP, posted lineup, live markets matched",W,W,1.000,,,"2 H, 3 TB, 0 HR, 0 R, 0 RBI",betting_roi
2026-04-18,TOR@AZ,Vladimir Guerrero Jr.,TOR,HR,6.23,+1506,425,19.05,-12.82,C,"High — stats+savant+recent+BvP, posted lineup, live markets matched",L,L,-1.000,,,"1 H, 1 TB, 0 HR, 0 R, 0 RBI",betting_roi
2026-04-18,TOR@AZ,Vladimir Guerrero Jr.,TOR,2+ TB,36.41,+175,-109,52.15,-15.74,A,"High — stats+savant+recent+BvP, posted lineup, live markets matched",L,L,-1.000,,,"1 H, 1 TB, 0 HR, 0 R, 0 RBI",betting_roi
2026-04-18,TOR@AZ,Jesús Sánchez,TOR,HR,5.97,+1574,510,16.39,-10.42,C,"High — stats+savant+recent+BvP, posted lineup, live markets matched",L,L,-1.000,,,"1 H, 1 TB, 0 HR, 0 R, 1 RBI",betting_roi
2026-04-18,TOR@AZ,Jesús Sánchez,TOR,2+ TB,34.74,+188,130,43.48,-8.74,A,"High — stats+savant+recent+BvP, posted lineup, live markets matched",L,L,-1.000,,,"1 H, 1 TB, 0 HR, 0 R, 1 RBI",betting_roi
2026-04-18,TOR@AZ,Eloy Jiménez,TOR,HR,0.66,+14957,500,16.67,-16.01,D,"Medium — stats+savant+recent+BvP, posted lineup, live markets matched",L,L,-1.000,,,"2 H, 2 TB, 0 HR, 1 R, 0 RBI",betting_roi
2026-04-18,TOR@AZ,Eloy Jiménez,TOR,2+ TB,15.03,+566,128,43.86,-28.83,D,"Medium — stats+savant+recent+BvP, posted lineup, live markets matched",W,W,1.280,,,"2 H, 2 TB, 0 HR, 1 R, 0 RBI",betting_roi
2026-04-18,TOR@AZ,Andrés Giménez,TOR,HR,3.23,+3001,1000,9.09,-5.86,D,"High — stats+savant+recent+BvP, posted lineup, live markets matched",L,L,-1.000,,,"0 H, 0 TB, 0 HR, 0 R, 0 RBI",betting_roi
2026-04-18,TOR@AZ,Andrés Giménez,TOR,2+ TB,23.72,+322,150,40.00,-16.28,C,"High — stats+savant+recent+BvP, posted lineup, live markets matched",L,L,-1.000,,,"0 H, 0 TB, 0 HR, 0 R, 0 RBI",betting_roi
2026-04-18,TOR@AZ,Kazuma Okamoto,TOR,HR,1.73,+5692,650,13.33,-11.60,D,"High — stats+savant+recent+BvP, posted lineup, live markets matched",L,L,-1.000,,,"2 H, 2 TB, 0 HR, 0 R, 1 RBI",betting_roi
2026-04-18,TOR@AZ,Kazuma Okamoto,TOR,2+ TB,12.12,+725,167,37.45,-25.33,D,"High — stats+savant+recent+BvP, posted lineup, live markets matched",W,W,1.670,,,"2 H, 2 TB, 0 HR, 0 R, 1 RBI",betting_roi
2026-04-18,TOR@AZ,Myles Straw,TOR,HR,8.32,+1101,1200,7.69,0.63,B,"Medium — stats+savant+recent+BvP, posted lineup, live markets matched",L,L,-1.000,,,"1 H, 1 TB, 0 HR, 0 R, 0 RBI",betting_roi
2026-04-18,TOR@AZ,Myles Straw,TOR,2+ TB,41.42,+141,206,32.68,8.74,A+,"Medium — stats+savant+recent+BvP, posted lineup, live markets matched",L,L,-1.000,,,"1 H, 1 TB, 0 HR, 0 R, 0 RBI",betting_roi
2026-04-18,TOR@AZ,Tyler Heineman,TOR,HR,0.40,+24900,,,,D,"Medium — stats+savant+recent+BvP, posted lineup, limited or misaligned live markets",L,L,,,,"0 H, 0 TB, 0 HR, 0 R, 0 RBI",target_accuracy
2026-04-18,TOR@AZ,Tyler Heineman,TOR,2+ TB,9.68,+933,350,22.22,-12.54,D,"Medium — stats+savant+recent+BvP, posted lineup, limited or misaligned live markets",L,L,-1.000,,,"0 H, 0 TB, 0 HR, 0 R, 0 RBI",betting_roi
2026-04-18,TOR@AZ,Ketel Marte,AZ,HR,9.86,+914,,,,B,"High — stats+savant+recent+BvP, posted lineup, limited or misaligned live markets",L,L,,,,"0 H, 0 TB, 0 HR, 1 R, 0 RBI",target_accuracy
2026-04-18,TOR@AZ,Ketel Marte,AZ,2+ TB,37.21,+169,118,45.87,-8.66,A,"High — stats+savant+recent+BvP, posted lineup, limited or misaligned live markets",L,L,-1.000,,,"0 H, 0 TB, 0 HR, 1 R, 0 RBI",betting_roi
2026-04-18,TOR@AZ,Corbin Carroll,AZ,HR,10.68,+836,,,,A,"High — stats+savant+recent+BvP, posted lineup, limited or misaligned live markets",W,W,,,,"1 H, 4 TB, 1 HR, 2 R, 4 RBI",target_accuracy
2026-04-18,TOR@AZ,Corbin Carroll,AZ,2+ TB,48.33,+107,120,45.45,2.88,A+,"High — stats+savant+recent+BvP, posted lineup, limited or misaligned live markets",W,W,1.200,,,"1 H, 4 TB, 1 HR, 2 R, 4 RBI",betting_roi
2026-04-18,TOR@AZ,Geraldo Perdomo,AZ,HR,1.32,+7497,,,,D,"High — stats+savant+recent+BvP, posted lineup, limited or misaligned live markets",L,L,,,,"3 H, 3 TB, 0 HR, 0 R, 1 RBI",target_accuracy
2026-04-18,TOR@AZ,Geraldo Perdomo,AZ,2+ TB,11.21,+792,150,40.00,-28.79,D,"High — stats+savant+recent+BvP, posted lineup, limited or misaligned live markets",W,W,1.500,,,"3 H, 3 TB, 0 HR, 0 R, 1 RBI",betting_roi
2026-04-18,TOR@AZ,Lourdes Gurriel Jr.,AZ,HR,0.40,+24900,,,,D,"Low — stats+savant+recent+BvP, posted lineup, limited or misaligned live markets",L,L,,,,"0 H, 0 TB, 0 HR, 0 R, 0 RBI",target_accuracy
2026-04-18,TOR@AZ,Lourdes Gurriel Jr.,AZ,2+ TB,6.00,+1567,115,46.51,-40.51,D,"Low — stats+savant+recent+BvP, posted lineup, limited or misaligned live markets",L,L,-1.000,,,"0 H, 0 TB, 0 HR, 0 R, 0 RBI",betting_roi
2026-04-18,TOR@AZ,Adrian Del Castillo,AZ,HR,9.25,+981,,,,B,"Medium — stats+savant+recent+BvP, posted lineup, limited or misaligned live markets",L,L,,,,"0 H, 0 TB, 0 HR, 0 R, 0 RBI",target_accuracy
2026-04-18,TOR@AZ,Adrian Del Castillo,AZ,2+ TB,40.89,+145,170,37.04,3.85,A+,"Medium — stats+savant+recent+BvP, posted lineup, limited or misaligned live markets",L,L,-1.000,,,"0 H, 0 TB, 0 HR, 0 R, 0 RBI",betting_roi
2026-04-18,TOR@AZ,Jose Fernandez,AZ,HR,5.92,+1588,,,,C,"High — stats+savant+recent+BvP, posted lineup, limited or misaligned live markets",L,L,,,,"1 H, 1 TB, 0 HR, 1 R, 0 RBI",target_accuracy
2026-04-18,TOR@AZ,Jose Fernandez,AZ,2+ TB,29.10,+244,152,39.68,-10.58,B,"High — stats+savant+recent+BvP, posted lineup, limited or misaligned live markets",L,L,-1.000,,,"1 H, 1 TB, 0 HR, 1 R, 0 RBI",betting_roi
2026-04-18,TOR@AZ,Nolan Arenado,AZ,HR,4.69,+2032,,,,D,"High — stats+savant+recent+BvP, posted lineup, limited or misaligned live markets",L,L,,,,"0 H, 0 TB, 0 HR, 0 R, 0 RBI",target_accuracy
2026-04-18,TOR@AZ,Nolan Arenado,AZ,2+ TB,21.41,+367,166,37.59,-16.18,C,"High — stats+savant+recent+BvP, posted lineup, limited or misaligned live markets",L,L,-1.000,,,"0 H, 0 TB, 0 HR, 0 R, 0 RBI",betting_roi
2026-04-18,TOR@AZ,Ildemaro Vargas,AZ,HR,8.89,+1025,,,,B,"High — stats+savant+recent+BvP, posted lineup, limited or misaligned live markets",L,L,,,,"1 H, 1 TB, 0 HR, 1 R, 0 RBI",target_accuracy
2026-04-18,TOR@AZ,Ildemaro Vargas,AZ,2+ TB,42.03,+138,168,37.31,4.72,A+,"High — stats+savant+recent+BvP, posted lineup, limited or misaligned live markets",L,L,-1.000,,,"1 H, 1 TB, 0 HR, 1 R, 0 RBI",betting_roi
2026-04-18,TOR@AZ,Alek Thomas,AZ,HR,3.26,+2963,,,,D,"High — stats+savant+recent+BvP, posted lineup, limited or misaligned live markets",L,L,,,,"2 H, 3 TB, 0 HR, 1 R, 1 RBI",target_accuracy
2026-04-18,TOR@AZ,Alek Thomas,AZ,2+ TB,16.27,+515,196,33.78,-17.51,D,"High — stats+savant+recent+BvP, posted lineup, limited or misaligned live markets",W,W,1.960,,,"2 H, 3 TB, 0 HR, 1 R, 1 RBI",betting_roi
2026-04-18,SD@LAA,Ramón Laureano,SD,HR,10.50,+853,438,18.59,-8.09,A,"High — stats+savant+recent+BvP, posted lineup, live markets matched",L,L,-1.000,,,"1 H, 1 TB, 0 HR, 0 R, 2 RBI",betting_roi
2026-04-18,SD@LAA,Ramón Laureano,SD,2+ TB,44.48,+125,-104,50.98,-6.50,A+,"High — stats+savant+recent+BvP, posted lineup, live markets matched",L,L,-1.000,,,"1 H, 1 TB, 0 HR, 0 R, 2 RBI",betting_roi
2026-04-18,SD@LAA,Fernando Tatis Jr.,SD,HR,8.00,+1149,405,19.80,-11.80,B,"High — stats+savant+recent+BvP, posted lineup, live markets matched",L,L,-1.000,,,"2 H, 2 TB, 0 HR, 0 R, 2 RBI",betting_roi
2026-04-18,SD@LAA,Fernando Tatis Jr.,SD,2+ TB,33.53,+198,110,47.62,-14.09,A,"High — stats+savant+recent+BvP, posted lineup, live markets matched",W,W,1.100,,,"2 H, 2 TB, 0 HR, 0 R, 2 RBI",betting_roi
2026-04-18,SD@LAA,Jackson Merrill,SD,HR,8.21,+1117,400,20.00,-11.79,B,"High — stats+savant+recent+BvP, posted lineup, live markets matched",L,L,-1.000,,,"0 H, 0 TB, 0 HR, 0 R, 0 RBI",betting_roi
2026-04-18,SD@LAA,Jackson Merrill,SD,2+ TB,36.32,+175,-2,1.96,34.36,A,"High — stats+savant+recent+BvP, posted lineup, live markets matched",L,L,-1.000,,,"0 H, 0 TB, 0 HR, 0 R, 0 RBI",betting_roi
2026-04-18,SD@LAA,Manny Machado,SD,HR,4.74,+2010,475,17.39,-12.65,D,"High — stats+savant+recent+BvP, posted lineup, live markets matched",L,L,-1.000,,,"0 H, 0 TB, 0 HR, 0 R, 0 RBI",betting_roi
2026-04-18,SD@LAA,Manny Machado,SD,2+ TB,22.10,+353,126,44.25,-22.15,C,"High — stats+savant+recent+BvP, posted lineup, live markets matched",L,L,-1.000,,,"0 H, 0 TB, 0 HR, 0 R, 0 RBI",betting_roi
2026-04-18,SD@LAA,Xander Bogaerts,SD,HR,9.34,+970,900,10.00,-0.66,B,"High — stats+savant+recent+BvP, posted lineup, live markets matched",L,L,-1.000,,,"1 H, 1 TB, 0 HR, 0 R, 0 RBI",betting_roi
2026-04-18,SD@LAA,Xander Bogaerts,SD,2+ TB,39.48,+153,135,42.55,-3.07,A+,"High — stats+savant+recent+BvP, posted lineup, live markets matched",L,L,-1.000,,,"1 H, 1 TB, 0 HR, 0 R, 0 RBI",betting_roi
2026-04-18,SD@LAA,Miguel Andujar,SD,HR,4.30,+2224,990,9.17,-4.87,D,"High — stats+savant+recent+BvP, posted lineup, live markets matched",L,L,-1.000,,,"2 H, 3 TB, 0 HR, 0 R, 0 RBI",betting_roi
2026-04-18,SD@LAA,Miguel Andujar,SD,2+ TB,33.29,+200,138,42.02,-8.73,A,"High — stats+savant+recent+BvP, posted lineup, live markets matched",W,W,1.380,,,"2 H, 3 TB, 0 HR, 0 R, 0 RBI",betting_roi
2026-04-18,SD@LAA,Ty France,SD,HR,6.06,+1550,,,,C,"Medium — stats+savant+recent+BvP, posted lineup, limited or misaligned live markets",L,L,,,,"0 H, 0 TB, 0 HR, 0 R, 0 RBI",target_accuracy
2026-04-18,SD@LAA,Ty France,SD,2+ TB,30.21,+231,150,40.00,-9.79,B,"Medium — stats+savant+recent+BvP, posted lineup, limited or misaligned live markets",L,L,-1.000,,,"0 H, 0 TB, 0 HR, 0 R, 0 RBI",betting_roi
2026-04-18,SD@LAA,Freddy Fermin,SD,HR,1.29,+7668,,,,D,"Medium — stats+savant+recent+BvP, posted lineup, limited or misaligned live markets",L,L,,,,"1 H, 1 TB, 0 HR, 2 R, 0 RBI",target_accuracy
2026-04-18,SD@LAA,Freddy Fermin,SD,2+ TB,14.17,+606,100,50.00,-35.83,D,"Medium — stats+savant+recent+BvP, posted lineup, limited or misaligned live markets",L,L,-1.000,,,"1 H, 1 TB, 0 HR, 2 R, 0 RBI",betting_roi
2026-04-18,SD@LAA,Jake Cronenworth,SD,HR,1.90,+5170,,,,D,"High — stats+savant+recent+BvP, posted lineup, limited or misaligned live markets",L,L,,,,"1 H, 1 TB, 0 HR, 1 R, 0 RBI",target_accuracy
2026-04-18,SD@LAA,Jake Cronenworth,SD,2+ TB,12.88,+677,150,40.00,-27.12,D,"High — stats+savant+recent+BvP, posted lineup, limited or misaligned live markets",L,L,-1.000,,,"1 H, 1 TB, 0 HR, 1 R, 0 RBI",betting_roi
2026-04-18,SD@LAA,Zach Neto,LAA,HR,8.42,+1088,,,,B,"High — stats+savant+recent+BvP, posted lineup, limited or misaligned live markets",L,L,,,,"1 H, 2 TB, 0 HR, 0 R, 0 RBI",target_accuracy
2026-04-18,SD@LAA,Zach Neto,LAA,2+ TB,34.12,+193,130,43.48,-9.36,A,"High — stats+savant+recent+BvP, posted lineup, limited or misaligned live markets",W,W,1.300,,,"1 H, 2 TB, 0 HR, 0 R, 0 RBI",betting_roi
2026-04-18,SD@LAA,Mike Trout,LAA,HR,17.07,+486,,,,A+,"High — stats+savant+recent+BvP, posted lineup, limited or misaligned live markets",L,L,,,,"1 H, 2 TB, 0 HR, 0 R, 0 RBI",target_accuracy
2026-04-18,SD@LAA,Mike Trout,LAA,2+ TB,55.00,-122,118,45.87,9.13,A+,"High — stats+savant+recent+BvP, posted lineup, limited or misaligned live markets",W,W,1.180,,,"1 H, 2 TB, 0 HR, 0 R, 0 RBI",betting_roi
2026-04-18,SD@LAA,Nolan Schanuel,LAA,HR,1.65,+5956,,,,D,"High — stats+savant+recent+BvP, posted lineup, limited or misaligned live markets",L,L,,,,"1 H, 1 TB, 0 HR, 0 R, 1 RBI",target_accuracy
2026-04-18,SD@LAA,Nolan Schanuel,LAA,2+ TB,14.62,+584,150,40.00,-25.38,D,"High — stats+savant+recent+BvP, posted lineup, limited or misaligned live markets",L,L,-1.000,,,"1 H, 1 TB, 0 HR, 0 R, 1 RBI",betting_roi
2026-04-18,SD@LAA,Jo Adell,LAA,HR,7.93,+1161,,,,B,"High — stats+savant+recent+BvP, posted lineup, limited or misaligned live markets",L,L,,,,"0 H, 0 TB, 0 HR, 0 R, 0 RBI",target_accuracy
2026-04-18,SD@LAA,Jo Adell,LAA,2+ TB,36.81,+172,140,41.67,-4.86,A,"High — stats+savant+recent+BvP, posted lineup, limited or misaligned live markets",L,L,-1.000,,,"0 H, 0 TB, 0 HR, 0 R, 0 RBI",betting_roi
2026-04-18,SD@LAA,Yoán Moncada,LAA,HR,6.55,+1427,,,,C,"High — stats+savant+recent+BvP, posted lineup, limited or misaligned live markets",L,L,,,,"1 H, 1 TB, 0 HR, 0 R, 0 RBI",target_accuracy
2026-04-18,SD@LAA,Yoán Moncada,LAA,2+ TB,23.74,+321,185,35.09,-11.35,C,"High — stats+savant+recent+BvP, posted lineup, limited or misaligned live markets",L,L,-1.000,,,"1 H, 1 TB, 0 HR, 0 R, 0 RBI",betting_roi
2026-04-18,SD@LAA,Oswald Peraza,LAA,HR,9.02,+1009,,,,B,"High — stats+savant+recent+BvP, posted lineup, limited or misaligned live markets",L,L,,,,"0 H, 0 TB, 0 HR, 0 R, 0 RBI",target_accuracy
2026-04-18,SD@LAA,Oswald Peraza,LAA,2+ TB,36.39,+175,50,66.67,-30.28,A,"High — stats+savant+recent+BvP, posted lineup, limited or misaligned live markets",L,L,-1.000,,,"0 H, 0 TB, 0 HR, 0 R, 0 RBI",betting_roi
2026-04-18,SD@LAA,Josh Lowe,LAA,HR,3.80,+2530,,,,D,"High — stats+savant+recent+BvP, posted lineup, limited or misaligned live markets",L,L,,,,"0 H, 0 TB, 0 HR, 0 R, 0 RBI",target_accuracy
2026-04-18,SD@LAA,Josh Lowe,LAA,2+ TB,16.07,+522,188,34.72,-18.65,D,"High — stats+savant+recent+BvP, posted lineup, limited or misaligned live markets",L,L,-1.000,,,"0 H, 0 TB, 0 HR, 0 R, 0 RBI",betting_roi
2026-04-18,SD@LAA,Logan O'Hoppe,LAA,HR,3.39,+2854,,,,D,"High — stats+savant+recent+BvP, posted lineup, limited or misaligned live markets",L,L,,,,"1 H, 1 TB, 0 HR, 1 R, 0 RBI",target_accuracy
2026-04-18,SD@LAA,Logan O'Hoppe,LAA,2+ TB,18.13,+452,150,40.00,-21.87,D,"High — stats+savant+recent+BvP, posted lineup, limited or misaligned live markets",L,L,-1.000,,,"1 H, 1 TB, 0 HR, 1 R, 0 RBI",betting_roi
2026-04-18,SD@LAA,Adam Frazier,LAA,HR,7.44,+1243,,,,C,"Medium — stats+savant+recent+BvP, posted lineup, limited or misaligned live markets",L,L,,,,"1 H, 1 TB, 0 HR, 0 R, 0 RBI",target_accuracy
2026-04-18,SD@LAA,Adam Frazier,LAA,2+ TB,39.87,+151,232,30.12,9.75,A+,"Medium — stats+savant+recent+BvP, posted lineup, limited or misaligned live markets",L,L,-1.000,,,"1 H, 1 TB, 0 HR, 0 R, 0 RBI",betting_roi
